"relative_path"	"bytes"	"sha256"
"00_START_HERE\01_PROJECT_STATE.md"	"2215"	"DA25C350ADD0C3328E6E1781A3F4E99ABD413E799A2D5567FCC35EF39D75F668"
"00_START_HERE\02_END_TO_END_WORKFLOW.md"	"3655"	"0C01BFD88537415BF0F6CF5CFA4C50EA5951F8BBFF16EC1CFF1AFB8B3EAD602F"
"00_START_HERE\03_DECISIONS_AND_RULES.md"	"1254"	"2B18272B85371C1F9FE2FB166054807DEE3C1400E3635E529D22310B2E4B5973"
"00_START_HERE\04_DOCKING_HANDOFF.md"	"2221"	"063D52CEFA7CC4A96B5CFCC7AEB25BF853544B2A20D8C2D592881801B54EFFD8"
"00_START_HERE\05_PATH_MAP.md"	"1204"	"9EBF4D32216FBE7EF9F120455B2EAF5A0D48044400CAB2CCB4226DD290110F09"
"00_START_HERE\06_PROMPT_FOR_NEW_CODEX_AGENT.md"	"1357"	"3F7E07B732B1E38BD504A76889E4D06717FB3C1862F8FCB404AD0621C71F4EE8"
"00_START_HERE\README_FIRST.md"	"1887"	"D467E636705788E20853A87E087CD02E82674C1E0B654034D0D1E61622A13141"
"00_START_HERE\VERIFY_HANDOFF.ps1"	"1158"	"903F7E77AA2A7568678AB60076CCECDEF9B39E3A3FC25A0791F5833F28E513AE"
"01_V7.2_FROZEN_DATABASE\01_release_tables\canonical_protein_membrane_class_v72.tsv.gz"	"123380"	"A67F77EAA9865DFD2EDF245720DFF6555E5C7D34A402B13BFBAFEB54E191C2BA"
"01_V7.2_FROZEN_DATABASE\01_release_tables\complex_assembly_v72.tsv.gz"	"91189"	"3320934D0AC28FD5EB3FA5D83B9A3DB7DBBB029AE2AABFE44A63827DAB2CB31B"
"01_V7.2_FROZEN_DATABASE\01_release_tables\complex_binding_evidence_v72.tsv.gz"	"841067"	"38006352E5AF26281F0AA94C288988310ED2D877FEE7D0A8F7DFF2265395E052"
"01_V7.2_FROZEN_DATABASE\01_release_tables\complex_component_v72.tsv.gz"	"510330"	"476ED5BFF4105383FE942A692C27ACFE28BC85E684F1281325E203C3DC7B23F7"
"01_V7.2_FROZEN_DATABASE\01_release_tables\complex_state_v72.tsv.gz"	"77043"	"8A488B8AF3CD12A006C7A34B75DAC9F39A94871CAE73373BFBB2EE0EC8228E5B"
"01_V7.2_FROZEN_DATABASE\01_release_tables\complex_stoichiometry_v72.tsv.gz"	"532011"	"8FA1BAD9EFECB970CFCA87D0E560538E046A043612A901FD22D316B027EF2313"
"01_V7.2_FROZEN_DATABASE\01_release_tables\compound_form_v72.tsv.gz"	"74582679"	"BA596AB062C87805223E75CE51EC06DA5501D089455A8A3702053562CD298077"
"01_V7.2_FROZEN_DATABASE\01_release_tables\compound_master_v72.tsv.gz"	"100662454"	"18D3950CC09458AB0F633413E90BB133DD08A0A9A0EBFE5D3566F95B1831BB85"
"01_V7.2_FROZEN_DATABASE\01_release_tables\contextual_negative_evidence_v72.tsv.gz"	"1089"	"22512A2B86C622E5AF65E5E310F02665075FFECAFDC4C1A0FAE4E558176A3163"
"01_V7.2_FROZEN_DATABASE\01_release_tables\disease_anatomical_system_v72.tsv.gz"	"114241"	"F76272CD288DC42C07C26ED4E8505BC25475A7E58C5A4188A6990DFEA8FAB21D"
"01_V7.2_FROZEN_DATABASE\01_release_tables\disease_anatomy_v72.tsv.gz"	"182927"	"650345AD77E556626B3D8381B0B4B9D3B2687C1C2C74D69E31534FC0027557D0"
"01_V7.2_FROZEN_DATABASE\01_release_tables\disease_entity_master_v72.tsv.gz"	"422517"	"1F5CCF8F328FB45141A1FDA10FCF08277507BFB1963E1ADE42A3F5F65AF3FECB"
"01_V7.2_FROZEN_DATABASE\01_release_tables\disease_hierarchy_v72.tsv.gz"	"221936"	"22266A1DD122B5CC8D417B8A3E9CD1496F98F1E93D5D562593F0A9DD5A397250"
"01_V7.2_FROZEN_DATABASE\01_release_tables\disease_source_entity_v72.tsv.gz"	"182103"	"B38A9C2C6115D8972312D9B378B0A685E51A4EB9FDAF1715E0B2DDE8DAB71840"
"01_V7.2_FROZEN_DATABASE\01_release_tables\disease_therapeutic_area_v72.tsv.gz"	"56760"	"363FE13525A3D7707302F7F13ED95A3C351C5EFF1F099CAFC342EA0D6D095365"
"01_V7.2_FROZEN_DATABASE\01_release_tables\disease_xref_mapping_v72.tsv.gz"	"329511"	"10D31BB954F7CB436B938022BA59CD5C5275B5CADC65BDA96E7DFBE38FD12951"
"01_V7.2_FROZEN_DATABASE\01_release_tables\evidence_conflict_v72.tsv.gz"	"323"	"BAC502C734E0043E10A18F541BF530FB4D7A04B580AAA3B228FFBF08DBA6A208"
"01_V7.2_FROZEN_DATABASE\01_release_tables\evidence_lineage_v72.tsv.gz"	"37112325"	"61101C92E4A87DF2F58E8994890894681A8A84DFC1F10BFB78AC0E936EAFB99B"
"01_V7.2_FROZEN_DATABASE\01_release_tables\evidence_target_entity_assignment_v72.tsv.gz"	"22488174"	"E1AE345007CECA96B1C0F7F9ED118E8685A7ED8AF00D50B49CEB1AA8F023DF73"
"01_V7.2_FROZEN_DATABASE\01_release_tables\expression_measurement_v72.tsv.gz"	"100815934"	"18E38F01D1CF65980C6FEEAB7E38990E737E471D98B9899A4B8D1C2DB57F4EA6"
"01_V7.2_FROZEN_DATABASE\01_release_tables\gene_membrane_summary_v72.tsv.gz"	"94757"	"35C2835C140FE6556F79C6CD16B9CE3DE80FA97EA64CC9C75B54A4C2E7462228"
"01_V7.2_FROZEN_DATABASE\01_release_tables\hpa_protein_coverage_state_v72.tsv"	"1269437"	"D9728F2D6077DB794EB687A510987C1F6C54C8380AFEB495499E5A4EFAB4A8CC"
"01_V7.2_FROZEN_DATABASE\01_release_tables\interaction_site_v72.tsv.gz"	"3992070"	"014A65406FDF931F2617A4920C35C95D0C5A093BD22329D69F714F66C7830D7C"
"01_V7.2_FROZEN_DATABASE\01_release_tables\isoform_membrane_class_v72.tsv.gz"	"510029"	"3231B6A3A266F4C3F10ACD2029CD501B426946142B8C8EB25799D485B2DE813A"
"01_V7.2_FROZEN_DATABASE\01_release_tables\positive_interaction_evidence_v72.tsv.gz"	"82597260"	"050DFDA5F824653B52BB6AF6C9C3687D3B7AD484EEC7DD7B2A42904618E9C8CB"
"01_V7.2_FROZEN_DATABASE\01_release_tables\processed_form_membrane_class_v72.tsv.gz"	"318694"	"5976633F10821D069E420FA41C577DD67326C071DF967129E2119826889E7D79"
"01_V7.2_FROZEN_DATABASE\01_release_tables\protein_complex_v72.tsv.gz"	"201080"	"BC7AB37463F67824222C4339FC02D487AAAECD4396933EE77455A7DF5F20732B"
"01_V7.2_FROZEN_DATABASE\01_release_tables\protein_compound_pair_v72.tsv.gz"	"10219499"	"EF85F9553123D1C2FEB7DEEBAA3D20BB210660BE2EBE3871F90AF73EBC2EA567"
"01_V7.2_FROZEN_DATABASE\01_release_tables\protein_cross_classification_summary_v72.tsv.gz"	"310019"	"D29835B24AEE25269C7E0159E7B461F68632BA854E87EB6954C7A7C821197CC3"
"01_V7.2_FROZEN_DATABASE\01_release_tables\protein_cross_classification_v72.tsv.gz"	"1763658"	"A87A24C3CB13E99B5F5819A22F3B23359D64CDE237D1047ECAE2ACBABD3E76CB"
"01_V7.2_FROZEN_DATABASE\01_release_tables\protein_disease_relation_v72.tsv.gz"	"586437"	"70137112FDD07FD9FEA9542BA7D5B8075C5D0347B9912F59276A795190DECD56"
"01_V7.2_FROZEN_DATABASE\01_release_tables\protein_master_v72.tsv.gz"	"4075459"	"9FD84EC081CB0605CCF0A4E294FAADFFAC747CF136CB384BF8BA59C564743BE4"
"01_V7.2_FROZEN_DATABASE\01_release_tables\protein_membrane_evidence_and_risk_v72.tsv.gz"	"56227"	"957F88F9FAE519B140282E1134861F517CDF30DAC284B6B7F22AA6C15C7433AB"
"01_V7.2_FROZEN_DATABASE\01_release_tables\source_registry_v72.tsv.gz"	"1359"	"BFB5D01AE2708B05213D702FA56E19664EAD14AAF23A263EE54385249627C060"
"01_V7.2_FROZEN_DATABASE\01_release_tables\state_dependent_membrane_association_v72.tsv.gz"	"241057"	"215BA483C3D108A3C6542D6A7A849213A49D6D772808EF0652DEC4921AAD6BB1"
"01_V7.2_FROZEN_DATABASE\01_release_tables\subcellular_localization_v72.tsv.gz"	"501204"	"037017DFADFAC27B3ECDD9FD72BD8CE03E8ECBBE35C44C3724CD255448D54919"
"01_V7.2_FROZEN_DATABASE\02_metadata\SHA256SUMS.tsv"	"4741"	"DE60A68AB162DE6D61BB7948E737B12D5ECB9BD69C249C77B4AD7DD9E2538197"
"01_V7.2_FROZEN_DATABASE\02_metadata\V711_BASELINE_MANIFEST.tsv"	"3883"	"9092C6E4F90610800507E3D4E0B7290BBEFB8C27EAA494EBC00473EC5384326F"
"01_V7.2_FROZEN_DATABASE\02_metadata\V72_MANIFEST.tsv"	"5043"	"280185F0BBE986B93FF7D1112B9B8AFBD95413C8CB38169D98CFA49B665F72C7"
"01_V7.2_FROZEN_DATABASE\02_metadata\V72_RELEASE_RULES.tsv"	"935"	"6AB769C12E1BF290919C6F1457E1DF09C6BEEA33C3C10784F0C59794D83E4AB2"
"01_V7.2_FROZEN_DATABASE\02_metadata\V72_TABLE_ROUTING.tsv"	"3443"	"CDBF9CEE5D91935F9516F57D5AD2485DE687610257925FD1DBF3485ED01EEED2"
"01_V7.2_FROZEN_DATABASE\03_QA\V72_VALIDATION_REPORT.json"	"1171"	"5DACD781AC4C8D3EF2A7A6D88270702725536CB6B0E1E871008444DDE04F7C8A"
"01_V7.2_FROZEN_DATABASE\FROZEN"	"166"	"FE20411BD23D0D2F2A500946FEEDF5A4F0845DDDF6D74A46FB268188272E2958"
"01_V7.2_FROZEN_DATABASE\RELEASE_INFO.json"	"413"	"311B5ABF9A2FB48D3F868363AFE1296815646DC47326C8EF27A67D6A6D116200"
"02_WEB_PLANNING\MemPro_V7.2_FIVE_AXIS_LABELS.tsv"	"576063"	"E71FD9C3F2DBACA68527A10ABA40810B62372CBA7FBBD38E997A4C65482348B9"
"02_WEB_PLANNING\MemPro_V7.2_TABLE_SCHEMA_CATALOG.tsv"	"87552"	"CB4E6FDC5CFEC0D7A27C7A6368A4F4517A9C1183188379E434240BF196858B82"
"02_WEB_PLANNING\MemPro_V7.2_WEB_DATABASE_PLAN_CN.md"	"6931"	"DC04498D7DEC23775C7F221F3B67E441C7A323FD47E575DFEAD97A6242B06322"
"02_WEB_PLANNING\MemPro_V7.2_WEB_FILTER_TAXONOMY.tsv"	"39442"	"342251F0AEB46ABD8DF69DF07EC2773910BE1A1664C4692EA0471B4EDE153B8D"
"03_FIGURES_AND_PPT\00_配套讲稿_MemPro_V6.3.1_M1-M8逐图讲稿.txt"	"14929"	"819D691B7704CEA95A02590B7674ED4EDC0CB808D547AFC5D8FB6091B2AFC256"
"03_FIGURES_AND_PPT\00_最终使用_MemPro_V6.3.1_M1-M8原图讲解终版.pptx"	"23914790"	"9322EF6BFBD2151902DB0389586EB4ECDFA2082BFD09710E746EBA18DA818CA1"
"03_FIGURES_AND_PPT\00_最终使用_MemPro_V6.3.1_数据重绘一致版.pptx"	"4925886"	"E888E6740FB2A1C8F9E9B5879E466CD9628AF26569AB547748A0572A2BAB708B"
"03_FIGURES_AND_PPT\01_MemPro_V6.3.1_最终汇报_M1-M8完整图版.pptx"	"12714165"	"A754E9FD8C811E4EE8A57B28AE4CB1389ED8478BA3B4BBDEC4DF147BFBF7C1CB"
"03_FIGURES_AND_PPT\M1-M8彻底重绘审校版_20260814\assets\human_anatomy_base_v1.png"	"1282903"	"9ABFDB01F79E0B905EA0C33773886BEA248AF1AAA8C7B207955FEA6A92C2E659"
"03_FIGURES_AND_PPT\M1-M8彻底重绘审校版_20260814\FIGURE_DESIGN_README.md"	"3750"	"CF0AD9B18316BD7F8D55D230D4F0CDB0D01DBD3DE956AD17F85E2A853A7E0404"
"03_FIGURES_AND_PPT\M1-M8彻底重绘审校版_20260814\figures\pdf\M1_clean_story.pdf"	"57209"	"70A3F28E95ADE1955EB23D21CA0BC36634B54F6F067ED9F752C9E0FBEDE9FEB4"
"03_FIGURES_AND_PPT\M1-M8彻底重绘审校版_20260814\figures\pdf\M2_clean_story.pdf"	"58291"	"843843032E791C6E4FA148401AB685455B20DE76CDAB7B060F47F6F5AAAEFD35"
"03_FIGURES_AND_PPT\M1-M8彻底重绘审校版_20260814\figures\pdf\M3_clean_story.pdf"	"285025"	"F60ACDC400FED7EBB384531E2C6523FF42C6B39A6B64DC13EB8850309639E61B"
"03_FIGURES_AND_PPT\M1-M8彻底重绘审校版_20260814\figures\pdf\M4_clean_story.pdf"	"286929"	"E029446D2CDBE357355DC846F1B3EA06965781D09ADB279683767F46A424E6D9"
"03_FIGURES_AND_PPT\M1-M8彻底重绘审校版_20260814\figures\pdf\M5_clean_story.pdf"	"88838"	"34B88ECC167FE97D5CCB15DA61FD31F0A4EDD92FDAB089719FEAF84B715634E7"
"03_FIGURES_AND_PPT\M1-M8彻底重绘审校版_20260814\figures\pdf\M6_clean_story.pdf"	"59480"	"9BA77CD51D9BADBB7C8BD15D84B2FD01398AAA0D705B690E7B32B7A4F676F649"
"03_FIGURES_AND_PPT\M1-M8彻底重绘审校版_20260814\figures\pdf\M7_clean_story.pdf"	"56752"	"3D494506F6118676D426E6992CF3C2E3D038D3D590864CE97855A4CA8E746BB3"
"03_FIGURES_AND_PPT\M1-M8彻底重绘审校版_20260814\figures\pdf\M8_clean_story.pdf"	"57165"	"8F128495F46D3208255454DBC00B06682A9D3ADAB3768F9F68AE97A7A0AF407B"
"03_FIGURES_AND_PPT\M1-M8彻底重绘审校版_20260814\figures\png\M1_clean_story.png"	"677848"	"88042DDA4FFF635A5B4D0D3163B827BC081F1A2D7F7A6525CDAE629E48DA4B15"
"03_FIGURES_AND_PPT\M1-M8彻底重绘审校版_20260814\figures\png\M2_clean_story.png"	"625733"	"DF433FC490175F3F59FAE0134720768F6B3E5A390558CAA84FBFD6787505EE68"
"03_FIGURES_AND_PPT\M1-M8彻底重绘审校版_20260814\figures\png\M3_clean_story.png"	"3008975"	"BD67FEEB66081EDD6054D6CE80DA67ECBC7CD6390EA58D874B40476E16FD4491"
"03_FIGURES_AND_PPT\M1-M8彻底重绘审校版_20260814\figures\png\M4_clean_story.png"	"2961473"	"D45AC0FE588D974140092BEBDB291EF089D2FEFFAF61EEF6EE2F9B800F4DCB51"
"03_FIGURES_AND_PPT\M1-M8彻底重绘审校版_20260814\figures\png\M5_clean_story.png"	"647908"	"01EDAE268AE12ED375483E275214D55350D1678BA95F79304DCDA5C2C87E904F"
"03_FIGURES_AND_PPT\M1-M8彻底重绘审校版_20260814\figures\png\M6_clean_story.png"	"680277"	"6B4609A1D34C49074A62EC4F4CFAAFC222C9B8B5CA2066D047479834BBA5CA27"
"03_FIGURES_AND_PPT\M1-M8彻底重绘审校版_20260814\figures\png\M7_clean_story.png"	"462349"	"D10F06CDEF8B29EB778557C1D408875FE84E715C3EDBE63975809E26662145ED"
"03_FIGURES_AND_PPT\M1-M8彻底重绘审校版_20260814\figures\png\M8_clean_story.png"	"525090"	"79594067B5FB2F28CB540CB9CADE91C27D5AAFAD688AF6CAE86AF1F95E2232E0"
"03_FIGURES_AND_PPT\M1-M8彻底重绘审校版_20260814\figures\svg\M1_clean_story.svg"	"35112"	"F9E4C4DE1EC2FA52E99F0077A1BD2CAAD413A8CCDB8DCC68B54D3E4CF283251E"
"03_FIGURES_AND_PPT\M1-M8彻底重绘审校版_20260814\figures\svg\M2_clean_story.svg"	"37437"	"5673062EF202F6E3B58ED9F6613266EA102849D7F5CE9411965832EA2C6AE992"
"03_FIGURES_AND_PPT\M1-M8彻底重绘审校版_20260814\figures\svg\M3_clean_story.svg"	"369887"	"330C089533D244470A6513C9E005C21A3C0DDC9FF9FEBFDB6D3EBC61A798A586"
"03_FIGURES_AND_PPT\M1-M8彻底重绘审校版_20260814\figures\svg\M4_clean_story.svg"	"370962"	"5BB20296302D5B40A64B40918F76D8F2743E713348C14E64EBF5C58FC75FE226"
"03_FIGURES_AND_PPT\M1-M8彻底重绘审校版_20260814\figures\svg\M5_clean_story.svg"	"137151"	"03D45A697FDC09E868D53622364355BC516063618A9C5001033370D5CA58DE82"
"03_FIGURES_AND_PPT\M1-M8彻底重绘审校版_20260814\figures\svg\M6_clean_story.svg"	"36142"	"F615122A2BDC104CBDD73501723BC977F7F74BAF304946CBBD3AD4B2E6B82E9A"
"03_FIGURES_AND_PPT\M1-M8彻底重绘审校版_20260814\figures\svg\M7_clean_story.svg"	"29296"	"8FB5457F62355B925D17A3E8916660B4CC3A211E8D63C9902D6DEAABC7E22E0A"
"03_FIGURES_AND_PPT\M1-M8彻底重绘审校版_20260814\figures\svg\M8_clean_story.svg"	"21451"	"436265B263A8009CBA2807DE1E155592D630181FD073927EE4FF4F6FFEC0FA6D"
"03_FIGURES_AND_PPT\M1-M8彻底重绘审校版_20260814\QA\M1-M8_contact_sheet.png"	"1040227"	"63256BCB1B2EA5203B6C2348F6C96F3507A7FFD0400862EAEAD09E285AA2DCE1"
"03_FIGURES_AND_PPT\M1-M8彻底重绘审校版_20260814\scripts\build_clean_m1_m8.py"	"21853"	"852A99EB0D4D61BFFF88BB8F18951FA4911BAF65254A6598DD26E16FDCDEA749"
"03_FIGURES_AND_PPT\M1-M8彻底重绘审校版_20260814\scripts\run_mempro_redraw_final.py"	"1336"	"16ED30796FD58FCAF575B66B01BBB64BE8688F421BA7E495823CE7827530CD39"
"03_FIGURES_AND_PPT\M1-M8新叙事版_20260814\assets\human_anatomy_base_v1.png"	"1282903"	"9ABFDB01F79E0B905EA0C33773886BEA248AF1AAA8C7B207955FEA6A92C2E659"
"03_FIGURES_AND_PPT\M1-M8新叙事版_20260814\data\M3_cell_type_expression_summary_v711.tsv"	"7912"	"D749FB9B86D4C5EA5B1A70195B0A00354FFE1E2BE74890428E4930B366250D2A"
"03_FIGURES_AND_PPT\M1-M8新叙事版_20260814\data\M3_expression_breadth_v711.tsv"	"80717"	"C3CEAA6008F6A8CFCD39E1CF8A7ADB37611B855EC97893D47C1A4947E07638C5"
"03_FIGURES_AND_PPT\M1-M8新叙事版_20260814\data\M3_missingness_v711.tsv"	"113"	"EE8D2A34FA543C2A57B39549562CFC62A1646460DF4A1839CEE7B57CB3AB93C7"
"03_FIGURES_AND_PPT\M1-M8新叙事版_20260814\data\M3_organ_expression_summary_v711.tsv"	"1107"	"1A0098F9942AF22D7BB10A3483AE273C3DDBE010B0D2D8D88BF114891CCE5B5D"
"03_FIGURES_AND_PPT\M1-M8新叙事版_20260814\data\M3_tissue_expression_summary_v711.tsv"	"3695"	"200D570FA9B897BB3CC20A9A87853BA0370DB0672A19B3452F85EB2E73A8BDE5"
"03_FIGURES_AND_PPT\M1-M8新叙事版_20260814\data\M4_evidence_channel_counts_v711.tsv"	"171"	"20B2D6716C6BD44132038D1DFBA20E2189CC2F17723C44D606A5F13AF353AEB0"
"03_FIGURES_AND_PPT\M1-M8新叙事版_20260814\data\M4_organ_disease_burden_v711.tsv"	"129"	"32D81FC2E34F94D8925B2D8919206AE0523B17BC2555AA4A8B9A1308C33012DC"
"03_FIGURES_AND_PPT\M1-M8新叙事版_20260814\data\M4_system_evidence_matrix_v711.tsv"	"528"	"1175118B85B5D75A7197F99DEC37B1BDA1F753EEA8DF5F7D9D5FB75CA0A90B91"
"03_FIGURES_AND_PPT\M1-M8新叙事版_20260814\FIGURE_DESIGN_README.md"	"3750"	"CF0AD9B18316BD7F8D55D230D4F0CDB0D01DBD3DE956AD17F85E2A853A7E0404"
"03_FIGURES_AND_PPT\M1-M8新叙事版_20260814\figures\M3_expression_localization_atlas_story_v711.pdf"	"240429"	"3412533DFA7424028F7A85A156B2FEA5B7AD7D1FA09D7DB6678A3FDFC90F653A"
"03_FIGURES_AND_PPT\M1-M8新叙事版_20260814\figures\M3_expression_localization_atlas_story_v711.png"	"4489657"	"11F9353468053755F0B8B5C53E6D20B5D1248DB7AB22C5E8017C0B118678DF62"
"03_FIGURES_AND_PPT\M1-M8新叙事版_20260814\figures\M3_expression_localization_atlas_story_v711.svg"	"509992"	"C18AE5F8FFC7481C55CF8B8D77DBB365AF533EF136AE7A63217E7438D05D72F5"
"03_FIGURES_AND_PPT\M1-M8新叙事版_20260814\figures\M4_disease_association_landscape_story_v711.pdf"	"69781"	"A81B1DF866A385C41AF53301C238CD576D10E8A8A1F5E414C1F2B41B50AE82C8"
"03_FIGURES_AND_PPT\M1-M8新叙事版_20260814\figures\M4_disease_association_landscape_story_v711.png"	"3726418"	"0E7C91DB21510E5E075D6D0DD3EAFF5161B0DFA762E4A90DFA3E41DB23B26CE5"
"03_FIGURES_AND_PPT\M1-M8新叙事版_20260814\figures\M4_disease_association_landscape_story_v711.svg"	"330420"	"9C11B08D00D6434B65369602D97C1826CD303C29EEDBCF11FCCEE8520B71FC72"
"03_FIGURES_AND_PPT\M1-M8新叙事版_20260814\scripts\build_m3_m4_story_maps.py"	"16967"	"48ADF8E3A527B386F86A4CE0B7C5FA0815E356CA53A8CCF043E24C0E52305489"
"03_FIGURES_AND_PPT\M1-M8新叙事终版_20260814\01_figures\pdf\M1_V711_architecture_scale_sources.pdf"	"60033"	"1E2E863F71BEB3885D912891A9BFD402FD09E2E6C59F9CADC95172E31A2F97FF"
"03_FIGURES_AND_PPT\M1-M8新叙事终版_20260814\01_figures\pdf\M2_V711_membrane_proteome_five_axis.pdf"	"59737"	"41F537F6B6D6CA1130F4D9B41CD6FA81535D867D757129ACA6C8DFC726200132"
"03_FIGURES_AND_PPT\M1-M8新叙事终版_20260814\01_figures\pdf\M3_V711_expression_localization_story.pdf"	"240429"	"1C1380EE6243ECECF2B329292F4985A41A4CE785EA6AC9FD694CC68EF0018E16"
"03_FIGURES_AND_PPT\M1-M8新叙事终版_20260814\01_figures\pdf\M4_V711_disease_anatomy_story.pdf"	"69781"	"08760907E921168C02376598E62F2BE5BDA74645A616448F518E640F259CC877"
"03_FIGURES_AND_PPT\M1-M8新叙事终版_20260814\01_figures\pdf\M5_V711_compound_upset_structure_properties.pdf"	"71478"	"98150E58BD445EEF6FBD3764FEEA1278E0046105501A99F76CE356D9332480CA"
"03_FIGURES_AND_PPT\M1-M8新叙事终版_20260814\01_figures\pdf\M6_V711_binding_sites_alluvial_docking.pdf"	"61498"	"245180FE4EE1470A51176FF0856671E394A948F74A230AA8388534D8EB63E295"
"03_FIGURES_AND_PPT\M1-M8新叙事终版_20260814\01_figures\pdf\M7_V711_lineage_negative_QA.pdf"	"56137"	"A509007E41947B057CA60A4EA75A927AD885C2708A4C5B1BF9CF6B3A14CB809D"
"03_FIGURES_AND_PPT\M1-M8新叙事终版_20260814\01_figures\pdf\M8_V711_release_docking_readiness.pdf"	"53192"	"663F58D9BCC03CA79BAF9192E9BFD3911FB324B57B053BF79FD4F89EB563AA47"
"03_FIGURES_AND_PPT\M1-M8新叙事终版_20260814\01_figures\png\M1_V711_architecture_scale_sources.png"	"508576"	"C857457EB65B6B68C06833C22B3D804D31A4275E142646C21487B45E83585609"
"03_FIGURES_AND_PPT\M1-M8新叙事终版_20260814\01_figures\png\M2_V711_membrane_proteome_five_axis.png"	"477689"	"1A0B62E78A4FEFF2283E07CAE6F7B134E5BC5F445716E42B7DA109D64E919051"
"03_FIGURES_AND_PPT\M1-M8新叙事终版_20260814\01_figures\png\M3_V711_expression_localization_story.png"	"4489657"	"11F9353468053755F0B8B5C53E6D20B5D1248DB7AB22C5E8017C0B118678DF62"
"03_FIGURES_AND_PPT\M1-M8新叙事终版_20260814\01_figures\png\M4_V711_disease_anatomy_story.png"	"3726418"	"0E7C91DB21510E5E075D6D0DD3EAFF5161B0DFA762E4A90DFA3E41DB23B26CE5"
"03_FIGURES_AND_PPT\M1-M8新叙事终版_20260814\01_figures\png\M5_V711_compound_upset_structure_properties.png"	"540721"	"7ACE760359A20120E09A23C592D0DF73F7C7B8449F12333D43A50BABA55B379D"
"03_FIGURES_AND_PPT\M1-M8新叙事终版_20260814\01_figures\png\M6_V711_binding_sites_alluvial_docking.png"	"539406"	"D5EAC2B70AA101AFCC5EB07F4B1E6561719A392564D737EF21EBF84352F37EBB"
"03_FIGURES_AND_PPT\M1-M8新叙事终版_20260814\01_figures\png\M7_V711_lineage_negative_QA.png"	"375987"	"E3260A7B96A16014B8C2DC63AA69A28994C76FC838ABC7CE222F603D573E5373"
"03_FIGURES_AND_PPT\M1-M8新叙事终版_20260814\01_figures\png\M8_V711_release_docking_readiness.png"	"365730"	"74EC824B4C75FD800051FC62EEDF69145C64152579EB9442FF7AA2FAD5A68CCE"
"03_FIGURES_AND_PPT\M1-M8新叙事终版_20260814\01_figures\svg\M1_V711_architecture_scale_sources.svg"	"38387"	"645489C3D795428669352BFB36406C60E9F6911185C1077BBA7081237B5BC93A"
"03_FIGURES_AND_PPT\M1-M8新叙事终版_20260814\01_figures\svg\M2_V711_membrane_proteome_five_axis.svg"	"41547"	"34F03A1E35AD410F8D54EB8B27DBDA466576765AF368C7866EE8DF9D964B4F54"
"03_FIGURES_AND_PPT\M1-M8新叙事终版_20260814\01_figures\svg\M3_V711_expression_localization_story.svg"	"509992"	"580B326C5C99F2F946D204561FB98DE73104E665D8DA04D6BDD86DBC3E92A91E"
"03_FIGURES_AND_PPT\M1-M8新叙事终版_20260814\01_figures\svg\M4_V711_disease_anatomy_story.svg"	"330420"	"DBAA83D357F0E2EA22E945980CC93F1EB83D8C9B79232DB7653DD9680EB7DFD1"
"03_FIGURES_AND_PPT\M1-M8新叙事终版_20260814\01_figures\svg\M5_V711_compound_upset_structure_properties.svg"	"84515"	"DDDEC0F0F6BEB056A8E928D27CE2FBFFA37AAB41F220565343F8E668AD4B78EF"
"03_FIGURES_AND_PPT\M1-M8新叙事终版_20260814\01_figures\svg\M6_V711_binding_sites_alluvial_docking.svg"	"31014"	"03DA3A84A3FB16E04A4E37D16119F53747E668AC662A2FB11EEED992E7EF0F2B"
"03_FIGURES_AND_PPT\M1-M8新叙事终版_20260814\01_figures\svg\M7_V711_lineage_negative_QA.svg"	"27917"	"A6CBA38492270C08590B389850D1A158D04AB9206DF6C5D2847073088C69E403"
"03_FIGURES_AND_PPT\M1-M8新叙事终版_20260814\01_figures\svg\M8_V711_release_docking_readiness.svg"	"20480"	"8F2AFDD2A8BE6EF9A344C65E79E189BFB1191FBE69669199EEDCFDD02E90086F"
"03_FIGURES_AND_PPT\M1-M8新叙事终版_20260814\02_plotting_data\M3_cell_type_expression_summary_v711.tsv"	"7912"	"D749FB9B86D4C5EA5B1A70195B0A00354FFE1E2BE74890428E4930B366250D2A"
"03_FIGURES_AND_PPT\M1-M8新叙事终版_20260814\02_plotting_data\M3_expression_breadth_v711.tsv"	"80717"	"CA4320C08BD832EF11BDD1EF454EDE7A02C95E75B5E1BE3121BBCECA5CA8906F"
"03_FIGURES_AND_PPT\M1-M8新叙事终版_20260814\02_plotting_data\M3_missingness_v711.tsv"	"113"	"EE8D2A34FA543C2A57B39549562CFC62A1646460DF4A1839CEE7B57CB3AB93C7"
"03_FIGURES_AND_PPT\M1-M8新叙事终版_20260814\02_plotting_data\M3_organ_expression_summary_v711.tsv"	"1107"	"1A0098F9942AF22D7BB10A3483AE273C3DDBE010B0D2D8D88BF114891CCE5B5D"
"03_FIGURES_AND_PPT\M1-M8新叙事终版_20260814\02_plotting_data\M3_tissue_expression_summary_v711.tsv"	"3695"	"200D570FA9B897BB3CC20A9A87853BA0370DB0672A19B3452F85EB2E73A8BDE5"
"03_FIGURES_AND_PPT\M1-M8新叙事终版_20260814\02_plotting_data\M4_evidence_channel_counts_v711.tsv"	"171"	"20B2D6716C6BD44132038D1DFBA20E2189CC2F17723C44D606A5F13AF353AEB0"
"03_FIGURES_AND_PPT\M1-M8新叙事终版_20260814\02_plotting_data\M4_organ_disease_burden_v711.tsv"	"129"	"32D81FC2E34F94D8925B2D8919206AE0523B17BC2555AA4A8B9A1308C33012DC"
"03_FIGURES_AND_PPT\M1-M8新叙事终版_20260814\02_plotting_data\M4_system_evidence_matrix_v711.tsv"	"528"	"1175118B85B5D75A7197F99DEC37B1BDA1F753EEA8DF5F7D9D5FB75CA0A90B91"
"03_FIGURES_AND_PPT\M1-M8新叙事终版_20260814\03_captions\M1_V711_caption.md"	"241"	"DD0B78FDCBD1A06A85F356F0D502DD32851BDD201520D36DD17095AD7F368B18"
"03_FIGURES_AND_PPT\M1-M8新叙事终版_20260814\03_captions\M2_V711_caption.md"	"240"	"A7193B1449242F90BCB9EEC8204DF2072AFC9EC09C259E428A03080D64BBDA5F"
"03_FIGURES_AND_PPT\M1-M8新叙事终版_20260814\03_captions\M3_V711_caption.md"	"250"	"0C2A1A851AD88C03EDAE5CDE0C239B91F3ED4E411BC45F9AADEA6D4DD69BD4C4"
"03_FIGURES_AND_PPT\M1-M8新叙事终版_20260814\03_captions\M4_V711_caption.md"	"255"	"DF6755F42CEDA45D53F5E9163E7A334B0F4D18F8B2441E2D18B6233567F98B87"
"03_FIGURES_AND_PPT\M1-M8新叙事终版_20260814\03_captions\M5_V711_caption.md"	"267"	"60AD325A3FC6AA4BD58C7FF00C220316CE2C5874BFF6A94C3B759E9F7C8DB2AD"
"03_FIGURES_AND_PPT\M1-M8新叙事终版_20260814\03_captions\M6_V711_caption.md"	"282"	"A643CBA0D1E9D2D5F16C1489E511A36B20897D6CE3A08086D4E234C4B6A63672"
"03_FIGURES_AND_PPT\M1-M8新叙事终版_20260814\03_captions\M7_V711_caption.md"	"244"	"489F1261FBE0A70FE13245FA68BB68357B0E72CB1742D120C44E590E94253FB1"
"03_FIGURES_AND_PPT\M1-M8新叙事终版_20260814\03_captions\M8_V711_caption.md"	"202"	"0B7E871295D48AADD41AE56D300824645FB89970E85AB3551B641013FE2AE78C"
"03_FIGURES_AND_PPT\M1-M8新叙事终版_20260814\04_scripts\build_m3_m4_story_maps.py"	"16967"	"48ADF8E3A527B386F86A4CE0B7C5FA0815E356CA53A8CCF043E24C0E52305489"
"03_FIGURES_AND_PPT\M1-M8新叙事终版_20260814\04_scripts\draw_v711_m1_m8.py"	"20414"	"4CC85FB674ABC95A1C4626AD947FED6D5DF53ADBD278F13BBEB230A5B4044E8E"
"03_FIGURES_AND_PPT\M1-M8新叙事终版_20260814\05_assets\human_anatomy_base_v1.png"	"1282903"	"9ABFDB01F79E0B905EA0C33773886BEA248AF1AAA8C7B207955FEA6A92C2E659"
"03_FIGURES_AND_PPT\M1-M8新叙事终版_20260814\06_QA\M1-M8_contact_sheet.png"	"852714"	"339AE75D2967827FAFB0F95203F6A47399D3A3DFF5C9AD55D608AE3647A8041E"
"03_FIGURES_AND_PPT\M1-M8新叙事终版_20260814\FIGURE_DESIGN_README.md"	"3750"	"CF0AD9B18316BD7F8D55D230D4F0CDB0D01DBD3DE956AD17F85E2A853A7E0404"
"03_FIGURES_AND_PPT\M1-M8原始大图\M1_database_architecture_quality.png"	"1148185"	"6C4EE96BDEF9B17C1E8C8D0E172F1DB9CF60505ED53ED1F91F90D29C1849DF67"
"03_FIGURES_AND_PPT\M1-M8原始大图\M2_membrane_proteome_landscape.png"	"977601"	"342B20625FB85E45A00B7621FAC0167F192B60C961F0962B065247106D84C92F"
"03_FIGURES_AND_PPT\M1-M8原始大图\M3_expression_localization_atlas.png"	"1475916"	"B1EFA18660DB43B3AC3BBD0CEC36EB7397F5F4EA54125D2F07B1627E1AD99BAA"
"03_FIGURES_AND_PPT\M1-M8原始大图\M4_disease_association_landscape.png"	"2561100"	"76452C9AF0016F27D5B4681D4B68EC0B9640A8E9D25859D8843D287C69D76A2E"
"03_FIGURES_AND_PPT\M1-M8原始大图\M5_chemical_identity_space.png"	"3347038"	"57097828BAF2781194A2074660315A98F4DF0B4C1016AB19C98B0E6A87366063"
"03_FIGURES_AND_PPT\M1-M8原始大图\M6_binding_evidence_sites.png"	"1133466"	"5CD67FDE57136F6C572A955A42EDEDE14857CA18DB60D5AE2A22980F272F61C7"
"03_FIGURES_AND_PPT\M1-M8原始大图\M7_negative_conflicts_quality.png"	"1180081"	"CCE78A39554549BC36CC7E9181DE1235E5109CDAC942EA34AB81DB4DA3638799"
"03_FIGURES_AND_PPT\M1-M8原始大图\M8_docking_prioritization.png"	"1063870"	"16F8471B80FEA8568F06379987EAD03E3AAD9C400C9287A2A9C2DAE9C883D97A"
"03_FIGURES_AND_PPT\MemPro_M1-M4_科学修订版_20260816.zip"	"8209965"	"A2B8BC5B9EE1B64B8F86563D9A10AA782BA7AC7294F91674124D74438EFE43A4"
"03_FIGURES_AND_PPT\MemPro_M1-M4_科学修订版_20260816\01_panel_data\M1_evidence_source_decomposition.tsv.gz"	"2630035"	"C19F90CCDD729323D6A48726963826F8E8E91D50B92E770E82A2D035236AAB2A"
"03_FIGURES_AND_PPT\MemPro_M1-M4_科学修订版_20260816\01_panel_data\M1_greedy_coverage_revised.tsv"	"286"	"552C66C1B58233EAE8091B5423A1BFDD0B8D263EE3FA43A0DA8CB25658804129"
"03_FIGURES_AND_PPT\MemPro_M1-M4_科学修订版_20260816\01_panel_data\M1_source_intersections_revised.tsv"	"17398"	"A3361B47261D03226838354B8CD10B704743D3A3F138E5587E98DB77CF8944B9"
"03_FIGURES_AND_PPT\MemPro_M1-M4_科学修订版_20260816\01_panel_data\M1_source_jaccard_revised.tsv"	"2178"	"F22005592E36E3C3650375DB9DA29517534F6F4D9C772E813FEF7BD867E53500"
"03_FIGURES_AND_PPT\MemPro_M1-M4_科学修订版_20260816\01_panel_data\M1_source_unique_contribution_revised.tsv"	"210"	"6A8CB84EF5007A97F18818AB780BF60AB858F3CB6571BF06A774EA0403064F32"
"03_FIGURES_AND_PPT\MemPro_M1-M4_科学修订版_20260816\01_panel_data\M2_all_communities.tsv"	"207"	"757C1E9269C2215E4B5068C0E9AA8B641B649F00AC793FB04E059BBF0597283D"
"03_FIGURES_AND_PPT\MemPro_M1-M4_科学修订版_20260816\01_panel_data\M2_all_community_axis_share.tsv"	"2441"	"475FFE69E7DB897703A20E47D78C9CA9B4F36DF669959F7C43D7B34B3CD6BC57"
"03_FIGURES_AND_PPT\MemPro_M1-M4_科学修订版_20260816\01_panel_data\M3_body_expression_revised.tsv"	"247"	"D9C2B9C3DF48C9AE3FD22A1C486180EB8DA43757524343668FC4EA92BBC023F7"
"03_FIGURES_AND_PPT\MemPro_M1-M4_科学修订版_20260816\01_panel_data\M3_expression_breadth_specificity.tsv"	"281083"	"E6D2CD5AD1F5C8C358C961E76629682FFA2215C670358B67DF3A310531E50B95"
"03_FIGURES_AND_PPT\MemPro_M1-M4_科学修订版_20260816\01_panel_data\M3_RNA_IHC_concordance_revised.tsv"	"3170"	"9CD4ECE7FB07A54CD0309865DF8D107185BD951386F3E701CE540A0C86709A93"
"03_FIGURES_AND_PPT\MemPro_M1-M4_科学修订版_20260816\01_panel_data\M4_body_disease_revised.tsv"	"166"	"90F526E1FCB1D64386ADC055E8416ABA970BFE758C8C61F1CCBEF7675447BFC7"
"03_FIGURES_AND_PPT\MemPro_M1-M4_科学修订版_20260816\01_panel_data\M4_evidence_levels_revised.tsv"	"491"	"8053F6A27D91BAC35654012E2D8FDC356A9B62B275AA847D364AA808B8AFC39A"
"03_FIGURES_AND_PPT\MemPro_M1-M4_科学修订版_20260816\01_panel_data\M4_matched_disease_expression_concordance.tsv"	"1900"	"C9CA0F440EDCCEB9FC8B529DECE8A398D8C2EF4D762DDAF7DE3E674B5F108521"
"03_FIGURES_AND_PPT\MemPro_M1-M4_科学修订版_20260816\01_panel_data\M4_system_role_share_revised.tsv"	"2230"	"FB9E7B5252C70C48C94B3474C432F86703447D903D965EFF0F16D18269B1B07A"
"03_FIGURES_AND_PPT\MemPro_M1-M4_科学修订版_20260816\02_figures\M1_source_overlap_revised.pdf"	"73920"	"8C8C1D45ADC6829775FE36F68F7AC7B6109F8D6767B5B1CE5D83981F0BFCDC62"
"03_FIGURES_AND_PPT\MemPro_M1-M4_科学修订版_20260816\02_figures\M1_source_overlap_revised.png"	"651528"	"191229DF8A0D476B55361C21E7EE672202252ED60EF034A200B908904057FC39"
"03_FIGURES_AND_PPT\MemPro_M1-M4_科学修订版_20260816\02_figures\M1_source_overlap_revised.svg"	"94039"	"3F2CFE4F4D9B5A516D50A9E0D57ADBC7BF247B9CD98525B2C172CCE906F5DAAE"
"03_FIGURES_AND_PPT\MemPro_M1-M4_科学修订版_20260816\02_figures\M2_five_axis_all_communities_revised.pdf"	"110800"	"F69364B98161522CEA533C8A5BC2E772090E4E7320F9B7007EDE84EAE40BEE8A"
"03_FIGURES_AND_PPT\MemPro_M1-M4_科学修订版_20260816\02_figures\M2_five_axis_all_communities_revised.png"	"1101003"	"DC43CE812263809A3128630C3FC35F80743FFF40D3871E97D624553B842A532F"
"03_FIGURES_AND_PPT\MemPro_M1-M4_科学修订版_20260816\02_figures\M2_five_axis_all_communities_revised.svg"	"157356"	"9F1FC740A7DA9F02FD165EB935A760C5973493E573F54A67052B112B19548D3F"
"03_FIGURES_AND_PPT\MemPro_M1-M4_科学修订版_20260816\02_figures\M3_expression_interpretable_revised.pdf"	"143323"	"CCA89C80AAEA9EB20943CDD56992E99CFB5BD3FC4C3561C03BEEEF172FA0A21F"
"03_FIGURES_AND_PPT\MemPro_M1-M4_科学修订版_20260816\02_figures\M3_expression_interpretable_revised.png"	"1392124"	"0F30CB0F55464BD930226CC99DFA257B79C8561FCD1122FA10230A5F11520449"
"03_FIGURES_AND_PPT\MemPro_M1-M4_科学修订版_20260816\02_figures\M3_expression_interpretable_revised.svg"	"836054"	"DA52DF94285E4F5F1C2ACA5545C48D7B89E07E46293CC734EA7FE09E8C254330"
"03_FIGURES_AND_PPT\MemPro_M1-M4_科学修订版_20260816\02_figures\M4_matched_disease_expression_revised.pdf"	"81394"	"6DBF7276A7E2553E54A87AFFEC314D8E7766B3F32A37C1815255FCE5814D8632"
"03_FIGURES_AND_PPT\MemPro_M1-M4_科学修订版_20260816\02_figures\M4_matched_disease_expression_revised.png"	"1274198"	"24863A58F7219872E1C0C3B920B44C2369680087F6137AF52C143D11CA9044B6"
"03_FIGURES_AND_PPT\MemPro_M1-M4_科学修订版_20260816\02_figures\M4_matched_disease_expression_revised.svg"	"117519"	"5491A6E3E1E52111328CFB7748510860A4373A9E7BECE7E216E9CE06EAA0B600"
"03_FIGURES_AND_PPT\MemPro_M1-M4_科学修订版_20260816\03_editable_assets\M3A_editable_human_RNA_map.pdf"	"51792"	"994077C393E3E15BAB12B894E2AD00832BFFC2F3B150D60C9094BFE91E395928"
"03_FIGURES_AND_PPT\MemPro_M1-M4_科学修订版_20260816\03_editable_assets\M3A_editable_human_RNA_map.png"	"662359"	"B320F9C9FB705B2DB95B40D0151042E8416E2C20A63F6018EE4926403E1D1264"
"03_FIGURES_AND_PPT\MemPro_M1-M4_科学修订版_20260816\03_editable_assets\M3A_editable_human_RNA_map.svg"	"39091"	"E80B40DA949B8AFEAB0296A3C5E4E5999B4D1DE9E07C302C2339F5CE632B47C0"
"03_FIGURES_AND_PPT\MemPro_M1-M4_科学修订版_20260816\04_QA\M1_SOURCE_DECOMPOSITION_QA.json"	"466"	"3AAD586847C52EC67D5AFB6C521EA0B7CC659FD3978CC963BE992AD91429284E"
"03_FIGURES_AND_PPT\MemPro_M1-M4_科学修订版_20260816\04_QA\M1-M4_revision_contact_sheet.jpg"	"443122"	"26BD5239A31E58CD6C88AD14A60A65CB29D3755DBCEBDF16882FD03042C22EBF"
"03_FIGURES_AND_PPT\MemPro_M1-M4_科学修订版_20260816\04_QA\M4_STATISTICAL_QA.json"	"304"	"31C24DD448B0A0B608A16F296A29F65B9131E4EB89E6619E4DD4714F50FFC78C"
"03_FIGURES_AND_PPT\MemPro_M1-M4_科学修订版_20260816\README.md"	"696"	"54B5814EFF767A3702AB7307981B484F151561AF3F606D1DDF36626559C015D3"
"03_FIGURES_AND_PPT\MemPro_M1-M4_科学修订版_20260816\SHA256SUMS.tsv"	"3918"	"57713C079378838A052A80A4E90C605A66662E78CC182C88D45A05E590586BDD"
"03_FIGURES_AND_PPT\MemPro_M1-M8_叙事统计终版_20260814.zip"	"18276955"	"7FEC99BDF98599D9B182B22094DEC8D4086608AB558AF46F8C7FB298AB95340B"
"03_FIGURES_AND_PPT\MemPro_M1-M8_叙事统计终版_20260814\01_figures\PDF\M1_source_overlap_and_marginal_gain.pdf"	"65854"	"6BB780058CA86594BC2C6214F02223D9D8C6EA17547692E59027F2755499BC92"
"03_FIGURES_AND_PPT\MemPro_M1-M8_叙事统计终版_20260814\01_figures\PDF\M2_multi_axis_annotation_space_cleanfinal.pdf"	"102240"	"E0E7FFDE92DD6B4A60872EDF5F207398DC97351B7BB8B1D8C16075D9BD149816"
"03_FIGURES_AND_PPT\MemPro_M1-M8_叙事统计终版_20260814\01_figures\PDF\M3_expression_space_and_RNA_IHC_cleanfinal.pdf"	"301981"	"7D2F3AEFB76E3C18F9255B52F1B439B31446695ED61A75F22ECBB40FD1B178D5"
"03_FIGURES_AND_PPT\MemPro_M1-M8_叙事统计终版_20260814\01_figures\PDF\M4_disease_expression_concordance_cleanfinal.pdf"	"197409"	"2B30E03D02D1981F37948917D1A2830F8F371C4A01B592250B8C29B6155F9DBA"
"03_FIGURES_AND_PPT\MemPro_M1-M8_叙事统计终版_20260814\01_figures\PDF\M5_chemical_space_embedding_comparison_cleanfinal.pdf"	"240328"	"C041A1441EE9E51C5C740AA097A3246AF0AA435EF74C416AD56E4C89AEFD2A71"
"03_FIGURES_AND_PPT\MemPro_M1-M8_叙事统计终版_20260814\01_figures\PDF\M6_polypharmacology_and_membrane_side_cleanfinal.pdf"	"107454"	"E91E64571EF6E0AD0BAFC46610B7DAD3D08D48F288ED9994966DB7C8B5B53047"
"03_FIGURES_AND_PPT\MemPro_M1-M8_叙事统计终版_20260814\01_figures\PDF\M7_evidence_profiles_and_lineage_cleanfinal.pdf"	"62902"	"F4114DB3C967E9C498D1B2D0EB8C7B73D33EE9BC099CC17A0404547272123BCE"
"03_FIGURES_AND_PPT\MemPro_M1-M8_叙事统计终版_20260814\01_figures\PDF\M8_value_readiness_and_knowledge_gaps.pdf"	"58195"	"187CE1D3384225A338E9C3D2647FE2844EDD411114D871975A116B23175C01DC"
"03_FIGURES_AND_PPT\MemPro_M1-M8_叙事统计终版_20260814\01_figures\PNG\M1_source_overlap_and_marginal_gain.png"	"593660"	"9DEA7102E50F10AD07DFD27C7B7E501BDF237CAC6380CE613EDD399B837EA912"
"03_FIGURES_AND_PPT\MemPro_M1-M8_叙事统计终版_20260814\01_figures\PNG\M2_multi_axis_annotation_space_cleanfinal.png"	"1032195"	"56927456CD1149111E2FCCA16DA690DCE1733071AC020BD9B80B313C406D1BA8"
"03_FIGURES_AND_PPT\MemPro_M1-M8_叙事统计终版_20260814\01_figures\PNG\M3_expression_space_and_RNA_IHC_cleanfinal.png"	"3220441"	"75EBF1A57476A11BF2FE9BB576313899B931D1403BF871A878EE4AC3C4FB7111"
"03_FIGURES_AND_PPT\MemPro_M1-M8_叙事统计终版_20260814\01_figures\PNG\M4_disease_expression_concordance_cleanfinal.png"	"2282940"	"8968295D99A06C5B9E4700CFB38FA88A364A47C9A7E650B7446A38F0808478A8"
"03_FIGURES_AND_PPT\MemPro_M1-M8_叙事统计终版_20260814\01_figures\PNG\M5_chemical_space_embedding_comparison_cleanfinal.png"	"2914848"	"483889052F469F434A595413E5B9C4A47F8792337A8266B99705181A1939A7CA"
"03_FIGURES_AND_PPT\MemPro_M1-M8_叙事统计终版_20260814\01_figures\PNG\M6_polypharmacology_and_membrane_side_cleanfinal.png"	"1474765"	"DBA8407EB6F169629CF60E9CC51CDB685BF69191E58E22483C9CE890865EEEF7"
"03_FIGURES_AND_PPT\MemPro_M1-M8_叙事统计终版_20260814\01_figures\PNG\M7_evidence_profiles_and_lineage_cleanfinal.png"	"560876"	"CB643AB5056D58F4CC060A545491DA9AC1541268AB8099EB01A6FCBDA17F1745"
"03_FIGURES_AND_PPT\MemPro_M1-M8_叙事统计终版_20260814\01_figures\PNG\M8_value_readiness_and_knowledge_gaps.png"	"827682"	"7E26CF80B0823405D51159B2FB06812CF5715247C4D04430A9FC5075229759BC"
"03_FIGURES_AND_PPT\MemPro_M1-M8_叙事统计终版_20260814\01_figures\SVG\M1_source_overlap_and_marginal_gain.svg"	"62010"	"2829D53E810C442A1478F88082E2C98CCA3D0EE0608A8DFBB88B627251BBC2D8"
"03_FIGURES_AND_PPT\MemPro_M1-M8_叙事统计终版_20260814\01_figures\SVG\M2_multi_axis_annotation_space_cleanfinal.svg"	"112788"	"FDE8E4A8A850C5F296B11AC6F1F7CB9786CD34CB7BEDEC9F4BB6AFC9FEE12925"
"03_FIGURES_AND_PPT\MemPro_M1-M8_叙事统计终版_20260814\01_figures\SVG\M3_expression_space_and_RNA_IHC_cleanfinal.svg"	"915451"	"902A14CEC5A6849E9BAA4F9B0B3D9365123D20E6278FD2C7B8E6422B162DAFBF"
"03_FIGURES_AND_PPT\MemPro_M1-M8_叙事统计终版_20260814\01_figures\SVG\M4_disease_expression_concordance_cleanfinal.svg"	"269665"	"1135C78FCBC1B2D67D47631154183A0CBB9B1F516FAD2E928CDD1DBBF350D177"
"03_FIGURES_AND_PPT\MemPro_M1-M8_叙事统计终版_20260814\01_figures\SVG\M5_chemical_space_embedding_comparison_cleanfinal.svg"	"417215"	"6297B342138EC4D083C91D4B8146EDF3D76CF0132C954756E6575AB55ED5D7F4"
"03_FIGURES_AND_PPT\MemPro_M1-M8_叙事统计终版_20260814\01_figures\SVG\M6_polypharmacology_and_membrane_side_cleanfinal.svg"	"380474"	"C9711115276B683469F0BEBB8B7248B08E48648B2FE1F5AD4CF3954EF69F6979"
"03_FIGURES_AND_PPT\MemPro_M1-M8_叙事统计终版_20260814\01_figures\SVG\M7_evidence_profiles_and_lineage_cleanfinal.svg"	"59332"	"2F1EFCC7EF4B2345ECB69879C5F46C2F1C602736A9DC8A4F7E8ABD15C2140C98"
"03_FIGURES_AND_PPT\MemPro_M1-M8_叙事统计终版_20260814\01_figures\SVG\M8_value_readiness_and_knowledge_gaps.svg"	"96783"	"5C5D157C89E62C6CB248DB1BA6C9463706FA7CB7613F0CE28DF031BE3CDF2339"
"03_FIGURES_AND_PPT\MemPro_M1-M8_叙事统计终版_20260814\02_panel_data\M1_greedy_coverage.tsv"	"209"	"33A1B7CA5B196C135DB364A66FB937ABF44BCC89B6B5CF4113857CD646A6AF84"
"03_FIGURES_AND_PPT\MemPro_M1-M8_叙事统计终版_20260814\02_panel_data\M1_source_intersections.tsv"	"3329"	"F0F9EAE69787B14D4E64956C09A2A22D860915658E8B0F5344538AA7146068FA"
"03_FIGURES_AND_PPT\MemPro_M1-M8_叙事统计终版_20260814\02_panel_data\M1_source_jaccard.tsv"	"830"	"609F2DC55EDB7281456CEDFB1D039D54336F361BFAB8EBABC9E3843612182626"
"03_FIGURES_AND_PPT\MemPro_M1-M8_叙事统计终版_20260814\02_panel_data\M1_source_unique_contribution.tsv"	"211"	"D8D713AC28FE74BED93020B6ABF7812C01F42F67E57BC68813CD991FA0CD95B6"
"03_FIGURES_AND_PPT\MemPro_M1-M8_叙事统计终版_20260814\02_panel_data\M2_cluster_top_annotations.tsv"	"4039"	"1ACA6EFE8C173B17A3538B31C4338FF69A47774B7B1D9C0DAB92741CDC77046A"
"03_FIGURES_AND_PPT\MemPro_M1-M8_叙事统计终版_20260814\02_panel_data\M2_protein_annotation_umap.tsv"	"281121"	"1A78BF3472DC63E5F59A24E85878C829D851D17947C837BCD8B4A06EC8C1EFB7"
"03_FIGURES_AND_PPT\MemPro_M1-M8_叙事统计终版_20260814\02_panel_data\M3_body_expression.tsv"	"247"	"41402A12B765561464F1187A7334C8372DE46D6941F4A3EA8CD1C2BBB2393C75"
"03_FIGURES_AND_PPT\MemPro_M1-M8_叙事统计终版_20260814\02_panel_data\M3_expression_umap.tsv"	"220313"	"29F50174B735348F8403BFE540CCD24B6364D66C8846569B0F739A5C7B3CE6E0"
"03_FIGURES_AND_PPT\MemPro_M1-M8_叙事统计终版_20260814\02_panel_data\M3_ihc_matrix.pkl"	"2373891"	"9A6EB268EAE838129F160C787B606F8812FBC59C2885E71085D635C154E01615"
"03_FIGURES_AND_PPT\MemPro_M1-M8_叙事统计终版_20260814\02_panel_data\M3_RNA_IHC_concordance.tsv"	"2302"	"34F0C8DFEE54ADC667483815FBF2C8156EE8669C9A76F1EB47EC98D7DA3C24A0"
"03_FIGURES_AND_PPT\MemPro_M1-M8_叙事统计终版_20260814\02_panel_data\M3_tissue_rna_matrix.pkl"	"3127447"	"67DABD4EA5F18664AAEC5B87C43C9C92A897C4B56580DF579EB0ECA18B204213"
"03_FIGURES_AND_PPT\MemPro_M1-M8_叙事统计终版_20260814\02_panel_data\M4_body_disease.tsv"	"166"	"90F526E1FCB1D64386ADC055E8416ABA970BFE758C8C61F1CCBEF7675447BFC7"
"03_FIGURES_AND_PPT\MemPro_M1-M8_叙事统计终版_20260814\02_panel_data\M4_disease_expression_concordance.tsv"	"1244"	"70F6C273F7FA3C409D122DDEAB2B93AE616C43CF744E8CD7566B32181DDE5902"
"03_FIGURES_AND_PPT\MemPro_M1-M8_叙事统计终版_20260814\02_panel_data\M4_system_role_share.tsv"	"2074"	"ECC060AC42243D85C7EA81F63E4EB96E22AFADA51325CBBEA0CDADEE2D2DB3F4"
"03_FIGURES_AND_PPT\MemPro_M1-M8_叙事统计终版_20260814\02_panel_data\M5_ECFP4_chemical_space.tsv"	"2304018"	"638E6ED1059B0C20CEC983D06234A2D215A4EDDA16AA9AD4C0671A39F89C3F78"
"03_FIGURES_AND_PPT\MemPro_M1-M8_叙事统计终版_20260814\02_panel_data\M5_PAGTN_pilot_space.tsv"	"593080"	"D397C2C287F3C903C7D53B94C424BD171F0ACDE9F4F951A0C9FC86C8EFA3ED2C"
"03_FIGURES_AND_PPT\MemPro_M1-M8_叙事统计终版_20260814\02_panel_data\M6_membrane_side_compound_properties.tsv"	"500411"	"D0BE75162537CB13383E229AD6F777F96133D6FFCED906965FE4F74072CF5C32"
"03_FIGURES_AND_PPT\MemPro_M1-M8_叙事统计终版_20260814\02_panel_data\M6_target_network_edges.tsv"	"11942"	"A053598F95D15D1EE056520397699B43E53300AD03971A5AAD1963409775B2F7"
"03_FIGURES_AND_PPT\MemPro_M1-M8_叙事统计终版_20260814\02_panel_data\M6_target_network_nodes.tsv"	"3543"	"BA67A1C2C2165C30C26426F0FCD3C90D6E8EFF19AB4E9FD6DBC0763FDBC8516C"
"03_FIGURES_AND_PPT\MemPro_M1-M8_叙事统计终版_20260814\02_panel_data\M7_evidence_profile_intersections.tsv"	"186"	"356B677058F31E087BB6C9617D411D47474E93F9D29A09212EA7CCE5B2EADD3C"
"03_FIGURES_AND_PPT\MemPro_M1-M8_叙事统计终版_20260814\02_panel_data\M7_modality_tier_matrix.tsv"	"150"	"D404CE90541C2ABFFCCE34EA40691647CCCAE254E56AD12B068F3F09FA104B02"
"03_FIGURES_AND_PPT\MemPro_M1-M8_叙事统计终版_20260814\02_panel_data\M7_source_lineage_matrix.tsv"	"338"	"924ACEB0599F69B5269D06E8464192FCA506EB52CB1F8543CD512B4684D96FAD"
"03_FIGURES_AND_PPT\MemPro_M1-M8_叙事统计终版_20260814\02_panel_data\M8_pair_readiness_tiers.tsv"	"129"	"00A858A9774F102CD12A8C7ACE381CA10F76B6A7F69339DA7981563495DFB3E4"
"03_FIGURES_AND_PPT\MemPro_M1-M8_叙事统计终版_20260814\02_panel_data\M8_protein_priority_space.tsv"	"761325"	"FD500720499C65A3CE166181EC214C49590A74AC1106FB7EEC3BCEB3076CC5D0"
"03_FIGURES_AND_PPT\MemPro_M1-M8_叙事统计终版_20260814\03_reproducible_scripts\build_final_m1_m2.py"	"7386"	"2901AC6AB35CFBBEC358E43CA83C4FA7B9C61B41622486FE1E7161F798D02C97"
"03_FIGURES_AND_PPT\MemPro_M1-M8_叙事统计终版_20260814\03_reproducible_scripts\build_stage1_m1_m2.py"	"11257"	"F84759D22A94D7665528138E71D82B27EAE7C44D0D2EEC20EA2CC43B1D56CF0E"
"03_FIGURES_AND_PPT\MemPro_M1-M8_叙事统计终版_20260814\03_reproducible_scripts\build_stage2_m3_m4.py"	"13209"	"1CF22C5CC36BF54191A1FA39CB9740A3E843EC46BB2D6780AB1783079A47176F"
"03_FIGURES_AND_PPT\MemPro_M1-M8_叙事统计终版_20260814\03_reproducible_scripts\build_stage3_m5_m6.py"	"11761"	"900D8A289BA55171EBAACA33EC01761E75F6EE5B98B2D85488ABA08FAAF74A0A"
"03_FIGURES_AND_PPT\MemPro_M1-M8_叙事统计终版_20260814\03_reproducible_scripts\build_stage4_m7_m8.py"	"11264"	"8F29CEAB374622D85A59089AE6BF334FD245FDA24645AC36800100D20AC6654A"
"03_FIGURES_AND_PPT\MemPro_M1-M8_叙事统计终版_20260814\03_reproducible_scripts\human_anatomy_base_v1.png"	"1282903"	"9ABFDB01F79E0B905EA0C33773886BEA248AF1AAA8C7B207955FEA6A92C2E659"
"03_FIGURES_AND_PPT\MemPro_M1-M8_叙事统计终版_20260814\03_reproducible_scripts\qa_full_suite.py"	"5424"	"382A89CEDD54BAE1A403ED33360C23B7382F283CF6A3D2CADD08DFC0C427D0F1"
"03_FIGURES_AND_PPT\MemPro_M1-M8_叙事统计终版_20260814\03_reproducible_scripts\qa_mempro_suite_v2.py"	"389"	"FA8C6DB0F84AC797A9E68FBB20C64EC74BD1C10D3EE996720344A6412A7A8752"
"03_FIGURES_AND_PPT\MemPro_M1-M8_叙事统计终版_20260814\03_reproducible_scripts\render_clean_final_problem_panels.py"	"22996"	"9119D457D003DF47EF53DCA9A0CC5460BB9A63D0BAD372B14F42DFA6CAF84386"
"03_FIGURES_AND_PPT\MemPro_M1-M8_叙事统计终版_20260814\03_reproducible_scripts\render_m3_corrected.py"	"7053"	"C677AFDC1B0CAA8343F05011168DAA37843AF743CA751B79651EE9723416ACDF"
"03_FIGURES_AND_PPT\MemPro_M1-M8_叙事统计终版_20260814\03_reproducible_scripts\rerender_m4_cleanfinal.py"	"493"	"48FEB5F7083F0B080B04941A215778ABDFBFF7C466578216A387B2A3857B67D4"
"03_FIGURES_AND_PPT\MemPro_M1-M8_叙事统计终版_20260814\04_QA\CLEAN_FINAL_RENDER_COMPLETE.json"	"108"	"E615ACA6A337C96B76AF1C0128FA57DC4E38238A875FA6BA508B3A8DEEA45038"
"03_FIGURES_AND_PPT\MemPro_M1-M8_叙事统计终版_20260814\04_QA\M1-M8_contact_sheet.png"	"1212130"	"EEFB5BD6FB2D265F7C2029365264ED892F41596978767C0C2F5E09FCA4FAF265"
"03_FIGURES_AND_PPT\MemPro_M1-M8_叙事统计终版_20260814\04_QA\M1-M8_QA_report.json"	"4400"	"225390EB99B3800BB8D7565424A41145E95E0B54516842B051B34E7C7342348E"
"03_FIGURES_AND_PPT\MemPro_M1-M8_叙事统计终版_20260814\04_QA\M1-M8_QA_report.tsv"	"1053"	"A4DF3BA1181399A5E3C888D3A9E4BDBABECFA48C2E96DAAAD94E9DA51D7049A0"
"03_FIGURES_AND_PPT\MemPro_M1-M8_叙事统计终版_20260814\04_QA\M5_embedding_QA.json"	"398"	"4BB40FD2D8C2D595B94FE464B63D3DB730D1BE1D7CC9CDDFD009C6D282A63C86"
"03_FIGURES_AND_PPT\MemPro_M1-M8_叙事统计终版_20260814\04_QA\M6_membrane_side_stats.json"	"256"	"77176543DECDB7811766920DDED9DA418E538CB59C8A2E02A7A32928FF4E494F"
"03_FIGURES_AND_PPT\MemPro_M1-M8_叙事统计终版_20260814\04_QA\STAGE1_COMPLETE.json"	"60"	"AA20C040DB7A066EE1FB1C82C2C2BCE977062C0037CFA4B92E7ABFD45CDF6009"
"03_FIGURES_AND_PPT\MemPro_M1-M8_叙事统计终版_20260814\04_QA\STAGE2_COMPLETE.json"	"84"	"C56CF36E882CC74762595F7B532CBEB1D70529A20533CB8678F47843BA980E67"
"03_FIGURES_AND_PPT\MemPro_M1-M8_叙事统计终版_20260814\04_QA\STAGE3_COMPLETE.json"	"60"	"4C9800FFBA0A638349763178DC8A94297FBBF3ABDD0558D53F80A8F5939307AD"
"03_FIGURES_AND_PPT\MemPro_M1-M8_叙事统计终版_20260814\04_QA\STAGE4_COMPLETE.json"	"45"	"6D4EBAECB9C74326CC96369388AD01315A3B7FDDE726543A7584BA0F9A568051"
"03_FIGURES_AND_PPT\MemPro_M1-M8_叙事统计终版_20260814\05_captions_and_sources\FIGURE_DATA_SOURCES.tsv"	"2179"	"2D4438FD957D7BF9BBEF424974785E9593F0F29D2878A305F36FDEBAB72C0D12"
"03_FIGURES_AND_PPT\MemPro_M1-M8_叙事统计终版_20260814\05_captions_and_sources\M1-M8_Captions_CN.md"	"4566"	"7D21A7CAA3E12A9473D4A0189ACE941D4B9EBF72A361EDA510EE4474A435BD39"
"03_FIGURES_AND_PPT\MemPro_M1-M8_叙事统计终版_20260814\README.md"	"2952"	"1BFA7C4F6AD4A700A8BDDB1F6E5D8576F529D5562CAC043987DC0024F649F191"
"03_FIGURES_AND_PPT\MemPro_M1-M8_叙事统计终版_20260814\SHA256SUMS.tsv"	"9059"	"1D6C772A3118C39B7A87E12BB09B1791D0D1FD14D1627633C6F25B894122611D"
"03_FIGURES_AND_PPT\MemPro_V7.2_数据库冻结与M1-M8终版_20260817\~$MemPro_V7.2_M1-M8_数据库终版.pptx"	"165"	"24AA41C07F0095CDC7A74534C1F309F2D33EF76EB5FAD9FDB6B67C9C61885EB0"
"03_FIGURES_AND_PPT\MemPro_V7.2_数据库冻结与M1-M8终版_20260817\MemPro_V7.2_M1-M8_讲稿与统计口径.txt"	"4725"	"0D8425F66FCA67C93371D4DBEECA03ED05CFDE80B3C5D960D44EBA268C219B66"
"03_FIGURES_AND_PPT\MemPro_V7.2_数据库冻结与M1-M8终版_20260817\MemPro_V7.2_M1-M8_数据库终版.pptx"	"23914972"	"29119BBC152B60785B87004BA02A641BF27C226EB1754649DE164CA573827975"
"03_FIGURES_AND_PPT\MemPro_V7.2_数据库冻结与M1-M8终版_20260817\MemPro_V7.2_核心统计.tsv"	"1096"	"4944D9A7F2BF799615F65CF53BEC978931D87BD86E5F7617151787B506D06F98"
"03_FIGURES_AND_PPT\MemPro_V7.2_数据库冻结与M1-M8终版_20260817\MemPro_V7.2_图表数据来源.tsv"	"747"	"0E6D61F86E873B0ADF8DF4A2473EE696B4B38737D0903C4EE1CA3FA0881A67F3"
"03_FIGURES_AND_PPT\MemPro_V7.2_数据库冻结与M1-M8终版_20260817\SHA256SUMS.tsv"	"590"	"A461CB17768966FC34343BCF1D9AEB24AB9253EA7FDC005D2AA737456286A51C"
"03_FIGURES_AND_PPT\MemPro_V7.2_数据库冻结与M1-M8终版_20260817\V72_MANIFEST.tsv"	"5043"	"280185F0BBE986B93FF7D1112B9B8AFBD95413C8CB38169D98CFA49B665F72C7"
"03_FIGURES_AND_PPT\MemPro_V7.2_数据库冻结与M1-M8终版_20260817\V72_VALIDATION_REPORT.json"	"1171"	"5DACD781AC4C8D3EF2A7A6D88270702725536CB6B0E1E871008444DDE04F7C8A"
"03_FIGURES_AND_PPT\新图_M1-M8\M1_database_pipeline_redrawn.png"	"200376"	"6DB69AB7D43CDF597AF98F91B71346B6ACA9BA87A141C6206B3277C5769D67B8"
"03_FIGURES_AND_PPT\新图_M1-M8\M2_protein_classification_redrawn.png"	"159169"	"6CCA8D17B6AF0C5E1B509FDE2111BF27532AF8D5C1D5593850651BDC03D3BC1F"
"03_FIGURES_AND_PPT\新图_M1-M8\M3_expression_localization_redrawn.png"	"176499"	"A0AC232F63EFE11ECE2A7A0753DC407CFDF88F421ED6FC19FD9729BEBE6E122F"
"03_FIGURES_AND_PPT\新图_M1-M8\M4_disease_ontology_redrawn.png"	"227691"	"C3667E221C8B5287FE628C4E85AC260D0DA23EC18F00EFADC4C444FD37A398F9"
"03_FIGURES_AND_PPT\新图_M1-M8\M5_compound_upset_scaffold_redrawn.png"	"208247"	"0D028C8FB9FE1151B3ADFBE30BFD934C0DB6BC74E71EE6B0C3ACB139198EB304"
"03_FIGURES_AND_PPT\新图_M1-M8\M6_binding_evidence_redrawn.png"	"170574"	"0B295BE21ED915480D69B535CFFD7EC9C2E1FE0AC4087A7351C8DE3BF2A82BD8"
"03_FIGURES_AND_PPT\新图_M1-M8\M7_negative_conflict_qa_redrawn.png"	"171800"	"7D8018B42DB4068F9B74182E7DD2191A90965AC82B851DEE6C49CE1E66880126"
"03_FIGURES_AND_PPT\新图_M1-M8\M8_docking_pilot_redrawn.png"	"144200"	"871B7F107268B0C34331838FF10E9068C12D0151FAF44DD6615797B5995FE4A3"
"04_CODE\C_USER_ROOT_SCRIPTS\A100_AUTOCHAIN_SAFE_V4.sh"	"3017"	"C47FCFC2A598BAFA416B2A1E0D7794FC401B3EF8795A9484FF2810852D9B5021"
"04_CODE\C_USER_ROOT_SCRIPTS\a100_checkpoint_autochain_20260817.sh"	"537"	"3D64135E1E2EAA0596B6DCDBC622D63298C459A7DD059CCDFC77D0F4C0866AF6"
"04_CODE\C_USER_ROOT_SCRIPTS\a100_recover_needed_receptors_20260817.sh"	"3156"	"7638E836072B2B2F9EF08A62EDF360BB86AD69F4E6DFA04527CF4A61997E1908"
"04_CODE\C_USER_ROOT_SCRIPTS\a100_recover_needed_receptors_parallel_20260817.sh"	"2991"	"CECE7D46B20B2F728B8E3A15E61CF033200453C35D8423FA764383960D42388E"
"04_CODE\C_USER_ROOT_SCRIPTS\a100_validate_benchmark_v4.py"	"4656"	"3E771A963C9560B25F620704CAA656D784D7F277B1E5BA3733DE177319F9841F"
"04_CODE\C_USER_ROOT_SCRIPTS\a100_validate_benchmark_v4_fixed.py"	"4493"	"F8EC1EA50B3004DB7B134A964224D0F4A05D393D1222821115FE421249DC8EFA"
"04_CODE\C_USER_ROOT_SCRIPTS\add_ligand_interpretation_columns.py"	"6796"	"A160587FEE0BD3A94B985A1879AF036BB1B53BC4DB196E09C10798967D847947"
"04_CODE\C_USER_ROOT_SCRIPTS\analyze_d1_batch_remote.py"	"3196"	"D2503C13735EEBA19475B3DA3239C6650DF7AA363798B910B75395FB6593F421"
"04_CODE\C_USER_ROOT_SCRIPTS\apply_compound_status_name_role_cleanup.py"	"8267"	"91BE2087817238BFC6FEAA970200920AC3DCAC29E4D7C8CF4291B3D1E33A80B0"
"04_CODE\C_USER_ROOT_SCRIPTS\apply_sifts_v7_binding_sites.py"	"3893"	"E9C36CA66D5A99B67F258057EFBB316CF2EE489425E9A54C89FBBE75F774DC58"
"04_CODE\C_USER_ROOT_SCRIPTS\apply_t09_to_v7_3.py"	"3867"	"5CCA2B10D7F3B917E4C7D90CEE847A2C13770DF5D6ACCAAC2744936C1B9C958E"
"04_CODE\C_USER_ROOT_SCRIPTS\assemble_mempro_v7_automatic_release.py"	"9436"	"E61A2EA95B677164B7A94BA2BD6D7E47C65FE763FC98720A057ABB95DE469687"
"04_CODE\C_USER_ROOT_SCRIPTS\assemble_v701_rescue_final.py"	"5371"	"2052AF2C3E0A4C62B2766385682372E3849B0A2A9D91C7948B3F61A2B01204F0"
"04_CODE\C_USER_ROOT_SCRIPTS\assemble_v701_rescue_final_corrected.py"	"1289"	"F9258743B41923CD1531222FD98FDA22D64F25AC739BCE08BB68F2A29340768F"
"04_CODE\C_USER_ROOT_SCRIPTS\assemble_v702_final_database.py"	"5347"	"60EFD1C37E9B6ADBB9BF9C99DC031723845CB804C23FB5714EA84464F5243700"
"04_CODE\C_USER_ROOT_SCRIPTS\assess_v7_sifts_rescue_coverage.py"	"1260"	"07D04A43C0BB07598B84750C01F3DDE6BC508D78B750903FA825F1F6DB00E8CD"
"04_CODE\C_USER_ROOT_SCRIPTS\audit_d1_hetatm_details.py"	"3989"	"326449E7D06E95C381685EF129798BB0A384117E51EBB976C90D1192F4E60080"
"04_CODE\C_USER_ROOT_SCRIPTS\audit_docking_target_membrane_identity_v72.py"	"3399"	"9418F73D34F0637F9E2BC69398666A4137C1CCD64DA042A0905D00F171688B8B"
"04_CODE\C_USER_ROOT_SCRIPTS\audit_docking_target_membrane_identity_v721.py"	"3456"	"21BC3678F24FB782FF51A1851BD0DEAF168F8EF12047C2059CBE36B9EF1C9587"
"04_CODE\C_USER_ROOT_SCRIPTS\audit_v7_negative_and_complete_sites.py"	"5499"	"0AAE9E8EF08607BDA20FCF3676B9F89A8E08658EF314B6F4D2A1F1696577609A"
"04_CODE\C_USER_ROOT_SCRIPTS\authoring_provenance.mjs"	"347"	"E950A10B157509F800912610055FF0D296581AC2E616C94877B38EC3E8895555"
"04_CODE\C_USER_ROOT_SCRIPTS\build_d1_and_membrane_audit.py"	"3978"	"AF966B0196FA9CDFA8674B42D461EB7B12E2F0B373F4CE9E4E40F640F5EBB998"
"04_CODE\C_USER_ROOT_SCRIPTS\build_data_dictionary_review.py"	"55081"	"90A615FA4B91E7B78D84E326B387702A736CF5134777BBC6DC881CA148561436"
"04_CODE\C_USER_ROOT_SCRIPTS\build_data_dictionary_review_zh.py"	"34316"	"3A4423BCB5327D3208F205203764A6AB33B76CC7F96BACC6743B5FF69492FD5F"
"04_CODE\C_USER_ROOT_SCRIPTS\build_html.py"	"521"	"50F09D16E6A7B4BAA23F20474B37B72F3ACDCBA84A59CE2D5DC9968DF359EA61"
"04_CODE\C_USER_ROOT_SCRIPTS\build_mempro_final_redraw.mjs"	"9045"	"48D76EF27B0B20119D7AD781009BB269DE690B49E4D0FFD0CF8F54E2892E826F"
"04_CODE\C_USER_ROOT_SCRIPTS\build_mempro_m1m8.mjs"	"11362"	"602A6E00D4377B52B3BB7F5F99B9579E70EB7DA4784B3FC73ED2D14A72DE10F6"
"04_CODE\C_USER_ROOT_SCRIPTS\build_mempro_plot_data.py"	"9274"	"7EA93EC03572EA1945FA8E687C8134A544AF1D08AF9866CE95EAE5E79AD6FC3B"
"04_CODE\C_USER_ROOT_SCRIPTS\build_mempro_v72_candidate.py"	"17821"	"84D90A14CB0743229A807A858C22E17D6C2529DBC4DD2608555B0FB201374E45"
"04_CODE\C_USER_ROOT_SCRIPTS\build_original_m1m8_final.mjs"	"30155"	"BF78E3A58C99E73768541C09210D8CE0A3EB9DA3E5081B396C7C2D8888CE64E7"
"04_CODE\C_USER_ROOT_SCRIPTS\build_t09_validation_matrix.py"	"4683"	"DCF8CCE357A0D547EE05CDF18F8E6964B30B12337D0CD4DCF54E743614884226"
"04_CODE\C_USER_ROOT_SCRIPTS\build_v7_evidence_lineage_detail.py"	"2931"	"8BB08EA80B5FBC5E95623729C4F333F9D26CD9222F0F0E374B5AAC1F25EE727D"
"04_CODE\C_USER_ROOT_SCRIPTS\build_v7_freeze_baseline_and_full_audit.py"	"7710"	"C8233DA9DA6D604D461B66791144F66182302DF7087842550A4F97C0090FD0EF"
"04_CODE\C_USER_ROOT_SCRIPTS\build_v7_high_risk_review_batches.py"	"2618"	"705AFCDA909BDC8C55A0B2AD2A73F4F5D63E27E17F651F5FFCB0839D0A595715"
"04_CODE\C_USER_ROOT_SCRIPTS\build_v7_isoform_processed_exact.py"	"5023"	"EDECA3DC51E28AB84F9CB5C051E798AF480CD4FBA4958F7414800579E218EF8A"
"04_CODE\C_USER_ROOT_SCRIPTS\build_v7_remaining_modules.py"	"9888"	"C297C9AF90A97F575F8D33BC4448562DF6CF435F1EDCACF8E1AB7B0E049A95CE"
"04_CODE\C_USER_ROOT_SCRIPTS\build_v711_figure_stats.py"	"9376"	"69E24748983443464F92FF3FD550F107AF992880507FE82AEC92E27D73B78088"
"04_CODE\C_USER_ROOT_SCRIPTS\capture_docx_pages2.ps1"	"2349"	"622FFB7C20CD6D504F7E6C7A3C760C7B0C8B3A72D1963EE0CFF8292726BD9F0F"
"04_CODE\C_USER_ROOT_SCRIPTS\capture_docx_pages3.ps1"	"2390"	"BA825DDC8FBFB20D49E1BD0D2186DCE18FD2AEE7DC5AFACA35C33133F82EC86F"
"04_CODE\C_USER_ROOT_SCRIPTS\check_size.ps1"	"1656"	"261B8AEEAF848451C8514FAFFB4A3B243711D806145E34587422AE56794A769E"
"04_CODE\C_USER_ROOT_SCRIPTS\classify_hetatm_tasks_v4.py"	"2891"	"3B55C63BE4134668A6A036403379E0147C603BE2F6A6002F40CD38CF4E74DFCA"
"04_CODE\C_USER_ROOT_SCRIPTS\classify_v703_partial_coordinate_medium.py"	"2104"	"6BBE6B4C1733E2AE342C0110CDD5C6E07723193824B3D1C83D529B253ACBF69F"
"04_CODE\C_USER_ROOT_SCRIPTS\cleanup.ps1"	"2534"	"EC03C802E19095E54BE23C55DB8C1611A1711C2ADCD08391A63FC28FB9FB6A56"
"04_CODE\C_USER_ROOT_SCRIPTS\complete_v7_target_entity_assignment.py"	"6453"	"F69E7308405270783E41A9FD2E0A8EF32B05D608D1FBDCDCD1B47DBD0BDF6982"
"04_CODE\C_USER_ROOT_SCRIPTS\correct_p01880_v7_3_1.py"	"1984"	"4E17CD289128EE7F22F4D2FEE88CD637BAEEDDE5FAE7663CE21F4B25C2828A0C"
"04_CODE\C_USER_ROOT_SCRIPTS\create_structure_ligand_binary_format.py"	"6677"	"BB1BD0CB9797CD9ABBB2A29C227B704ABDA523E187A66F50A3BF0E2C6A7C5A2E"
"04_CODE\C_USER_ROOT_SCRIPTS\create_structure_ligand_review.py"	"14777"	"7C528008CDDB4AE78CEBEE1972476124DB9E3FEBCE3F04E5E84BCB8951195CD4"
"04_CODE\C_USER_ROOT_SCRIPTS\create_v7_rules_and_dictionary.py"	"4306"	"CFAC111E7EF542817B8176D49D4265CB807E75BCBAA2B1BF9D19D4B5B15E4CCB"
"04_CODE\C_USER_ROOT_SCRIPTS\d1_build_benchmark_v2.py"	"5242"	"A5B1933177C5C7564A43F8FDB79CA6B10485D7E38FEC574CF7C5936E4EF9C011"
"04_CODE\C_USER_ROOT_SCRIPTS\d1_build_benchmark_v21.py"	"833"	"8B3CAD43EF23888F04A75AA56BA4AB2878D26B60AB3A34788B27CADDACFEE05D"
"04_CODE\C_USER_ROOT_SCRIPTS\d1_g1_coordinate_qc.py"	"5696"	"713B7DC470E0A62BD2D298BFCEDEFA2EB9A7247F7FB149CBB257A37E53CCED86"
"04_CODE\C_USER_ROOT_SCRIPTS\d1_g1_final_prefilter.py"	"2845"	"3BBCD93F16641CBB4CD2FD3A77B86610A5488E32FA6E8A80CA191C32E59253DA"
"04_CODE\C_USER_ROOT_SCRIPTS\d1_intersect_identity_sifts.py"	"2239"	"CDB877F668A59C1711A67669084142B5D57986FCC29ACFF09B448599DF743570"
"04_CODE\C_USER_ROOT_SCRIPTS\d1_partition_site_evidence.py"	"1449"	"3DBEA69B08F7493286459E1200C8D667E8A6F2F8370B307D04CB1A248B787D50"
"04_CODE\C_USER_ROOT_SCRIPTS\d1_prepare_g1_chain_v2.py"	"7760"	"E648B15BA2A5C9E28C4DA688CB28BA2473C217312E23BB40B99F0EC2068964D5"
"04_CODE\C_USER_ROOT_SCRIPTS\d1_prepare_g1_receptors_and_configs.py"	"4928"	"6D18F100B255E2F654AC204695B7EC2EAEDF755ABD6AE9AC6FCAA79CFB96AF3C"
"04_CODE\C_USER_ROOT_SCRIPTS\d1_sifts_chain_and_residue_qc.py"	"3542"	"D4376014B8202EED363C590C589282D4A2254AEC796DF6806B1F2C1D964F0CCA"
"04_CODE\C_USER_ROOT_SCRIPTS\deduplicate_v7_hpa.py"	"1582"	"D8E443802F6EE0E8EADF10754880D1C113CF01E49AC0D520C2FFACAAF515BED0"
"04_CODE\C_USER_ROOT_SCRIPTS\download_sifts_mappings_v7.py"	"9960"	"CC206B32440829F6C95F14B72C4360607BC22F279DE157EBE5762CDBEFA37613"
"04_CODE\C_USER_ROOT_SCRIPTS\download_sifts_v7_batched.py"	"4676"	"19BA08FBD4BA9077EAE72822D9D2652F16E50F913C5BC604716DFD9C219E37AE"
"04_CODE\C_USER_ROOT_SCRIPTS\download_sifts_v7_frozen_full.py"	"588"	"2CAA9FFDE10E5082B4E61AA00D3B54E1039554EC6CE7F4CD7EB75CDBCEA5DDB2"
"04_CODE\C_USER_ROOT_SCRIPTS\download_sifts_v7_robust.py"	"4279"	"31C80CF7452EA6011CE15A15D24AB538153540B78D572EE672931447C0BA9606"
"04_CODE\C_USER_ROOT_SCRIPTS\draw_mempro_figures.mjs"	"22077"	"7B4588D2D074B38FEDD0625535690062B745AC4EF435B1C01232D6A72D0E2B20"
"04_CODE\C_USER_ROOT_SCRIPTS\draw_v711_m1_m8.py"	"20414"	"4CC85FB674ABC95A1C4626AD947FED6D5DF53ADBD278F13BBEB230A5B4044E8E"
"04_CODE\C_USER_ROOT_SCRIPTS\enrich_hetatm_pdbe.py"	"2682"	"02CC6B2381778ED53C229F0130FE0AFE437AF1001ACB3D1F46FDB6EBA3DE4D89"
"04_CODE\C_USER_ROOT_SCRIPTS\enrich_hetatm_rcsb.py"	"2853"	"471D99610B209AD136D7465EE178D0FB29AA9C1B259138B44D3299FB5EC1FD72"
"04_CODE\C_USER_ROOT_SCRIPTS\enrich_v7_protein_master_t11.py"	"2296"	"E3D4E70C6F9793B0CD7805C9BC30A154DD875FD895D4614573330FA7E3E00BF8"
"04_CODE\C_USER_ROOT_SCRIPTS\evaluate_d1_adjusted_benchmark_v2.py"	"1646"	"C0F53A464C192D7A339AF3DFFE834B36B59DCFE34FCCE3A63D6998EE31F3D147"
"04_CODE\C_USER_ROOT_SCRIPTS\extract_bindingdb_cocrystal_pockets_v704.py"	"8340"	"E1128F73911C186510610BF2B1876BC7191617D169592DB91A724EF070738C20"
"04_CODE\C_USER_ROOT_SCRIPTS\extract_bindingdb_cocrystal_pockets_v704b.py"	"1399"	"1033E5A0639ED2AC3C4899BED7D7BCDC0D9174E9F84C4CDDBCAC5ADE21EA22F6"
"04_CODE\C_USER_ROOT_SCRIPTS\extract_missing_cif_chains_gemmi.py"	"3425"	"D51AB49E8DD910EA53E4F3EFA4955AE08E3DA7DD8E1C1C6DDDB8371917D3DCB3"
"04_CODE\C_USER_ROOT_SCRIPTS\extract_whitelist_cif_chains_gemmi.py"	"2573"	"4432019E130E4F37AF888A8D6FBACBF186DE540785DE18709B715D3A5DF835BD"
"04_CODE\C_USER_ROOT_SCRIPTS\fast_check.ps1"	"2575"	"E58AC1B65BF384A91346E17B3AC1764B8CA4923BDC6C8AD9267A3C8528FA3569"
"04_CODE\C_USER_ROOT_SCRIPTS\final_validate_and_freeze_v7_protein.py"	"6734"	"DF6FEE1A3EEC57AF80D023B32DC08579D81BEE7F51998BD12F56AB671B5AA82A"
"04_CODE\C_USER_ROOT_SCRIPTS\finalize_v7_automatic_entities.py"	"7507"	"5303CBB057236298C18CCC6189D2A258F2D8251513949EC0B7042C370BE191CC"
"04_CODE\C_USER_ROOT_SCRIPTS\finalize_v7_protein_freeze_manifest.py"	"2683"	"05A6998C9FF2FAC5C10CD039FD08215A17DEA4B6EEF81943F2C7E519B6C651B7"
"04_CODE\C_USER_ROOT_SCRIPTS\finalize_v701_after_sifts.py"	"1655"	"0FF144BC502F0DBEC229EE6826BDD54472B12E6ED41E20BD48B3F406001BC442"
"04_CODE\C_USER_ROOT_SCRIPTS\finalize_v701_after_sifts_v2.py"	"1377"	"9ABA3B3E22C4C37B876B7B563A6643A2848EEB9274CCCE8B3A978BC5DC3FD9A0"
"04_CODE\C_USER_ROOT_SCRIPTS\finalize_v711_figures.py"	"3624"	"7BB8D7B3F9840825925B889E03FF08C0531FFBC8E3B22642DC9ACB4D738AFCF0"
"04_CODE\C_USER_ROOT_SCRIPTS\fix_m6_overlay.mjs"	"1659"	"0C1C6D09FF3E0BF3972C6FC905485090B830F6F6E9B99E5833D892BAED9E2CC1"
"04_CODE\C_USER_ROOT_SCRIPTS\fix_v7_site_identity_disposition.py"	"1361"	"0E2113F5A8ADE92E864C1F5F4319D9BE884FDA63138F9D62CE8AA03DF1CBD34D"
"04_CODE\C_USER_ROOT_SCRIPTS\freeze_mempro_v7_data.py"	"3458"	"11529B4CB4140E4539546F3B7B7AF208EEA6D76383AFE4A5381D6FEAFDB8755B"
"04_CODE\C_USER_ROOT_SCRIPTS\freeze_mempro_v72.py"	"2223"	"06B4EBC1C1149293AA965B295C7029D294983DCCD643AB4AF5CD772DD56147D4"
"04_CODE\C_USER_ROOT_SCRIPTS\gdoc.py"	"217"	"98089FEC7288E765AC02A1095ACFACB6FC045D3DA62536A26C482FBA90075A23"
"04_CODE\C_USER_ROOT_SCRIPTS\gen_plot.py"	"4695"	"5AAFF96447B3A875A901C06E84222BFB932013553ACD1C1C95E7431D225F5012"
"04_CODE\C_USER_ROOT_SCRIPTS\gen_svg.py"	"14529"	"518D457196744AFFF9D63F675311DCD18E64469DCFBC0A7F52BECD7833A7F3F1"
"04_CODE\C_USER_ROOT_SCRIPTS\gen_svg_v2.py"	"8130"	"D5D0B4B3A2EB2C39800598BA16607B5B1A78F8926DCA89A184E4983E352E0A24"
"04_CODE\C_USER_ROOT_SCRIPTS\grid_mapping_strategy.md"	"2646"	"B6F3E70C755AE082A58FE19ED27C04D183AA85772A9991EE821DFC65FCFC6AD6"
"04_CODE\C_USER_ROOT_SCRIPTS\HuMemLigDB_build_docx.py"	"21481"	"EB39806C3821481E8090BBDC4B37B449EA11B3354DB25C64C8780FC2B6425E6D"
"04_CODE\C_USER_ROOT_SCRIPTS\HuMemLigDB_build_docx_v2.py"	"3504"	"59CCF24C9745EC3B162B1D2956AA4D6F0B881A4BD275B608C106CF07B81CC0CD"
"04_CODE\C_USER_ROOT_SCRIPTS\HuMemLigDB_build_docx_v3.py"	"1518"	"8893C105E39DD60101E70224D15D03A8150D592F41BDFD540748322BAD4259F4"
"04_CODE\C_USER_ROOT_SCRIPTS\HuMemLigDB_manuscript_qa.py"	"6653"	"4B655ADEF623A2BD070CB7939D60F4567C1C743AD8539D0CA63479B356F99208"
"04_CODE\C_USER_ROOT_SCRIPTS\HuMemLigDB_manuscript_qa_v2.py"	"6035"	"A5B8622BBB46E08AF7B49C579A856967A32F8F38F61682B15BDF97622FC23297"
"04_CODE\C_USER_ROOT_SCRIPTS\inspect_d1_anomalies.sh"	"446"	"59FF99277E34DC02122BE89698A2DF928F44A5D37B2F98ED5E180DB5B55AE84A"
"04_CODE\C_USER_ROOT_SCRIPTS\inspect_v7_headers.py"	"543"	"CEEA7DF3DA14DB68D9C0A6B80B8CD60DD2FE12DD924B921458857EB4517CC98C"
"04_CODE\C_USER_ROOT_SCRIPTS\inspect_v7_membrane_state.py"	"345"	"454EB7AEF4CD2FA705CA5976F92A6561596B273F4357DC02EDBC293F44D449DE"
"04_CODE\C_USER_ROOT_SCRIPTS\inspect_v7_rescue_inputs.py"	"726"	"E0BE4CEE32185B8DFF7E0DEE0C4AACEE960F956774FE86BC5CCFCFDB3D3AB0C9"
"04_CODE\C_USER_ROOT_SCRIPTS\integrate_v701_rescues.py"	"5030"	"42F37029B2D277ECFF574D690906B86E3CBAF394CA652236375F4CCC429251DE"
"04_CODE\C_USER_ROOT_SCRIPTS\integrate_v702_rescues.py"	"705"	"A28851262D0E1ABB64AB46A4C0B707F2C3E9CF6B3DB1A6533FF905D68DFBD7C9"
"04_CODE\C_USER_ROOT_SCRIPTS\make_d1_whitelist.py"	"718"	"E297FF9D136675DF1D017701A26FA3A702C6E77FF32CD8D91588F89E57A1DF82"
"04_CODE\C_USER_ROOT_SCRIPTS\map_chembl_ligands_to_pubchem.py"	"2499"	"BC15AE8FE37BB00B5DDDE61852A9973E8E29AE884019A2EA5270F89E294B3734"
"04_CODE\C_USER_ROOT_SCRIPTS\map_pdb_codes_via_rcsb_pubchem_xref.py"	"3072"	"5FF8E0C7325AD63D1E26A25B38282382FEFBCE875CEB22A7FDB1A28C3058FD9C"
"04_CODE\C_USER_ROOT_SCRIPTS\map_pdb_ligand_codes_to_pubchem.py"	"2744"	"90EE5C5A4A45BE28E55DD9B581EDF0491F010938CB84E7BA3182DC74C9B07712"
"04_CODE\C_USER_ROOT_SCRIPTS\map_top_pdb_codes_via_rcsb.py"	"4644"	"B55DAD818546289B1A71BA61A5D5F7280C9564A58877CEC625BCD503C0AD9930"
"04_CODE\C_USER_ROOT_SCRIPTS\map_v704_pocket_contacts_to_uniprot_v706.py"	"2761"	"D5B7A9A2E256A4E65B2C70583AD0FC7156FFE1855332BCF5B0350AE58FE2A341"
"04_CODE\C_USER_ROOT_SCRIPTS\mempro_docking_plan_counts.py"	"1675"	"FB1939F273C373771D7E24D38AFACADC9DAC00B14CA99A6D3421914E4950C378"
"04_CODE\C_USER_ROOT_SCRIPTS\mempro_join_check.py"	"2257"	"61574E93B97787D215816C46C7886B99920F22ABD7419CE23DF2E6F62E6FD292"
"04_CODE\C_USER_ROOT_SCRIPTS\merge_structure_ligands_into_normalized_tables.py"	"17885"	"0D9C1D2AE4B69955346F7D521BD1F2E32D5064B368171CC1E8D52BDBC2D701E2"
"04_CODE\C_USER_ROOT_SCRIPTS\merge_uniprot_exp_ligands.py"	"21423"	"726FC30C88AD4BF09C8327CACCAC0118C99C0494B826C09FE6B7F3385DCFF5A0"
"04_CODE\C_USER_ROOT_SCRIPTS\normalize_stitch_to_cid_only.py"	"3581"	"6370D88BD3ACAAD5155A781A695330FAA1536FC9FCF69F63E77EDA4855B4815C"
"04_CODE\C_USER_ROOT_SCRIPTS\pipeline_codex_review.md"	"4960"	"3B146F858AD898073C44774CE4B95CDE2B0544711D7A386E04A38F62629DD535"
"04_CODE\C_USER_ROOT_SCRIPTS\plot_55.py"	"7452"	"553F6C01A6443E4C68872F09F06F961E49DCB3D31E4775CE21B93294D66A9E9B"
"04_CODE\C_USER_ROOT_SCRIPTS\plot_final.py"	"6748"	"4324CA2394D457EF6F773EB665117A4E2F242323988A7494A09BCA9AF2177B83"
"04_CODE\C_USER_ROOT_SCRIPTS\plot_recall.py"	"4924"	"A0B0297DF696E31365C1EA969A8DFB67BD7B20F421104E419FC7FAE2A97C6A4D"
"04_CODE\C_USER_ROOT_SCRIPTS\predict_v7_remaining_form_topology_v707.py"	"3442"	"30E53DE696CCD62ED81480EAB3312FBC984FE44251A0E49A79C48F37EF98330D"
"04_CODE\C_USER_ROOT_SCRIPTS\prepare_v7_final_relations.py"	"4335"	"62073BF2881F83BE9B66F63A0FD26336B1D9BEC92555B1D0F1383253B05EADCA"
"04_CODE\C_USER_ROOT_SCRIPTS\prioritize_membrane_review.py"	"1271"	"D4DC90AF303133FBC7CF78E1629EEABEDACBFDE377737678BFBAE548BD16C213"
"04_CODE\C_USER_ROOT_SCRIPTS\profile_v7_frozen_layers.py"	"2108"	"50E3D336B40B69C9A994BEDC822310DB6447BD6A6D1532ECE1ABDAAFE811D4F9"
"04_CODE\C_USER_ROOT_SCRIPTS\profile_v703_no_residue_pockets.py"	"1991"	"E5FF7CE3E117611D34156D9D247739E52C1FB4928706108DC0E7F97CA2BB05F0"
"04_CODE\C_USER_ROOT_SCRIPTS\profile_v703_remaining_coordinate.py"	"1482"	"363C6F1B1A4A4C5999C50C84F696138E0181B426E3128C6D5F96283D768941CE"
"04_CODE\C_USER_ROOT_SCRIPTS\qa_and_freeze_v7_final_completion.py"	"9463"	"9C51AC35894B0736B71DB588A4D2A2159D07C6703D06CFE74E2FB6235DC63A20"
"04_CODE\C_USER_ROOT_SCRIPTS\qa_mempro_suite_v2.py"	"389"	"FA8C6DB0F84AC797A9E68FBB20C64EC74BD1C10D3EE996720344A6412A7A8752"
"04_CODE\C_USER_ROOT_SCRIPTS\qa_v7_automatic_release.py"	"5847"	"A3E3EE0629C46EFF0328C7FB871DB9225C6974B9ECB4517F50EBB973BC6CD063"
"04_CODE\C_USER_ROOT_SCRIPTS\qc_d1_27_benchmark.py"	"3278"	"2CB93F58B7A6BFD67E349F9A1E45DE683FDA014A95EF809EC8D4536842A3CAFA"
"04_CODE\C_USER_ROOT_SCRIPTS\rebuild_v7_hpa_complete.py"	"4244"	"236B35CBAA5B1795686CD8B16DC9E12203326095491E30291B8F585138E865EF"
"04_CODE\C_USER_ROOT_SCRIPTS\rebuild_v7_negative_evidence_correct.py"	"5304"	"ECCCBCB338C95B6481456B8A07F8016E2AA3F493C6DBDAE1CAF5A4C322577FB3"
"04_CODE\C_USER_ROOT_SCRIPTS\rebuild_v7_negative_with_appends.py"	"6152"	"0C772A07A72A9CA2CF0B05B2521514097D8492AA25A5DE0AA2000D1D110E981C"
"04_CODE\C_USER_ROOT_SCRIPTS\rebuild_v7_relations.py"	"6014"	"7F30C79EE3CD9DC430EB914C4987B8DCCE5FE90BF4B7577BAD9497D2E2DEA926"
"04_CODE\C_USER_ROOT_SCRIPTS\recompute_protein_summaries_after_uniprot_ligands.py"	"2230"	"8795E5C82A8514F3B22A380AE5F6BD813AF944CEDC4C2DABFBACCB90573E0E1C"
"04_CODE\C_USER_ROOT_SCRIPTS\recompute_v7_be_tiers.py"	"5098"	"F491E4E6F79B396676C7EF4E23B8C14EB0D5A0644B83A2490E87857691FE38D7"
"04_CODE\C_USER_ROOT_SCRIPTS\recompute_v7_membrane_evidence_risk.py"	"4146"	"D0D46457E6C52AF0044846456EA571F932795AF88662BF779DC582254070723D"
"04_CODE\C_USER_ROOT_SCRIPTS\redock_summary.py"	"12905"	"76A5F736BB8C255E93A16965C39259CF786BF0E286FD9F79306A02F04D11C6A9"
"04_CODE\C_USER_ROOT_SCRIPTS\redock_v2.py"	"8261"	"5A4588F973E46A7E05A33E70F26A266844E38B9BB218314938A1A7D0E9163609"
"04_CODE\C_USER_ROOT_SCRIPTS\redock_v3.py"	"13078"	"D9EE89669443737BF13150A74976AAD25E182AEFAB3E2E495FD2B21C2EB85AC3"
"04_CODE\C_USER_ROOT_SCRIPTS\remove_evidence_levels_columns.py"	"2255"	"732F54323EFE8450CE8E2E8E5E02D7274490BF555D5808EF1DC3ED675868E941"
"04_CODE\C_USER_ROOT_SCRIPTS\remove_protein_annotation_status.py"	"2117"	"62FDF2ED2C672A35C9D86D16FD79ADB703097FF94E9BBBE7674E66DCB5CE4A28"
"04_CODE\C_USER_ROOT_SCRIPTS\remove_protein_other_columns.py"	"2212"	"A4DFA09DFBC19D0D81E77655A28E172070377D085B6AC40F5AB6C6A30B70CF4A"
"04_CODE\C_USER_ROOT_SCRIPTS\remove_protein_pocket_detail_columns.py"	"2326"	"C3CB866D632227D03160BE32B44B8F94EC368BBEEB995AE531D5D23D6CD1BA00"
"04_CODE\C_USER_ROOT_SCRIPTS\remove_small_molecule_cid_mapping_method.py"	"2120"	"6B9649628B47B4140B1820E4CB79F4A2557189C47CD38C68B77272B817A0721E"
"04_CODE\C_USER_ROOT_SCRIPTS\repair_myriocin_v2.py"	"1136"	"24265B073B822B6977D403F0C4E639F53F3083005CEDED0DBB752376C5788F5C"
"04_CODE\C_USER_ROOT_SCRIPTS\report_d1_v2_exceptions.py"	"644"	"83CA53A8B81EED15C4B5EF21EAB20F8D19D9A311047C5D2897CA06150F0188EE"
"04_CODE\C_USER_ROOT_SCRIPTS\rerender_m4_cleanfinal.py"	"493"	"48FEB5F7083F0B080B04941A215778ABDFBFF7C466578216A387B2A3857B67D4"
"04_CODE\C_USER_ROOT_SCRIPTS\rescue_v7_frozen_sites_v701.py"	"5942"	"84EB7B799ADB163BD0FE6062AA0F1311F433349F14577096BD8024B184913336"
"04_CODE\C_USER_ROOT_SCRIPTS\rescue_v7_frozen_sites_v702_streaming.py"	"6083"	"BF1AD30CD8EDE07A839A2F070F2E2C160D6547E815AA4F3D1BEBDCC9286A3240"
"04_CODE\C_USER_ROOT_SCRIPTS\rescue_v7_remaining_uniprot_v703_streaming.py"	"5196"	"A9BCFDF93AD4CAB7A93CB2D4CB1A1837D286271C28339E2EDE705A13E6EC2E83"
"04_CODE\C_USER_ROOT_SCRIPTS\residue_recall.py"	"11272"	"81DFEEC4CB2530982B6BA4AFBECA87D944445A305A2007A83E378B1795D25F6B"
"04_CODE\C_USER_ROOT_SCRIPTS\residue_recall_v2.py"	"13170"	"E8A5B6C8AA6F2B1C865D4221CA9C621FF01935C4E6B00FBD55F652E14B804761"
"04_CODE\C_USER_ROOT_SCRIPTS\resolve_v7_isoform_processed_v701.py"	"5860"	"789AE9A699B85B88E8B71A8D25CA0A3D41BC2FC280BE55CCBC2957770632FE5C"
"04_CODE\C_USER_ROOT_SCRIPTS\resume_after_cif_v31.sh"	"507"	"591223A7FE86FAADAEE78A2A8F05C3E41A117760D9916E1334A81C499F07DA93"
"04_CODE\C_USER_ROOT_SCRIPTS\RESUME_PREP_V4.sh"	"441"	"F78CE720563ADB29F18CF247D4F6D08DF942A7AB85ED43B37BA9B88B0FA4F6AA"
"04_CODE\C_USER_ROOT_SCRIPTS\revise_mempro_m1_m4_20260816.py"	"31168"	"D6E69F513CE681B80DA1A777EDE10C2B684409ACAB38C0801FAAD325C8B344DD"
"04_CODE\C_USER_ROOT_SCRIPTS\run_build_v7_isoform_processed_exact_v2.py"	"1388"	"9668789854201A5A15EE70EFE70DACAC3C54639DE390F9180BB0AFD5C76F2730"
"04_CODE\C_USER_ROOT_SCRIPTS\run_d1_adjusted_benchmark_v2.sh"	"2227"	"612B777BE79A2EB524603E8C2421516FF6FC5004896D61C6A9AB3CF638274A4B"
"04_CODE\C_USER_ROOT_SCRIPTS\RUN_D1_FORMAL_THREAD8000_V2.sh"	"3522"	"7DE823417343C299BACE8AC9155C7FCC45916106C3EF92E2BDE6223E5331BC9B"
"04_CODE\C_USER_ROOT_SCRIPTS\run_d1_multiseed_v5.sh"	"2720"	"B17CB1559A4C29AB63ABCB9B945E690DDBCE34F248D244891D784BF658D89C0B"
"04_CODE\C_USER_ROOT_SCRIPTS\run_d1_production_batch_v1.sh"	"3438"	"EA2167D30913918E6FBA688128C892A28520FB5EF9D3D740127FF7794429C2A4"
"04_CODE\C_USER_ROOT_SCRIPTS\run_d1_smoke_v2.sh"	"1175"	"902B27E97A60BB015DEF206967731DBC59BDBB733238C24C64CE7F7B296F1F79"
"04_CODE\C_USER_ROOT_SCRIPTS\run_d1_smoke_v3.sh"	"1420"	"67364836DABD8C3E9F9658DFCA76A6AF84886E3C1815177A3230AD13DBC9DB75"
"04_CODE\C_USER_ROOT_SCRIPTS\run_d1_thread_benchmark_v4.sh"	"2235"	"5484354A65D47948C70C18AFD1DA7F7E2EBB37E8F388337269629D9216B490E5"
"04_CODE\C_USER_ROOT_SCRIPTS\run_final_validate_v7_3_1.py"	"812"	"B61B4854BDCC9F75370B6F3A0024A2F41374441DA46C66C7180BA8E09DB375C2"
"04_CODE\C_USER_ROOT_SCRIPTS\run_mempro_cleanup_m2.py"	"661"	"691A1D8AE253A131E57A656DFD1D155833581D70C2E280CAB38B74ECE7947FC1"
"04_CODE\C_USER_ROOT_SCRIPTS\run_mempro_cleanup_m4.py"	"1120"	"7DE47E89500055854B38F1EFA504B0036EEEC311518E3C8A0E357D01F21CC307"
"04_CODE\C_USER_ROOT_SCRIPTS\run_mempro_cleanup_m5_m6.py"	"1147"	"ED03BC6898145F3DA77F0229035C58FDA89A3C8613A122C500FDB2FDB35BC732"
"04_CODE\C_USER_ROOT_SCRIPTS\run_mempro_cleanup_m7.py"	"1002"	"30A7BA02E2527AE1E4FA4FE940D672249DED7D533096BF3502FE9C6709A17B72"
"04_CODE\C_USER_ROOT_SCRIPTS\run_mempro_final_m1_m2_unlocked.py"	"288"	"A6DC8BA00AB1D2DAAB74CC3047540B2D1A3A78F006E3CC54E14C177402580039"
"04_CODE\C_USER_ROOT_SCRIPTS\run_mempro_redraw_final.py"	"1336"	"16ED30796FD58FCAF575B66B01BBB64BE8688F421BA7E495823CE7827530CD39"
"04_CODE\C_USER_ROOT_SCRIPTS\run_mempro_redraw_fixed.py"	"709"	"67F2A91CDBB4CFC02129D373D5545B84E6188E2C664B82E60F8C60FEA2486091"
"04_CODE\C_USER_ROOT_SCRIPTS\run_mempro_stage1_final.py"	"794"	"C41EB4A84443220F500292B5C94B908A45E14AF8567399BC519D3BCA61B7A9AF"
"04_CODE\C_USER_ROOT_SCRIPTS\run_rebuild_v7_negative_with_appends_v2.py"	"673"	"3C643970BF14D9EB3E0E88199DA07CD6C27B726873886AA532CD63EE6EDBBC37"
"04_CODE\C_USER_ROOT_SCRIPTS\run_v7_final_freeze_corrected.py"	"853"	"AEC6CC25ECF3F3CD0E47C318EE7B1BF5A728E4D5908B50AAF3B9E371A1633F65"
"04_CODE\C_USER_ROOT_SCRIPTS\split_binary_drug_name_type_from_small_molecule.py"	"1957"	"C38931DE09DFDF7A93FCF55DF146F2CA6A375B1C2E9F4A334F0D1C7700F6E078"
"04_CODE\C_USER_ROOT_SCRIPTS\stratify_v7_binding_sites_t26.py"	"2688"	"831744F0D2A34B18DDFF485EDDFA9AD43D2100F0A38FD853EA39C922E34C84D9"
"04_CODE\C_USER_ROOT_SCRIPTS\supplement_structure_ligand_cids.py"	"12006"	"27B7A90F127625FC55A689F5CA54B5943F73F8623406C3C01D7CDF7FE3594864"
"04_CODE\C_USER_ROOT_SCRIPTS\triage_v7_frozen_recoverability.py"	"3337"	"8E6C0C05F26114984667A8CD045403C473EB0D57E38DE13CC7CAA4536F2DD175"
"04_CODE\C_USER_ROOT_SCRIPTS\update_binary_docs_after_name_role_split.py"	"6908"	"99CF751E186AAB3F284534BBCAFD0DBBD5B9CD824B658D30300C3C712FCBE7B7"
"04_CODE\C_USER_ROOT_SCRIPTS\update_docs_after_compound_status_name_role.py"	"17164"	"619A7A764FE0998421B27E43ACD40424F9D0D21C5C3E445093FFE536BFD7F263"
"04_CODE\C_USER_ROOT_SCRIPTS\update_docs_after_ligand_interpretation.py"	"18181"	"2EE6D1F784688A19D00C13F2C3FC4166E3469AAFEDA9737F0223B037A812A2D9"
"04_CODE\C_USER_ROOT_SCRIPTS\update_docs_after_remove_evidence_levels.py"	"11605"	"24462C42F33E7B9F27C02D708D7B670B1B3CABE25394D29655351D8F59C926E7"
"04_CODE\C_USER_ROOT_SCRIPTS\update_docs_after_uniprot_exp_ligands.py"	"5244"	"388C1CCAC5693E00B47766E1AA761E19D09C5CC16BD1401FD99A404530F618E1"
"04_CODE\C_USER_ROOT_SCRIPTS\update_m8_data.py"	"1277"	"8304B9705D4C1B1BE394FC7F67C4D102859038DC3181D032785747B816D18C3E"
"04_CODE\C_USER_ROOT_SCRIPTS\v7_2_2_p0_uniprot_audit.py"	"5298"	"49808B04A1125CEFACB9E3F9042E27F20AB0C0DD73B4E0C9C385459572DD5C7E"
"04_CODE\C_USER_ROOT_SCRIPTS\v7_cross_source_retriage.py"	"4257"	"5D97F7C7C2E949C10328A528193EA23E8C6ADD2D518D71A0268F48A3378033D2"
"04_CODE\C_USER_ROOT_SCRIPTS\v7_fetch_all_uniprot_features.py"	"2947"	"EA4E2002DEA0FD111D12AA0B14088531E109B3E288A8BF37BCF39E7B4EF70812"
"04_CODE\C_USER_ROOT_SCRIPTS\v7_final_abc_adjudication.py"	"7534"	"AA196760475956A5C1AD0485C3D80AF3336E81D092C7B705AAE3488A4B047788"
"04_CODE\C_USER_ROOT_SCRIPTS\v7_final_abc_adjudication_v2.py"	"5011"	"9595E363DB2C3FB0FC87C7BD88384474AFB23786855C3D1EDD7747489136DAC5"
"04_CODE\C_USER_ROOT_SCRIPTS\v7_parse_uniprot_and_retriage.py"	"7164"	"CDC336E3F541E656D0A9C2FDFCE2C5476EED83C10F5F140E1D76056089F73D0A"
"04_CODE\C_USER_ROOT_SCRIPTS\v71_count_neg_overlap.py"	"647"	"1E6B5A9F65A844345303809A0428B543BB92328F9655A5488A74B37AD0275CCD"
"04_CODE\C_USER_ROOT_SCRIPTS\v71_inventory_baseline.py"	"2322"	"7392EF7350FF6DC3516D0C68CFCF55E6D30893F393F21681FA60A3788008A9C1"
"04_CODE\C_USER_ROOT_SCRIPTS\v71_profile_modules.py"	"3361"	"9E5AD83A9BAF565E4CD91307970F2A1C60D0A69E2979D348431251A0715B627D"
"04_CODE\C_USER_ROOT_SCRIPTS\v71_publication_rules.md"	"2315"	"1BA48C2474C3C3246867CA79FADF78ECE33DCB9B2ABEEA964ACF23ADFA4033EC"
"04_CODE\C_USER_ROOT_SCRIPTS\v71_stage1_schema.py"	"7858"	"DE73272010FD621D39B0873C4F10096835D5404665DA2E7A642C41CEE83259B1"
"04_CODE\C_USER_ROOT_SCRIPTS\v71_stage2_correct_sites.py"	"4127"	"2FDC524322812240EE98A5F55B7664AC9F2A213686501A0AD5E8456FCD318C77"
"04_CODE\C_USER_ROOT_SCRIPTS\v71_stage2_sites.py"	"9016"	"7206C14844EC7286A6D9EFA8BC52F7DF3B5035909860B2E06F5A8A25AA94BF05"
"04_CODE\C_USER_ROOT_SCRIPTS\v71_stage3_entities.py"	"12375"	"EDB4D4A170E7F80DC3A2DC4FA80982C3BB9D9178096C85B7FA336B5A0297473E"
"04_CODE\C_USER_ROOT_SCRIPTS\v71_stage4_expression_negative.py"	"8314"	"E60123B28C7880FD0494FD33B00F8CA8D4175C7511F14107D95A060D8130AB3D"
"04_CODE\C_USER_ROOT_SCRIPTS\v71_stage4_run_safe.py"	"1449"	"71981E9ED7414594FA58BE1BD214EA8D273BBECF5E961521A2E22066DDCF179A"
"04_CODE\C_USER_ROOT_SCRIPTS\v71_stage4_run_safe_v2.py"	"1449"	"333B091F2FC08D5D208EA65A2054DEC41E86A45934502A866E7425C5314D92D8"
"04_CODE\C_USER_ROOT_SCRIPTS\v71_stage5_lineage_class_disease.py"	"8552"	"10DD109D06419A22BAD0BCA2BF4E4578E6B0CDE4616B764B700BAD5EC8B01AC5"
"04_CODE\C_USER_ROOT_SCRIPTS\v71_stage6_finalize.py"	"9457"	"852832F0C84A533F5AC8D19C5E6CA2C1464BB9D17CDBEA0B65189E2C953856BC"
"04_CODE\C_USER_ROOT_SCRIPTS\v711_fix_hpa_semantics.py"	"6073"	"E333AE3280A5E4B05661BABF4E1C00F0951E73D76934AE2A58445713D998794C"
"04_CODE\C_USER_ROOT_SCRIPTS\validate_mechanistic_c_and_old_e1.py"	"4780"	"F38240AD14148741A594D6A964F6266A9EE627DE9A9A19C3F74A1E77D2CE026D"
"04_CODE\C_USER_ROOT_SCRIPTS\validate_v7_2_abc.py"	"2140"	"611B0DB1C1DE37B0854B663CE77DD052B2E3B630BEB7EBDA0DE92CB153D371F2"
"04_CODE\C_USER_ROOT_SCRIPTS\validate_v7_relations.py"	"5311"	"415F7F1CBEF9792990CB9F5059C85C616217A432E01D20A99B860E16DC59389F"
"04_CODE\C_USER_ROOT_SCRIPTS\validate_v7_remaining_modules.py"	"5264"	"1351DBCDB565144BCED68C4C8FBF554CF1AE59CBEF4DDE4D7DCF1BB16C396659"
"04_CODE\C_USER_ROOT_SCRIPTS\verify_cleanup.ps1"	"600"	"30AC5B0889727147DDF6690C667A6714C9DA001FC07FE5EC8EB65F064DCA6A6A"
"04_CODE\C_USER_ROOT_SCRIPTS\verify_v7_final_manifest.py"	"1341"	"545F4633DB4EC7C68E8B3D5420FAA6F994F1D79BA64CD588E2D5A98DA1FDA4C8"
"04_CODE\C_USER_ROOT_SCRIPTS\verify_v7_manifest.py"	"936"	"3A4F4494A91DB11D8E60D3EFB021C50555B0DA631660DF467AC5C8A004166E89"
"04_CODE\C_USER_ROOT_SCRIPTS\verify_v7_negative_integrity.py"	"1608"	"61FA0EC50D47ECFFF1C741429FDD5710493DD8E37AA4B44675D61B27F6869158"
"04_CODE\C_USER_ROOT_SCRIPTS\vina_gpu_debug_report.md"	"5212"	"866EBA9244FAD45B10A2F9828E88590D6C897233E6FD96FD2B8EB88FE2C2EB3D"
"04_CODE\CURRENT_DOCKING_FIX_CODE\__pycache__\04b_finalize_receptor_qc.cpython-312.pyc"	"9095"	"5157627B58630188ABAE89BF70C7FDFEF572B9A81FDB350F828C1EA7879EC4B4"
"04_CODE\CURRENT_DOCKING_FIX_CODE\__pycache__\05_generate_configs_v3.cpython-312.pyc"	"5505"	"DAD5489B4C34D550B5A846AB89D554BE146CB5861ED54E8C513FB8B604F91A8F"
"04_CODE\CURRENT_DOCKING_FIX_CODE\__pycache__\06b_benchmark_threads_v3.cpython-312.pyc"	"4430"	"4370DD17774D44C177D4FCCA9ACE8EBBDCB5680A40741283CF7227A2E3757BB9"
"04_CODE\CURRENT_DOCKING_FIX_CODE\02_prepare_proteins_v3.sh"	"1245"	"B996D679A642F64F87EC6F8F598907E89738B4DD6AC4A2B5B8FD8A05B9CF9691"
"04_CODE\CURRENT_DOCKING_FIX_CODE\03_prepare_ligands.sh"	"1216"	"5BEC7167B632BFCD280C183DD41603D5B245173CE85951E6E2A295621D7E6D61"
"04_CODE\CURRENT_DOCKING_FIX_CODE\04b_finalize_receptor_qc.py"	"5019"	"FA7405AB758A29F705C1877374AAFF4F5CDF5C87DE928C21D8CF6308CEACA46A"
"04_CODE\CURRENT_DOCKING_FIX_CODE\05_generate_configs_v3.py"	"2717"	"43DC521363D1207FC948FA706721332D35C8315EC38FC018D65F6F5FE1CF679A"
"04_CODE\CURRENT_DOCKING_FIX_CODE\06b_benchmark_threads_v3.py"	"1724"	"11874E95B90E10423577E844E8D1DEAC767FED4F5FD9223186F2EAC18907599D"
"04_CODE\CURRENT_DOCKING_FIX_CODE\06c_run_thread_benchmark_v3.sh"	"1039"	"8664B55527128FA3B68297E26A9D11615BB945EBDE6945987EDCF2042EF8944B"
"04_CODE\CURRENT_DOCKING_FIX_CODE\07_run_docking_v3.sh"	"1190"	"EF96C95A48F8BD0E55DB87B7962BA6DBCD863A3D18A32F20DD85B0A23731D4E2"
"04_CODE\CURRENT_DOCKING_FIX_CODE\a100_validate_benchmark_v4.py"	"4493"	"F8EC1EA50B3004DB7B134A964224D0F4A05D393D1222821115FE421249DC8EFA"
"04_CODE\CURRENT_DOCKING_FIX_CODE\benchmark_then_production_v5.sh"	"1144"	"D048AA83A71F4AE165C1A655714F382890F75F63A9AF2D2F8030D66B9E931318"
"04_CODE\CURRENT_DOCKING_FIX_CODE\rerun_benchmark.sh"	"587"	"E0819E89E833020F558928A25BB2DDBACE1D7E8AF63FBF74F4BB6A55AC880955"
"04_CODE\D_7.22_CODE_AND_DOCS\_migration_originals\desktop\semifinal\analyze_workbooks.mjs"	"908"	"CD8A2EBEAEB06C00F68AD5B8E6D8AB464C3A3D7F0D5CD88F245675DAE37BB4CE"
"04_CODE\D_7.22_CODE_AND_DOCS\_migration_originals\desktop\semifinal\analyze_xlsx_xml.py"	"2695"	"60E1087B56566BD339799BC2D1B93CBCB9C1CE2EB1F62FF1BF5AFCDAB100B4A5"
"04_CODE\D_7.22_CODE_AND_DOCS\_migration_originals\main\7.22\membrane_master_v5_working\configs\release_tiers.yaml"	"1159"	"546EAEF204F2C6DFD7910022D6E52E02DF561BF37F2169C4FC84C029E7F330A7"
"04_CODE\D_7.22_CODE_AND_DOCS\_migration_originals\main\7.22\membrane_master_v5_working\raw\membranome_main.js"	"7874978"	"018395DA0F04535E969BEBA7D8A030B1AF1D964E1E0D429C642E90FFBC4539E0"
"04_CODE\D_7.22_CODE_AND_DOCS\_migration_originals\main\7.22\membrane_master_v5_working\raw\opm_main.js"	"7231706"	"440E5363FC0180A43B041D58B43A0A5D4A80BAE040E1B47201B2BAACA2D26D1E"
"04_CODE\D_7.22_CODE_AND_DOCS\_migration_originals\main\7.22\membrane_master_v5_working\release\COMPLETENESS_REPORT_v5.md"	"1550"	"A5A0D6F101E672D85A214330A5CEFB3E70D775E7559F49F9FECE08C862143F93"
"04_CODE\D_7.22_CODE_AND_DOCS\_migration_originals\main\7.22\membrane_master_v5_working\release\DATA_DICTIONARY_v5.md"	"1854"	"69BFC02079223EFB15EE09AA0BAD51765D99911F5B5730AB5408BFA0552BB095"
"04_CODE\D_7.22_CODE_AND_DOCS\_migration_originals\main\7.22\membrane_master_v5_working\release\INCLUSION_POLICY_v5.md"	"718"	"87BDB7A69DE955E661FC25B968260F7DAF96350B9E7E9632F28EFDBF29A702F7"
"04_CODE\D_7.22_CODE_AND_DOCS\_migration_originals\main\7.22\membrane_master_v5_working\release\METHODS_v5.md"	"2677"	"5EA9F5AC8071E08414D86D780E640C6F70B7E99AECC387BFFE61530E5A2493AC"
"04_CODE\D_7.22_CODE_AND_DOCS\_migration_originals\main\7.22\membrane_master_v5_working\release\README_v5.md"	"2817"	"9FA18F831BA51204D444FE0B55CD9BD0D13DDEB71062794A11F9320430821123"
"04_CODE\D_7.22_CODE_AND_DOCS\_migration_originals\main\7.22\membrane_master_v5_working\releases\release_v5\COMPLETENESS_REPORT_v5.md"	"1550"	"A5A0D6F101E672D85A214330A5CEFB3E70D775E7559F49F9FECE08C862143F93"
"04_CODE\D_7.22_CODE_AND_DOCS\_migration_originals\main\7.22\membrane_master_v5_working\releases\release_v5\DATA_DICTIONARY_v5.md"	"1854"	"69BFC02079223EFB15EE09AA0BAD51765D99911F5B5730AB5408BFA0552BB095"
"04_CODE\D_7.22_CODE_AND_DOCS\_migration_originals\main\7.22\membrane_master_v5_working\releases\release_v5\INCLUSION_POLICY_v5.md"	"718"	"87BDB7A69DE955E661FC25B968260F7DAF96350B9E7E9632F28EFDBF29A702F7"
"04_CODE\D_7.22_CODE_AND_DOCS\_migration_originals\main\7.22\membrane_master_v5_working\releases\release_v5\METHODS_v5.md"	"2677"	"5EA9F5AC8071E08414D86D780E640C6F70B7E99AECC387BFFE61530E5A2493AC"
"04_CODE\D_7.22_CODE_AND_DOCS\_migration_originals\main\7.22\membrane_master_v5_working\releases\release_v5\README_PACKAGE.md"	"1142"	"9F85931115EEED275F577EB3C81642CE615673FC4A6EE498858765C52F579968"
"04_CODE\D_7.22_CODE_AND_DOCS\_migration_originals\main\7.22\membrane_master_v5_working\releases\release_v5\README_v5.md"	"2817"	"9FA18F831BA51204D444FE0B55CD9BD0D13DDEB71062794A11F9320430821123"
"04_CODE\D_7.22_CODE_AND_DOCS\_migration_originals\main\7.22\membrane_master_v5_working\releases\release_v5\reproducibility\configs\release_tiers.yaml"	"1159"	"546EAEF204F2C6DFD7910022D6E52E02DF561BF37F2169C4FC84C029E7F330A7"
"04_CODE\D_7.22_CODE_AND_DOCS\_migration_originals\main\7.22\membrane_master_v5_working\releases\release_v5\reproducibility\scripts\bootstrap_v5.py"	"1810"	"13A84A73E330C3D69DD385187A74495C681036EBFB4037B0BCCB966A5CD8603C"
"04_CODE\D_7.22_CODE_AND_DOCS\_migration_originals\main\7.22\membrane_master_v5_working\releases\release_v5\reproducibility\scripts\build_v5_master.py"	"53947"	"7CC8B7EC423FD934B06FA1092393520C62A20F1AE530B25A06E3693C443CD8A2"
"04_CODE\D_7.22_CODE_AND_DOCS\_migration_originals\main\7.22\membrane_master_v5_working\releases\release_v5\reproducibility\scripts\build_v5_workbook.mjs"	"21281"	"BE0A618B4EF242A0A2920C34AB5822669A8335EEBA0B8C7D0AFA6CB40A771FBE"
"04_CODE\D_7.22_CODE_AND_DOCS\_migration_originals\main\7.22\membrane_master_v5_working\releases\release_v5\reproducibility\scripts\download_v5_sources.ps1"	"3608"	"700325139E21365FB5F979C04889EDAB658DD98D039BA6D3742F7901C1B2B8FA"
"04_CODE\D_7.22_CODE_AND_DOCS\_migration_originals\main\7.22\membrane_master_v5_working\releases\release_v5\reproducibility\scripts\package_v5_release.py"	"4922"	"D306280DE4B4861570DC30557EBAF8565AB7EB8643196174E46288A3BC20E621"
"04_CODE\D_7.22_CODE_AND_DOCS\_migration_originals\main\7.22\membrane_master_v5_working\releases\release_v5\reproducibility\scripts\validate_v5.py"	"6079"	"5C8479EC57E78EAD61301DE761D6E59F6C49D04431BF5F350AEDFCA082BB540B"
"04_CODE\D_7.22_CODE_AND_DOCS\_migration_originals\main\7.22\membrane_master_v5_working\releases\release_v5\reproducibility\scripts\write_v5_docs.py"	"17233"	"75A7AF15EC81F816D829C0C3B0B6FA403D243DFD51565EBFB3FB8FC617E30EA2"
"04_CODE\D_7.22_CODE_AND_DOCS\_migration_originals\main\7.22\membrane_master_v5_working\releases\release_v5_1\DATA_DICTIONARY_v5_1.md"	"1068"	"A1BE3CEC7075D8A32E5A72C13C97D321DC973A3D95193768F3A725DB5344159A"
"04_CODE\D_7.22_CODE_AND_DOCS\_migration_originals\main\7.22\membrane_master_v5_working\releases\release_v5_1\INCLUSION_POLICY_v5_1.md"	"1491"	"4E16822EEB9B855FB058E67D582568D5932E97C263C63EDCBD0660801243905D"
"04_CODE\D_7.22_CODE_AND_DOCS\_migration_originals\main\7.22\membrane_master_v5_working\releases\release_v5_1\METHODS_v5_1.md"	"1582"	"BAC2A659ECC5626808184959E1527BD1497B805E28796386AAEE6B29F054F63B"
"04_CODE\D_7.22_CODE_AND_DOCS\_migration_originals\main\7.22\membrane_master_v5_working\releases\release_v5_1\README_v5_1.md"	"1683"	"20C584D37C2253CBEEF77C7A24AD1FC08ED5034350F180F86DEE7F515DC6BF20"
"04_CODE\D_7.22_CODE_AND_DOCS\_migration_originals\main\7.22\membrane_master_v5_working\releases\release_v5_1\reproducibility\scripts\build_v51_preliminary_review.py"	"32066"	"641EF24101FDF6C5887AD510B52B9C1320EF54FBD7F9C569C213AEB306540451"
"04_CODE\D_7.22_CODE_AND_DOCS\_migration_originals\main\7.22\membrane_master_v5_working\releases\release_v5_1\reproducibility\scripts\build_v51_release.py"	"17753"	"C85E5A8177357B40D61D7579EA7BB75A721B4609135B9330AE67AA6D463BAD51"
"04_CODE\D_7.22_CODE_AND_DOCS\_migration_originals\main\7.22\membrane_master_v5_working\releases\release_v5_1\reproducibility\scripts\download_v51_aux_sources.py"	"4129"	"E0B191356685B4E90A2BFD4C35D6298376378AD5C33C7460C3A581F8AC4A4A1F"
"04_CODE\D_7.22_CODE_AND_DOCS\_migration_originals\main\7.22\membrane_master_v5_working\releases\release_v5_1\reproducibility\scripts\download_v51_pdbe_mappings.py"	"9669"	"8396BEA9715692713F42A752FC68E57B72C9BCD85BD980694A48D1D459765532"
"04_CODE\D_7.22_CODE_AND_DOCS\_migration_originals\main\7.22\membrane_master_v5_working\releases\release_v5_1\reproducibility\scripts\download_v51_review_sources.py"	"5902"	"965D1D21CEF9DA444348B046322389AC654BC2A8448A97BBE0348DC0F931CE51"
"04_CODE\D_7.22_CODE_AND_DOCS\_migration_originals\main\7.22\membrane_master_v5_working\releases\release_v5_1\reproducibility\scripts\finalize_v51_review.py"	"10129"	"78DE7EF1BD349511CB3901C5D5B26093917CC0B0E362C4C1EACC535BE5366EE2"
"04_CODE\D_7.22_CODE_AND_DOCS\_migration_originals\main\7.22\membrane_master_v5_working\releases\release_v5_1\reproducibility\scripts\validate_package_v51.py"	"9274"	"10E4ED5B9B19DC29CE3EBE696C438C96F8CB0B9CADBD2F7A485EFECAFAA63998"
"04_CODE\D_7.22_CODE_AND_DOCS\_migration_originals\main\7.22\membrane_master_v5_working\releases\release_v5_1\REVIEW_REPORT_v5_1.md"	"474"	"05056F681193B660CD3701BDAA58EED32228D097334086120BFF933BC4967C9B"
"04_CODE\D_7.22_CODE_AND_DOCS\_migration_originals\main\7.22\membrane_master_v5_working\releases\release_v5_2_evidence_tiered\DATA_DICTIONARY_v5_2.md"	"594"	"B87043687D7B57C6CECD902CD45645534FEB7112AF7A46238C09851C9BA0B29E"
"04_CODE\D_7.22_CODE_AND_DOCS\_migration_originals\main\7.22\membrane_master_v5_working\releases\release_v5_2_evidence_tiered\EVIDENCE_POLICY_v5_2.md"	"1265"	"103B75742E7A3CBDDA9A5A3DC6FA424E2F8706A03EEE645D0242DBE36CACF2A7"
"04_CODE\D_7.22_CODE_AND_DOCS\_migration_originals\main\7.22\membrane_master_v5_working\releases\release_v5_2_evidence_tiered\README_v5_2.md"	"1067"	"8645E428BE00727FB84D34FB9C8E6CDBB386C61532464CD231BFE2BB93AB0285"
"04_CODE\D_7.22_CODE_AND_DOCS\_migration_originals\main\7.22\membrane_master_v5_working\releases\release_v5_2_evidence_tiered\reproducibility\scripts\build_v52_evidence_tiers.py"	"14542"	"8991735D6F981490BFDCABCDDF4EA2DA623E44DB27544DA6D577BB1568352F03"
"04_CODE\D_7.22_CODE_AND_DOCS\_migration_originals\main\7.22\membrane_master_v5_working\releases\release_v5_2_evidence_tiered\reproducibility\scripts\validate_package_v52.py"	"9511"	"431A5EAA9DAC40D593FB3D8A90DB7E7DD7AC80CAB7E75514666E4EBD3CA3C9B3"
"04_CODE\D_7.22_CODE_AND_DOCS\_migration_originals\main\7.22\membrane_master_v5_working\releases\release_v5_3_sequences\DATA_DICTIONARY_v5_3.md"	"875"	"0256B250BE1A75393FF2A6C49E6FE877C506DC366F905918039B73E0E5699334"
"04_CODE\D_7.22_CODE_AND_DOCS\_migration_originals\main\7.22\membrane_master_v5_working\releases\release_v5_3_sequences\EVIDENCE_POLICY_v5_2.md"	"1265"	"103B75742E7A3CBDDA9A5A3DC6FA424E2F8706A03EEE645D0242DBE36CACF2A7"
"04_CODE\D_7.22_CODE_AND_DOCS\_migration_originals\main\7.22\membrane_master_v5_working\releases\release_v5_3_sequences\README_v5_3.md"	"1043"	"EEBFA79AB8D6B7C12C7B7BD98733169D23CC5814F229660C4914299A17DF8838"
"04_CODE\D_7.22_CODE_AND_DOCS\_migration_originals\main\7.22\membrane_master_v5_working\releases\release_v5_3_sequences\reproducibility\scripts\build_v52_evidence_tiers.py"	"14542"	"8991735D6F981490BFDCABCDDF4EA2DA623E44DB27544DA6D577BB1568352F03"
"04_CODE\D_7.22_CODE_AND_DOCS\_migration_originals\main\7.22\membrane_master_v5_working\releases\release_v5_3_sequences\reproducibility\scripts\build_v53_sequence_release.py"	"12189"	"812BF64124451AA7FCB0DE9BE043D0EED85B0D1195B765E9B2344C42D7E24F84"
"04_CODE\D_7.22_CODE_AND_DOCS\_migration_originals\main\7.22\membrane_master_v5_working\releases\release_v5_3_sequences\reproducibility\scripts\build_v53_workbook.mjs"	"17333"	"126C1BF47D6B59E945A298B14B7180EEBD2653D9FCC788630F48ABA6FE604DE2"
"04_CODE\D_7.22_CODE_AND_DOCS\_migration_originals\main\7.22\membrane_master_v5_working\releases\release_v5_3_sequences\reproducibility\scripts\fetch_uniprot_sequences_v53.py"	"10602"	"C0BD70467C811989E3383F86306DDAF6B0779DC073B484D4CC87902AA1E6E60D"
"04_CODE\D_7.22_CODE_AND_DOCS\_migration_originals\main\7.22\membrane_master_v5_working\releases\release_v5_3_sequences\reproducibility\scripts\validate_package_v53.py"	"15199"	"6CB93119884825A3C14F660D35A924491C848148087E6151ACA5175261B1B2B0"
"04_CODE\D_7.22_CODE_AND_DOCS\_migration_originals\main\7.22\membrane_master_v5_working\releases\release_v5_3_sequences\SEQUENCE_POLICY_v5_3.md"	"1011"	"9D4AA1A113CF25B2DA85017A6EE31A49C0F7F4E7BC315F84E9DE3621D0945712"
"04_CODE\D_7.22_CODE_AND_DOCS\_migration_originals\main\7.22\membrane_master_v5_working\scripts\bootstrap_v5.py"	"1810"	"13A84A73E330C3D69DD385187A74495C681036EBFB4037B0BCCB966A5CD8603C"
"04_CODE\D_7.22_CODE_AND_DOCS\_migration_originals\main\7.22\membrane_master_v5_working\scripts\build_v5_master.py"	"53947"	"7CC8B7EC423FD934B06FA1092393520C62A20F1AE530B25A06E3693C443CD8A2"
"04_CODE\D_7.22_CODE_AND_DOCS\_migration_originals\main\7.22\membrane_master_v5_working\scripts\build_v51_preliminary_review.py"	"32066"	"641EF24101FDF6C5887AD510B52B9C1320EF54FBD7F9C569C213AEB306540451"
"04_CODE\D_7.22_CODE_AND_DOCS\_migration_originals\main\7.22\membrane_master_v5_working\scripts\build_v51_release.py"	"17753"	"C85E5A8177357B40D61D7579EA7BB75A721B4609135B9330AE67AA6D463BAD51"
"04_CODE\D_7.22_CODE_AND_DOCS\_migration_originals\main\7.22\membrane_master_v5_working\scripts\build_v52_evidence_tiers.py"	"14542"	"8991735D6F981490BFDCABCDDF4EA2DA623E44DB27544DA6D577BB1568352F03"
"04_CODE\D_7.22_CODE_AND_DOCS\_migration_originals\main\7.22\membrane_master_v5_working\scripts\build_v53_sequence_release.py"	"12189"	"812BF64124451AA7FCB0DE9BE043D0EED85B0D1195B765E9B2344C42D7E24F84"
"04_CODE\D_7.22_CODE_AND_DOCS\_migration_originals\main\7.22\membrane_master_v5_working\scripts\download_v5_sources.ps1"	"3608"	"700325139E21365FB5F979C04889EDAB658DD98D039BA6D3742F7901C1B2B8FA"
"04_CODE\D_7.22_CODE_AND_DOCS\_migration_originals\main\7.22\membrane_master_v5_working\scripts\download_v51_aux_sources.py"	"4129"	"E0B191356685B4E90A2BFD4C35D6298376378AD5C33C7460C3A581F8AC4A4A1F"
"04_CODE\D_7.22_CODE_AND_DOCS\_migration_originals\main\7.22\membrane_master_v5_working\scripts\download_v51_pdbe_mappings.py"	"9669"	"8396BEA9715692713F42A752FC68E57B72C9BCD85BD980694A48D1D459765532"
"04_CODE\D_7.22_CODE_AND_DOCS\_migration_originals\main\7.22\membrane_master_v5_working\scripts\download_v51_review_sources.py"	"5902"	"965D1D21CEF9DA444348B046322389AC654BC2A8448A97BBE0348DC0F931CE51"
"04_CODE\D_7.22_CODE_AND_DOCS\_migration_originals\main\7.22\membrane_master_v5_working\scripts\fetch_uniprot_sequences_v53.py"	"10602"	"C0BD70467C811989E3383F86306DDAF6B0779DC073B484D4CC87902AA1E6E60D"
"04_CODE\D_7.22_CODE_AND_DOCS\_migration_originals\main\7.22\membrane_master_v5_working\scripts\finalize_v51_review.py"	"10129"	"78DE7EF1BD349511CB3901C5D5B26093917CC0B0E362C4C1EACC535BE5366EE2"
"04_CODE\D_7.22_CODE_AND_DOCS\_migration_originals\main\7.22\membrane_master_v5_working\scripts\package_v5_release.py"	"4922"	"D306280DE4B4861570DC30557EBAF8565AB7EB8643196174E46288A3BC20E621"
"04_CODE\D_7.22_CODE_AND_DOCS\_migration_originals\main\7.22\membrane_master_v5_working\scripts\validate_package_v51.py"	"9274"	"10E4ED5B9B19DC29CE3EBE696C438C96F8CB0B9CADBD2F7A485EFECAFAA63998"
"04_CODE\D_7.22_CODE_AND_DOCS\_migration_originals\main\7.22\membrane_master_v5_working\scripts\validate_package_v52.py"	"9511"	"431A5EAA9DAC40D593FB3D8A90DB7E7DD7AC80CAB7E75514666E4EBD3CA3C9B3"
"04_CODE\D_7.22_CODE_AND_DOCS\_migration_originals\main\7.22\membrane_master_v5_working\scripts\validate_package_v53.py"	"15199"	"6CB93119884825A3C14F660D35A924491C848148087E6151ACA5175261B1B2B0"
"04_CODE\D_7.22_CODE_AND_DOCS\_migration_originals\main\7.22\membrane_master_v5_working\scripts\validate_v5.py"	"6079"	"5C8479EC57E78EAD61301DE761D6E59F6C49D04431BF5F350AEDFCA082BB540B"
"04_CODE\D_7.22_CODE_AND_DOCS\_migration_originals\main\7.22\membrane_master_v5_working\scripts\write_v5_docs.py"	"17233"	"75A7AF15EC81F816D829C0C3B0B6FA403D243DFD51565EBFB3FB8FC617E30EA2"
"04_CODE\D_7.22_CODE_AND_DOCS\_migration_originals\main\7.22\membrane_master_v5_working\spreadsheet_build\build_v5_workbook.mjs"	"21281"	"BE0A618B4EF242A0A2920C34AB5822669A8335EEBA0B8C7D0AFA6CB40A771FBE"
"04_CODE\D_7.22_CODE_AND_DOCS\_migration_originals\main\7.22\upload\normalized_tables\DATA_DICTIONARY.md"	"10740"	"FBFCCF845156087F720037D0E6C5B212E19A72BFE1141BDC89A461A8CE32C5C8"
"04_CODE\D_7.22_CODE_AND_DOCS\_migration_originals\main\7.22\upload\normalized_tables\PROCESS_LOG.md"	"8291"	"CE33C0F5C583D3BD40B9A6051BEDF190F457B4F5AC085DFD2E1BA8F6A1664074"
"04_CODE\D_7.22_CODE_AND_DOCS\_migration_originals\main\7.22\upload\normalized_tables\releases\partner_handoff_v3_1\docs\DATA_DICTIONARY.md"	"16620"	"235CEC5048C7BDB4DC7EB637E27F74F7A1B25BFD6D95994FEE6C4851AC26AE90"
"04_CODE\D_7.22_CODE_AND_DOCS\_migration_originals\main\7.22\upload\normalized_tables\releases\partner_handoff_v3_1\docs\FULL_WORK_LOG.md"	"16649"	"51C61C756BE0E6A345C7CCDA85AEC8CD30D4EA6C69923C7994C033E91DC6298D"
"04_CODE\D_7.22_CODE_AND_DOCS\_migration_originals\main\7.22\upload\normalized_tables\releases\partner_handoff_v3_1\docs\PROCESS_LOG.md"	"12499"	"7394053324C703EEA2229961A169D332E661AE99E4EA05D0B1C58F7932050FEF"
"04_CODE\D_7.22_CODE_AND_DOCS\_migration_originals\main\7.22\upload\normalized_tables\releases\partner_handoff_v3_1\docs\SHEET2_SHEET3_COLUMN_GUIDE.md"	"12990"	"DD91CF428A22F1AF44FDFFB379C05CC54190D0DC16F5ED5D623DEF2CE1CA72DA"
"04_CODE\D_7.22_CODE_AND_DOCS\_migration_originals\main\7.22\upload\normalized_tables\releases\partner_handoff_v3_1\PARTNER_HANDOFF.md"	"7867"	"24EFCB90CD4B09BC91EAD8F247236676975E1725FAF09B60C5D68ABFEA50A7ED"
"04_CODE\D_7.22_CODE_AND_DOCS\_migration_originals\main\7.22\upload\normalized_tables\releases\partner_handoff_v3_1\scripts\build_v31_data.py"	"17495"	"636C3CEB9485DAE91FB9EBE2A2DF85AA5AE35285323810B6CAAF2F9D46B17703"
"04_CODE\D_7.22_CODE_AND_DOCS\_migration_originals\main\7.22\upload\normalized_tables\releases\partner_handoff_v3_1\scripts\build_v31_xlsx_openpyxl.py"	"5240"	"5EE4012A3E0B8798E6167827598A85C14F38388BC9A1CD9A69A6BE8673B24F1A"
"04_CODE\D_7.22_CODE_AND_DOCS\_migration_originals\main\7.22\upload\normalized_tables\releases\partner_handoff_v3_1\scripts\validate_v31.py"	"4555"	"6A80DB880496786C71882AA5FC46C9C00072BC87C13BA211F2752266F9B9C050"
"04_CODE\D_7.22_CODE_AND_DOCS\_migration_originals\main\7.22\upload\normalized_tables\releases\partner_handoff_v3_1\scripts\validate_v31_xlsx_zip.py"	"4882"	"F250A249B048B53FD7838ADB6822161819FB25EA811B9FA5E31580376D1E7D05"
"04_CODE\D_7.22_CODE_AND_DOCS\_migration_originals\main\7.22\upload\normalized_tables\releases\protein_gene_disease_v1\DATA_DICTIONARY.md"	"2159"	"72B0CF9172D5C8A88E1B81D9784CEFFAB62418418CE3456EA0322C01F0A90CCE"
"04_CODE\D_7.22_CODE_AND_DOCS\_migration_originals\main\7.22\upload\normalized_tables\releases\protein_gene_disease_v1\METHODS.md"	"2162"	"191298B95295D318884655C0C025B4175C830669628CA3ED28B928657087CBFF"
"04_CODE\D_7.22_CODE_AND_DOCS\_migration_originals\main\7.22\upload\normalized_tables\releases\protein_gene_disease_v1\README.md"	"2613"	"795306443BCF01A8B6F2C4591FBA4F8C45C1FED203E70A3A6E1B4C32B0B3498B"
"04_CODE\D_7.22_CODE_AND_DOCS\_migration_originals\main\7.22\upload\normalized_tables\workflows\protein_gene_disease_mapping\config\config.yaml"	"1839"	"EE1357031B3F2FB65DE426D24F16FD634A6D758AE32A9AF3ED69B0E7DF9D5A98"
"04_CODE\D_7.22_CODE_AND_DOCS\_migration_originals\main\7.22\upload\normalized_tables\workflows\protein_gene_disease_mapping\config\evidence_scoring_policy_abce_v1.yaml"	"1517"	"18F85569EDB2CB650DDAE3B14F256D09A7F456AD0EA198B5977B28A43D6EADB6"
"04_CODE\D_7.22_CODE_AND_DOCS\_migration_originals\main\7.22\upload\normalized_tables\workflows\protein_gene_disease_mapping\config\evidence_source_policy.yaml"	"8142"	"75FE2E5637736D991D4AC8689AFB7F5990DF9A4B512DCF0F93AA65D9CBB29789"
"04_CODE\D_7.22_CODE_AND_DOCS\_migration_originals\main\7.22\upload\normalized_tables\workflows\protein_gene_disease_mapping\README.md"	"1074"	"48B509706B2BD12B22D2A8C50E6CC37BDB717FF4B031DD90420F22B984A68342"
"04_CODE\D_7.22_CODE_AND_DOCS\_migration_originals\main\7.22\upload\normalized_tables\workflows\protein_gene_disease_mapping\run_abce_release_v1_1.py"	"783"	"8448449FC4B15F0D40BE045021FE6A993B9C7CB4E8AE9E5D7A5B302D13CFD28B"
"04_CODE\D_7.22_CODE_AND_DOCS\_migration_originals\main\7.22\upload\normalized_tables\workflows\protein_gene_disease_mapping\run_validate_abce_release_v1_1.py"	"740"	"B9A993C8B2D693D97B8FD7FADEA59933B2029BF81F279FB3575DE9FCFE0A23C2"
"04_CODE\D_7.22_CODE_AND_DOCS\_migration_originals\main\7.22\upload\normalized_tables\workflows\protein_gene_disease_mapping\src\__init__.py"	"53"	"38837ED639FBC445C2783FF05462F1349A7330BE665B481972C2037153BB9775"
"04_CODE\D_7.22_CODE_AND_DOCS\_migration_originals\main\7.22\upload\normalized_tables\workflows\protein_gene_disease_mapping\src\common.py"	"6156"	"096BFAEB6A2D15AAF092F2EE4B743C162EA710CC727992ABA60651BE2B46D8E4"
"04_CODE\D_7.22_CODE_AND_DOCS\_migration_originals\main\7.22\upload\normalized_tables\workflows\protein_gene_disease_mapping\src\compare_evidence_filter_rules.py"	"23197"	"52307B11D8D96D293CA231DD71DA7BBAFE984B22067BE356D03F784233E6F3F7"
"04_CODE\D_7.22_CODE_AND_DOCS\_migration_originals\main\7.22\upload\normalized_tables\workflows\protein_gene_disease_mapping\src\export_abce_release_v1_1.py"	"29085"	"84105874CC74AC7C90A7629CE27DB926DF356AA2B778447F604CCB48E5AE7F86"
"04_CODE\D_7.22_CODE_AND_DOCS\_migration_originals\main\7.22\upload\normalized_tables\workflows\protein_gene_disease_mapping\src\export_balanced_two_source_v1_1.py"	"37268"	"5D7DD5FC021467E69F4A5B2142BE41FB63D5179594C80DE5DBED235558A4533F"
"04_CODE\D_7.22_CODE_AND_DOCS\_migration_originals\main\7.22\upload\normalized_tables\workflows\protein_gene_disease_mapping\src\normalize_disease_entities.py"	"4375"	"D5B75D53F24A7933F8581DF41089DA788F92B83409D805B855F49B5605089EA6"
"04_CODE\D_7.22_CODE_AND_DOCS\_migration_originals\main\7.22\upload\normalized_tables\workflows\protein_gene_disease_mapping\src\select_primary_disease.py"	"1912"	"BF4798866A7B1930FF0E843A424A8878DBC1CBB1243E896817EBCE39A5FB61DD"
"04_CODE\D_7.22_CODE_AND_DOCS\_migration_originals\main\7.22\upload\normalized_tables\workflows\protein_gene_disease_mapping\src\validate_abce_release_v1_1.py"	"6594"	"F408403D442E63AD1363500109E47F8F39BF22C83373F5317ADF23C9A4638563"
"04_CODE\D_7.22_CODE_AND_DOCS\_migration_originals\main\7.22\upload\normalized_tables\workflows\protein_gene_disease_mapping\tests\test_evidence_source_policy.py"	"1408"	"89CA23C0FF9EC6D98F21AE1C578CD0FEDA9901AD5D7FB5EC729A6A5350D6292D"
"04_CODE\D_7.22_CODE_AND_DOCS\_migration_originals\main\7.22\upload\normalized_tables\workflows\protein_gene_disease_mapping\tests\test_logic.py"	"3668"	"4C1AFA3D5CD42508DC60B24DE6EB911C5C335C1C0B56D1CFDFE3873133F81B93"
"04_CODE\D_7.22_CODE_AND_DOCS\_migration_originals\main\7.22\v4_working\configs\scope_policy.yaml"	"1303"	"855649C63C45C2002D71CA27CF0CF8A7BD9CA91DBCE15C1F83E5694A20F7605D"
"04_CODE\D_7.22_CODE_AND_DOCS\_migration_originals\main\7.22\v4_working\configs\source_registry.yaml"	"1102"	"AB20257CA3F83DAEFEC4B6BE3B244551DB248B5FBA208581F12AE53B61A4397A"
"04_CODE\D_7.22_CODE_AND_DOCS\_migration_originals\main\7.22\v4_working\DATA_DICTIONARY.md"	"2629"	"C36072A9056EC1A031F9FB172137785578D8BEA42CDB079C3A003046AFAB4C4A"
"04_CODE\D_7.22_CODE_AND_DOCS\_migration_originals\main\7.22\v4_working\DATA_MODEL.md"	"1257"	"CBBB682CBCF6AEA75FF35E7FCB81FDC51891A781605C7F455CD440E85831155D"
"04_CODE\D_7.22_CODE_AND_DOCS\_migration_originals\main\7.22\v4_working\INCLUSION_POLICY.md"	"2279"	"4CDCC2A01B52AC4812FBAEB02F44BF84C9EA70D7E37489122D9FF16DE6CEFC56"
"04_CODE\D_7.22_CODE_AND_DOCS\_migration_originals\main\7.22\v4_working\METHODS.md"	"2172"	"E7963A71B49DBC32056CAF168A075EBD4FE95A3521A1F01480EDA1E1EA3D7BEB"
"04_CODE\D_7.22_CODE_AND_DOCS\_migration_originals\main\7.22\v4_working\outputs\v4_excel\build_v4_workbook.mjs"	"14746"	"8132AD8229F3C52571E24113676E628FD409F6791C72E286189874A3774AEC1E"
"04_CODE\D_7.22_CODE_AND_DOCS\_migration_originals\main\7.22\v4_working\releases\release_v4\COMPLETENESS_REPORT.md"	"1267"	"D9DF3B50CE74FDE82A4EDA7816E1953A07C720D46593FE564834285C116E136C"
"04_CODE\D_7.22_CODE_AND_DOCS\_migration_originals\main\7.22\v4_working\releases\release_v4\DATA_DICTIONARY.md"	"2629"	"C36072A9056EC1A031F9FB172137785578D8BEA42CDB079C3A003046AFAB4C4A"
"04_CODE\D_7.22_CODE_AND_DOCS\_migration_originals\main\7.22\v4_working\releases\release_v4\INCLUSION_POLICY.md"	"2279"	"4CDCC2A01B52AC4812FBAEB02F44BF84C9EA70D7E37489122D9FF16DE6CEFC56"
"04_CODE\D_7.22_CODE_AND_DOCS\_migration_originals\main\7.22\v4_working\releases\release_v4\METHODS.md"	"2172"	"E7963A71B49DBC32056CAF168A075EBD4FE95A3521A1F01480EDA1E1EA3D7BEB"
"04_CODE\D_7.22_CODE_AND_DOCS\_migration_originals\main\7.22\v4_working\reports\COMPLETENESS_REPORT.md"	"1267"	"D9DF3B50CE74FDE82A4EDA7816E1953A07C720D46593FE564834285C116E136C"
"04_CODE\D_7.22_CODE_AND_DOCS\_migration_originals\main\7.22\v4_working\scripts\bootstrap_v4.py"	"1874"	"ED11A29F2207C640252E34CBFCC4990C7B22CD2DDE06732334AE84A8764779F6"
"04_CODE\D_7.22_CODE_AND_DOCS\_migration_originals\main\7.22\v4_working\scripts\build_membrane_reference.py"	"17943"	"CA56BBB8D8251925FA4B1AE44755061D940315F4F55249FB366E39D5D3CE20B2"
"04_CODE\D_7.22_CODE_AND_DOCS\_migration_originals\main\7.22\v4_working\scripts\derive_protein_sm_status.py"	"12893"	"F1E1D5E9A6392372290FB664FF9A190497C1D071103B3AFAB29239106DC4956F"
"04_CODE\D_7.22_CODE_AND_DOCS\_migration_originals\main\7.22\v4_working\scripts\finalize_v4_release.py"	"2033"	"687DA62B07911952B106C964BD3B204B71648FEE1C5A21C750D20939FD612EE7"
"04_CODE\D_7.22_CODE_AND_DOCS\_migration_originals\main\7.22\v4_working\scripts\integrate_bindingdb_index.py"	"3822"	"C9D3C34A15531D94753C774BBCA6911D05F95D4A0D73B60646AFDD7BAC3BCBE3"
"04_CODE\D_7.22_CODE_AND_DOCS\_migration_originals\main\7.22\v4_working\scripts\integrate_chembl_target_index.py"	"5654"	"0B1260B21F8E6BD1A6678B9253112148452626E4F3238BDD3E103C76F3E7EC3C"
"04_CODE\D_7.22_CODE_AND_DOCS\_migration_originals\main\7.22\v4_working\scripts\integrate_gtopdb.py"	"9938"	"4EFF99553DBFCF3CE0A19E59DC58BAF9EB512D819363514ED5C835F3A48CFB36"
"04_CODE\D_7.22_CODE_AND_DOCS\_migration_originals\main\7.22\v4_working\scripts\transform_current_v4.py"	"16455"	"D00C32675270297B57917D89E48A47C8548CCFFA55925BF53328A7897928F226"
"04_CODE\D_7.22_CODE_AND_DOCS\_migration_originals\main\7.22\v4_working\scripts\validate_and_package_v4.py"	"10281"	"9A6E8754F516947C7CC76B65264BCD3F28B81CE5229004C0A921BBD53CC07C93"
"04_CODE\D_7.22_CODE_AND_DOCS\_migration_originals\outputs\membrane_v51_20260724\analyze_candidates.mjs"	"2398"	"80FD1CD1E0607C82CAC9078732FA447C4CCE5A0B5AC8AA48CB769391D294487E"
"04_CODE\D_7.22_CODE_AND_DOCS\_migration_originals\outputs\membrane_v51_20260724\build_v51_workbook.mjs"	"16104"	"40E6CEE85431A589B606DFAB1682BB784796DD7C941E799B9FF64378489F2FE1"
"04_CODE\D_7.22_CODE_AND_DOCS\_migration_originals\outputs\membrane_v52_20260724\build_v52_workbook.mjs"	"14032"	"4D5186DC156F2C76899DDF12B0936081263405A2320E0F465A51473FCCEF5C7B"
"04_CODE\D_7.22_CODE_AND_DOCS\_migration_originals\outputs\membrane_v53_sequences_20260724\build_v53_workbook.mjs"	"17333"	"126C1BF47D6B59E945A298B14B7180EEBD2653D9FCC788630F48ABA6FE604DE2"
"04_CODE\D_7.22_CODE_AND_DOCS\complex_target_v63_working\DATA_DICTIONARY.md"	"3046"	"22499793532F549E218A35B79684208C7C3D23B4EAED1B2F54B9F4FDD9FC149F"
"04_CODE\D_7.22_CODE_AND_DOCS\complex_target_v63_working\METHODS_AND_LIMITATIONS.md"	"2046"	"F33D5A8F4EFC1ECB80BEE11E3B8DEB5DF7A45FC31D7392CBD2C519D441CDC0EB"
"04_CODE\D_7.22_CODE_AND_DOCS\complex_target_v63_working\README.md"	"3178"	"55D0586C9AAF3F981A16B57408DBDF1399137BBE3D23A41A9E3F0AE10060623D"
"04_CODE\D_7.22_CODE_AND_DOCS\complex_target_v63_working\run_complex_module.ps1"	"1239"	"5CBE04D4FB5115DC79906868D32261123551EC3D2EFF3AA3A3310BE2D98A0233"
"04_CODE\D_7.22_CODE_AND_DOCS\complex_target_v63_working\scripts\build_complex_target_module_v0_1.py"	"32293"	"1BC76FC92EC2F4FC9EE6B74E07357052FB49EC5C360DC70A33998B4D5E483DFB"
"04_CODE\D_7.22_CODE_AND_DOCS\complex_target_v63_working\scripts\finalize_complex_target_module_v0_2.py"	"14992"	"216833BC49D5788E010DA8B4A45E5626D499162BDBEE720611DA94EFA0122965"
"04_CODE\D_7.22_CODE_AND_DOCS\disease_v63_working\figures\CAPTION_M4_DISEASE_ONTOLOGY_CONTEXT.md"	"765"	"8A2856763AF8C3CE7687649BBE48808F09583891B5C4FF2F6C92DAC86278A90C"
"04_CODE\D_7.22_CODE_AND_DOCS\disease_v63_working\figures\CAPTION_M5E_SCAFFOLD_DIVERSITY.md"	"701"	"DD3E6C7CFF2FDF366011E519F08F764542A80C08A935B5A6CA2835D871345559"
"04_CODE\D_7.22_CODE_AND_DOCS\disease_v63_working\scripts\build_disease_module.py"	"40004"	"E25485F316E6204FDA886E91EAC76BB7F44A4AB8F406D72524CE04D3F487AE35"
"04_CODE\D_7.22_CODE_AND_DOCS\disease_v63_working\scripts\build_m5e_scaffold_diversity.py"	"14273"	"ED4E2CC83ACA20C0E9E5721B9155C54AE0D31BB0B0C4EC07734359C9F267E442"
"04_CODE\D_7.22_CODE_AND_DOCS\disease_v63_working\scripts\finalize_disease_module_v2.py"	"5012"	"101F86E90EE5EE2C46FB114E4D4F6F21858F6B10E5A1A154CEC65537F91CD6D4"
"04_CODE\D_7.22_CODE_AND_DOCS\disease_v63_working\scripts\replot_m5e_scaffold_diversity_v2.py"	"5626"	"0C7441F8E95EDA3568DEE1C3A6E3835728830326E21BDB1138FD72FC847C0CDC"
"04_CODE\D_7.22_CODE_AND_DOCS\disease_v63_working\scripts\run_m5e_scaffold_diversity_v2.py"	"988"	"2AEC4C4C445897423E774747D642F2C1FA3ED4054EE43DD4DA0110578F04C872"
"04_CODE\D_7.22_CODE_AND_DOCS\evidence_expansion_v2_working\config\evidence_policy_v2.md"	"1304"	"D6700BF312C364BB7049F928D837175041BDB820F0CD2E9C03CD888F98337195"
"04_CODE\D_7.22_CODE_AND_DOCS\evidence_expansion_v2_working\deliverables\mempro_ppt_20260803\build_mempro_deck.mjs"	"31848"	"B7BC6951C6B5A68CCD21288647AA6F1B27E1AD8659570F1C5E337175AC8F33F5"
"04_CODE\D_7.22_CODE_AND_DOCS\evidence_expansion_v2_working\figures\v62_main_20260730\captions\CAPTION_M0_SOURCE_VERSIONS.md"	"2019"	"05CCA131316970F1014CF6E3A05012B26F313980E99B430AA3A166BC88315255"
"04_CODE\D_7.22_CODE_AND_DOCS\evidence_expansion_v2_working\figures\v62_main_20260730\captions\CAPTIONS_ALL_FIGURES.md"	"6037"	"DDFB1D84FD48B39EB866C95BBF53BAE1EC671A65CBF3C5B6892A3A62E39785BD"
"04_CODE\D_7.22_CODE_AND_DOCS\evidence_expansion_v2_working\figures\v62_main_20260730\captions\CAPTIONS_M1_M4.md"	"2023"	"A075F0FA56D2A9C7A6C9642E086A7AAB3467CC32099BD936A569C82401A1985F"
"04_CODE\D_7.22_CODE_AND_DOCS\evidence_expansion_v2_working\figures\v62_main_20260730\captions\CAPTIONS_M5_M8.md"	"1932"	"D132CC51286305CB920551343A454E935242C12285DA06634DCADEECA2CF4E00"
"04_CODE\D_7.22_CODE_AND_DOCS\evidence_expansion_v2_working\figures\v62_main_20260730\captions\CAPTIONS_SUPPLEMENTARY_FIGURES.md"	"2043"	"2AA5B6CD1807DDA7590D62E56D0A7A173EE2D916C1D87243FDCD68D0BDA98451"
"04_CODE\D_7.22_CODE_AND_DOCS\evidence_expansion_v2_working\figures\v62_main_20260730\README_FIGURES.md"	"1317"	"8BF0A1ACB5592B2DAEA8BBBDCD5F4E27BAF718593C6E20B20069877A832DE70C"
"04_CODE\D_7.22_CODE_AND_DOCS\evidence_expansion_v2_working\outputs\019f8860-7e30-7212-a7fa-081966252cf1\build_docking_review_workbook.mjs"	"24191"	"D94913A34DD1D02C762054998C916EF481A98106EA10E8D47BA92532D032222E"
"04_CODE\D_7.22_CODE_AND_DOCS\evidence_expansion_v2_working\outputs\019f8860-7e30-7212-a7fa-081966252cf1\build_figure_plan_v2.mjs"	"34658"	"EE52440960EC318426AEBC1A19D6E2F44CD5F4D8D903D8712E47939FDE1CB473"
"04_CODE\D_7.22_CODE_AND_DOCS\evidence_expansion_v2_working\README.md"	"1458"	"801E7499F7AEB8E58818112D83E564136FC00CF6061E3BEB24AC3CEB7464E8E2"
"04_CODE\D_7.22_CODE_AND_DOCS\evidence_expansion_v2_working\releases\release_mempro_v6_0_20260727\DATA_DICTIONARY_v6_0.md"	"1766"	"D54E952A4795F843CF3FA723B42AEA0C650566D8C97BE4ED197D611FA5B33E26"
"04_CODE\D_7.22_CODE_AND_DOCS\evidence_expansion_v2_working\releases\release_mempro_v6_0_20260727\INCLUSION_POLICY_v6_0.md"	"1200"	"53C2974EF1FB2ED04ADD6C1C472AEB42550B4DECD6346010A187DC5DFBC5B851"
"04_CODE\D_7.22_CODE_AND_DOCS\evidence_expansion_v2_working\releases\release_mempro_v6_0_20260727\METHODS_v6_0.md"	"1705"	"1F0543BA85CCDC53EAA052A98FCA525C8F1B07CD584E8F9BD4F08E02391FF6F5"
"04_CODE\D_7.22_CODE_AND_DOCS\evidence_expansion_v2_working\releases\release_mempro_v6_0_20260727\README_v6_0.md"	"1033"	"36D88087F19E9697E2E6E68A29EA9F34ED3084B5236E01C3A51FD27C3BEC5109"
"04_CODE\D_7.22_CODE_AND_DOCS\evidence_expansion_v2_working\releases\release_mempro_v6_0_20260727\reproducibility\scripts\audit_incremental_ready_v4.py"	"7221"	"BBE36A08A3E4BC429AFCB919F40BA1AB4164873639ACED9D6DCE361499B68DC5"
"04_CODE\D_7.22_CODE_AND_DOCS\evidence_expansion_v2_working\releases\release_mempro_v6_0_20260727\reproducibility\scripts\build_incremental_evidence_release_v6.py"	"44319"	"86F0C3410FF1D943D54AD3DB7978FA43B595DF64ACFA78D601E4A160129CB0C9"
"04_CODE\D_7.22_CODE_AND_DOCS\evidence_expansion_v2_working\releases\release_mempro_v6_0_20260727\reproducibility\scripts\build_incremental_master_release_v6.py"	"11874"	"F61330BB0964D95966400D838011DE0973B4724217F1C56D410A5B60CF0E1AA0"
"04_CODE\D_7.22_CODE_AND_DOCS\evidence_expansion_v2_working\releases\release_mempro_v6_0_20260727\reproducibility\scripts\validate_and_freeze_release_v6.py"	"15340"	"A2AB6DB75398507A1E84B35BD90A3FCB1F0E6DA332A2D59F6CA12B84D8D7129D"
"04_CODE\D_7.22_CODE_AND_DOCS\evidence_expansion_v2_working\releases\release_mempro_v6_1_20260729\DATA_DICTIONARY_v6_1.md"	"515"	"CC14E1968678FF0308EED5B8176E41DF588E346DC78B06183066838C1949D924"
"04_CODE\D_7.22_CODE_AND_DOCS\evidence_expansion_v2_working\releases\release_mempro_v6_1_20260729\INCLUSION_POLICY_v6_1.md"	"522"	"A1A59FA133EFBB1D5153110208CE2C20F616F05BDB17EB30DF9BA5061D638F4C"
"04_CODE\D_7.22_CODE_AND_DOCS\evidence_expansion_v2_working\releases\release_mempro_v6_1_20260729\METHODS_v6_1.md"	"689"	"80F352AEA5E57FD6D9E7D9A9DF6C37301327F98F25C4A1140FAA715D0011BF5E"
"04_CODE\D_7.22_CODE_AND_DOCS\evidence_expansion_v2_working\releases\release_mempro_v6_1_20260729\README_v6_1.md"	"281"	"32F3B1EFBD671EA4CBFF2FE0F93F71EA2B145C1D7BB895AE2EF729FE77206A4C"
"04_CODE\D_7.22_CODE_AND_DOCS\evidence_expansion_v2_working\releases\release_mempro_v6_2_20260730\METHODS_v6_2.md"	"672"	"2EDD9811C86EC30FEA1376EF0C0F7B6279D171E1A1F9CEC4706DFE71E723B7C4"
"04_CODE\D_7.22_CODE_AND_DOCS\evidence_expansion_v2_working\releases\release_mempro_v6_2_20260730\README_v6_2.md"	"495"	"F3EF21E91A0E0EAECBF3172E0CDF6FE4BCE1D88226BDAE905AB935D0E624C02C"
"04_CODE\D_7.22_CODE_AND_DOCS\evidence_expansion_v2_working\releases\superseded_pre_handoff_release_mempro_v6_1_20260729\DATA_DICTIONARY_v6_1.md"	"515"	"CC14E1968678FF0308EED5B8176E41DF588E346DC78B06183066838C1949D924"
"04_CODE\D_7.22_CODE_AND_DOCS\evidence_expansion_v2_working\releases\superseded_pre_handoff_release_mempro_v6_1_20260729\INCLUSION_POLICY_v6_1.md"	"522"	"A1A59FA133EFBB1D5153110208CE2C20F616F05BDB17EB30DF9BA5061D638F4C"
"04_CODE\D_7.22_CODE_AND_DOCS\evidence_expansion_v2_working\releases\superseded_pre_handoff_release_mempro_v6_1_20260729\METHODS_v6_1.md"	"689"	"80F352AEA5E57FD6D9E7D9A9DF6C37301327F98F25C4A1140FAA715D0011BF5E"
"04_CODE\D_7.22_CODE_AND_DOCS\evidence_expansion_v2_working\releases\superseded_pre_handoff_release_mempro_v6_1_20260729\README_v6_1.md"	"281"	"7BB1183C6FBF9349CE6C5C70026D216FAEF52EE07129210BD558B03113EA90A0"
"04_CODE\D_7.22_CODE_AND_DOCS\evidence_expansion_v2_working\runs\docking_selection_v1_20260728\DOCKING_SELECTION_V1_DATA_DICTIONARY.md"	"1893"	"47F720B326E837192B0D3610D6F1FC8CA302536A4D6CD6C91483572BD8774C5D"
"04_CODE\D_7.22_CODE_AND_DOCS\evidence_expansion_v2_working\runs\docking_selection_v1_v61_20260729\DOCKING_SELECTION_V1_V61_DATA_DICTIONARY.md"	"1832"	"2741008A58FCB84286AC4F4F9DFE857E4B41309768B7BD69FBB7F31286CE792B"
"04_CODE\D_7.22_CODE_AND_DOCS\evidence_expansion_v2_working\runs\docking_selection_v1_v62_20260730\DOCKING_SELECTION_V1_V62_DATA_DICTIONARY.md"	"1832"	"17D47A866B57173483ED0E88ECFAF94EC31BF7205FDD0B271F92582C9C72B70E"
"04_CODE\D_7.22_CODE_AND_DOCS\evidence_expansion_v2_working\runs\docking_selection_v2_v62_20260730\DOCKING_HPC_SHORTLIST_V2_V62_DATA_DICTIONARY.md"	"1002"	"109D1AB65911D9A3C12DFD59417BD8F308B2F7D8D07944931F5F2C413838CC25"
"04_CODE\D_7.22_CODE_AND_DOCS\evidence_expansion_v2_working\runs\expression_location_v1_20260728\EXPRESSION_LOCATION_DATA_DICTIONARY.md"	"1741"	"03526BD2CB7230C86002BBAF8F69D48DECAD98330C10851417ADEA0EBF032309"
"04_CODE\D_7.22_CODE_AND_DOCS\evidence_expansion_v2_working\runs\incremental_20260727\README.md"	"195"	"543FC1616DEC01BDD045ADB3BEB23D50663E0DC627987E6565B5C3C515124EC9"
"04_CODE\D_7.22_CODE_AND_DOCS\evidence_expansion_v2_working\runs\incremental_v61_20260727\release_candidate_v6_1\DATA_DICTIONARY_v6_1.md"	"515"	"CC14E1968678FF0308EED5B8176E41DF588E346DC78B06183066838C1949D924"
"04_CODE\D_7.22_CODE_AND_DOCS\evidence_expansion_v2_working\runs\incremental_v61_20260727\release_candidate_v6_1\INCLUSION_POLICY_v6_1.md"	"522"	"A1A59FA133EFBB1D5153110208CE2C20F616F05BDB17EB30DF9BA5061D638F4C"
"04_CODE\D_7.22_CODE_AND_DOCS\evidence_expansion_v2_working\runs\incremental_v61_20260727\release_candidate_v6_1\METHODS_v6_1.md"	"689"	"80F352AEA5E57FD6D9E7D9A9DF6C37301327F98F25C4A1140FAA715D0011BF5E"
"04_CODE\D_7.22_CODE_AND_DOCS\evidence_expansion_v2_working\runs\incremental_v61_20260727\release_candidate_v6_1\README_v6_1.md"	"281"	"32F3B1EFBD671EA4CBFF2FE0F93F71EA2B145C1D7BB895AE2EF729FE77206A4C"
"04_CODE\D_7.22_CODE_AND_DOCS\evidence_expansion_v2_working\runs\incremental_v61_20260727\V61_EXECUTION_PLAN.md"	"1021"	"08CE87473F184EBC1B2504119ABA388C1194AEB0A27A2200DF9156FB4CD9A253"
"04_CODE\D_7.22_CODE_AND_DOCS\evidence_expansion_v2_working\runs\incremental_v61_20260727\V61_FINALIZATION_EXECUTION_PLAN.md"	"3136"	"73DE59FD5C7DD6913EA6B9C6164A19934C4BEAFE0D61C66D840ECF97FC56D743"
"04_CODE\D_7.22_CODE_AND_DOCS\evidence_expansion_v2_working\runs\subunit_assembly_v1_20260728\SUBUNIT_ASSEMBLY_DATA_DICTIONARY.md"	"1843"	"42B85AF691AAF9887077E830AD769C88F15A267333607A79FA08A76CFE27D4F3"
"04_CODE\D_7.22_CODE_AND_DOCS\evidence_expansion_v2_working\scripts\audit_incremental_ready_v4.py"	"7221"	"BBE36A08A3E4BC429AFCB919F40BA1AB4164873639ACED9D6DCE361499B68DC5"
"04_CODE\D_7.22_CODE_AND_DOCS\evidence_expansion_v2_working\scripts\build_docking_hpc_shortlists_v62.py"	"15566"	"3F35D02AEAC939F1397450402C7A6C42EF06DD869100AE0A3D3ACD19B58F6BE1"
"04_CODE\D_7.22_CODE_AND_DOCS\evidence_expansion_v2_working\scripts\build_docking_selection_v1.py"	"31809"	"CBFAB4DF1D75496561E08632ED362203AB633A74531F1C42A372A644012B63F3"
"04_CODE\D_7.22_CODE_AND_DOCS\evidence_expansion_v2_working\scripts\build_docking_selection_v1_v61.py"	"1658"	"92B4B7D7C68EE3E7F01BF63289DFDA88D78ECA6192656E3615121D9B45F31C6C"
"04_CODE\D_7.22_CODE_AND_DOCS\evidence_expansion_v2_working\scripts\build_docking_selection_v1_v62.py"	"1634"	"63384235A9F72503B4C5E2C41324B6378AD124D1C49CB4ADBB9939717966FC25"
"04_CODE\D_7.22_CODE_AND_DOCS\evidence_expansion_v2_working\scripts\build_expression_location_module_v1.py"	"53956"	"9F059F12F891BA09F5919A778CD2403E357D0E167E8D326FAB6D26A93755EACB"
"04_CODE\D_7.22_CODE_AND_DOCS\evidence_expansion_v2_working\scripts\build_expression_location_module_v2.py"	"35211"	"1EF53445C2E3536F141736FAA2E6C8BFAACCE9E6FF7183D292C2791536490DC6"
"04_CODE\D_7.22_CODE_AND_DOCS\evidence_expansion_v2_working\scripts\build_figures_m1_m4_v62.py"	"36975"	"87CA81097C27C319C3B65BA8C4C581B0D1769E17F217ABE9922EEED25662CD9F"
"04_CODE\D_7.22_CODE_AND_DOCS\evidence_expansion_v2_working\scripts\build_figures_m5_m8_v62.py"	"36270"	"9C87837DF4DCBB51A9CEF90E3E9E09D748BC306440EF0FF80439142FFB0EAE57"
"04_CODE\D_7.22_CODE_AND_DOCS\evidence_expansion_v2_working\scripts\build_incremental_evidence_release_v6.py"	"44319"	"86F0C3410FF1D943D54AD3DB7978FA43B595DF64ACFA78D601E4A160129CB0C9"
"04_CODE\D_7.22_CODE_AND_DOCS\evidence_expansion_v2_working\scripts\build_incremental_master_release_v6.py"	"11874"	"F61330BB0964D95966400D838011DE0973B4724217F1C56D410A5B60CF0E1AA0"
"04_CODE\D_7.22_CODE_AND_DOCS\evidence_expansion_v2_working\scripts\build_integration_index_v2.py"	"8166"	"862D9FFEBC15D6AD8DE3BB6840B70F568370DE8E17F927397C322B9871C333D6"
"04_CODE\D_7.22_CODE_AND_DOCS\evidence_expansion_v2_working\scripts\build_pre_pubchem_incremental_delta_v3.py"	"10465"	"D88F2696CC67A72B00FB60E1246ABD1E1ACBE2F2A5EF958E58BA489C9CEC6F23"
"04_CODE\D_7.22_CODE_AND_DOCS\evidence_expansion_v2_working\scripts\build_source_version_figure_v62.py"	"7858"	"61C3AD127BC0C641A496466640A3DE8EF2053D0A07BC4C572C51A5E67826217F"
"04_CODE\D_7.22_CODE_AND_DOCS\evidence_expansion_v2_working\scripts\build_subunit_assembly_module_v1.py"	"28186"	"97504FCA01E765ACE72F47D19408CA1B7B7E7BD9A830A11E8F803E2E54948943"
"04_CODE\D_7.22_CODE_AND_DOCS\evidence_expansion_v2_working\scripts\build_subunit_assembly_module_v2.py"	"25700"	"159A8D68E6AFC1EC7529E433FC0E4C61FBADDEECB95B705E98A7E804D0419BA0"
"04_CODE\D_7.22_CODE_AND_DOCS\evidence_expansion_v2_working\scripts\build_supplementary_figures_v62.py"	"26277"	"C1B5338AD3FFCBCC9586BEEAB0027BE72476DDEF3B8A4F98E0852523A4DAD3F8"
"04_CODE\D_7.22_CODE_AND_DOCS\evidence_expansion_v2_working\scripts\build_v61_premerge_identity.py"	"25052"	"4FCAEB543A2F42139E2EF060B208BC938E2D067633626C0DF573754A592365B3"
"04_CODE\D_7.22_CODE_AND_DOCS\evidence_expansion_v2_working\scripts\build_v61_release_delta_preview.py"	"12622"	"55CC576994B225969529F5C33EEEBD4EC3136FB1D53AB58FFE056ECC29D64DC2"
"04_CODE\D_7.22_CODE_AND_DOCS\evidence_expansion_v2_working\scripts\correct_v61_reconciliation_freeze.py"	"4068"	"2AB257BAF21D4A0E4D98F14FDF7D4D4E43FFB43CCDAC568FA599E340EFD0E2FD"
"04_CODE\D_7.22_CODE_AND_DOCS\evidence_expansion_v2_working\scripts\discover_pubchem_aids_v2.py"	"7307"	"5A7CCBB76C93427C4B0E6B5E6A1C70DC57A4A21B2C7C61DC0A48AC3B55BA73AA"
"04_CODE\D_7.22_CODE_AND_DOCS\evidence_expansion_v2_working\scripts\download_hpa_v62.py"	"5417"	"FE3D2E1D5E8ED6CD6B061B2303C1682BBAC8353434069A2FCC0DD75853299FAA"
"04_CODE\D_7.22_CODE_AND_DOCS\evidence_expansion_v2_working\scripts\fetch_gpcrdb_ligands_v2.py"	"7560"	"F122CBE96E7B527548B26BAF4E56C3ED4F1C3F53DFE474F63789D4B62A1671D9"
"04_CODE\D_7.22_CODE_AND_DOCS\evidence_expansion_v2_working\scripts\fetch_negative_pubchem_properties_v62.py"	"8430"	"FE6121B1BD9FF10242495E686A134797BB2E1EEA55CE800B1EFA692897DB3396"
"04_CODE\D_7.22_CODE_AND_DOCS\evidence_expansion_v2_working\scripts\fetch_pdbe_ligand_sites_v2.py"	"8050"	"987CD9FEAD6862398EFCA3D940C498DD63AB7AEC09F77D984ECC418000FCA4BE"
"04_CODE\D_7.22_CODE_AND_DOCS\evidence_expansion_v2_working\scripts\fetch_pubchem_compound_properties_v61.py"	"12202"	"544AEB1CF35E6CB87C1B45D62D6A3C285D6203F80B8176116296B0F1C4FA682D"
"04_CODE\D_7.22_CODE_AND_DOCS\evidence_expansion_v2_working\scripts\fetch_pubchem_protein_concise_v2.py"	"10185"	"806A5F3FC7B6BC42C6CBF7F44AF3FACEDA67180802AE027403C68C8462600B0F"
"04_CODE\D_7.22_CODE_AND_DOCS\evidence_expansion_v2_working\scripts\fetch_rcsb_ccd_properties_v61.py"	"15673"	"516D5B35E454741644A09E16C3E18E7BF58E8806158B1B56DA9CECBD0264D07F"
"04_CODE\D_7.22_CODE_AND_DOCS\evidence_expansion_v2_working\scripts\figure_style_v62.py"	"8529"	"118BC135B5692E74CFDF80896E3BA8B2A1A17CB86AD1609B20BB26001B64383A"
"04_CODE\D_7.22_CODE_AND_DOCS\evidence_expansion_v2_working\scripts\finalize_v61_release.py"	"99928"	"E4F57E0A0328EDF60D4EC90DF2E4B3BCBC3AF14C74CC406B1B6754736F70F28B"
"04_CODE\D_7.22_CODE_AND_DOCS\evidence_expansion_v2_working\scripts\finalize_v62_release.py"	"35677"	"A9B8464DB511B92E3886FFFFF22BC5048D8C2DB5CDCD9D2BD5017FBD61310EA7"
"04_CODE\D_7.22_CODE_AND_DOCS\evidence_expansion_v2_working\scripts\freeze_baseline_v2.py"	"6781"	"B4C362A9A5A224BCA41C5EA954E8AAD6E88462A8785D0547C83A879C6EDA426E"
"04_CODE\D_7.22_CODE_AND_DOCS\evidence_expansion_v2_working\scripts\initialize_incremental_run_v3.py"	"7883"	"37633D777B422C0AAFF186189CCAE16233BDD3F6D860700BD64714813B980BA7"
"04_CODE\D_7.22_CODE_AND_DOCS\evidence_expansion_v2_working\scripts\initialize_v61_identity_expansion.py"	"15508"	"1B5BA5C079D952D53B758A057F5E015454E64D8A4771802EDC233E9DE312FA4A"
"04_CODE\D_7.22_CODE_AND_DOCS\evidence_expansion_v2_working\scripts\map_pubchem_properties_v61.py"	"10768"	"1C83CC2A0B24A4EA452C7907128FBD61115104DC9105B025A52B5331830E9DFA"
"04_CODE\D_7.22_CODE_AND_DOCS\evidence_expansion_v2_working\scripts\merge_structural_identity_candidates_v61.py"	"9650"	"6F8CB238E28E142F8EF82C3AD99B73B5A6AF66C62716AA56F652DDADF34C6793"
"04_CODE\D_7.22_CODE_AND_DOCS\evidence_expansion_v2_working\scripts\monitor_v61_finalization_gate.py"	"2418"	"3C60271FB158623CE2099B3E84FAFB65D1A0EDA3B3A24F2B9D6627BCECD5BD37"
"04_CODE\D_7.22_CODE_AND_DOCS\evidence_expansion_v2_working\scripts\normalize_brenda_human_membrane_v3.py"	"28943"	"3F2667246D92BF8754851DA38B4FFD9C92B7DFCE6F9A6292A5BF6E43A3A7F3A7"
"04_CODE\D_7.22_CODE_AND_DOCS\evidence_expansion_v2_working\scripts\normalize_gpcrdb_ligands_v2.py"	"22802"	"6B1186B257C527FDC0D64FBF1C0493F558A056D43D4B5AC5E1820830259B5F63"
"04_CODE\D_7.22_CODE_AND_DOCS\evidence_expansion_v2_working\scripts\normalize_pdbbind_membrane_v3.py"	"22210"	"660EA343C83FEE0D1F4A48F497D69B6146744E086CB48AC2A5D2F55D9736E745"
"04_CODE\D_7.22_CODE_AND_DOCS\evidence_expansion_v2_working\scripts\normalize_pdbe_ligand_sites_v3.py"	"17347"	"2B66A7AF83650E1A9A48AC3BA72C405F825BA873C537CB32B7AA151912EA3655"
"04_CODE\D_7.22_CODE_AND_DOCS\evidence_expansion_v2_working\scripts\normalize_pubchem_protein_concise_v3.py"	"18540"	"2D6E2810FFF4CCB0008613C163B1EDDFD59958409C4A01F5B9F3BFA91738D974"
"04_CODE\D_7.22_CODE_AND_DOCS\evidence_expansion_v2_working\scripts\preflight_v62_qa.py"	"9115"	"8ECD9AA94F05D6F7C5BA1C8C90CD4225174DE1CAE1B3B36AB6C911E94BD0C42F"
"04_CODE\D_7.22_CODE_AND_DOCS\evidence_expansion_v2_working\scripts\prepare_brenda_compound_identity_queue_v3.py"	"7560"	"EC486E78B1EBD03C0503E585B559254981BE19AADBC138B9867854A1AC841031"
"04_CODE\D_7.22_CODE_AND_DOCS\evidence_expansion_v2_working\scripts\prepare_negative_identity_v62.py"	"7746"	"27249A2B712B755DA416478E0058EB934952B928F070BD7C18B3D7EE0F8F2630"
"04_CODE\D_7.22_CODE_AND_DOCS\evidence_expansion_v2_working\scripts\prepare_pdbbind_membrane_subset_v2.py"	"6251"	"D2B19E0B21FDF44CDE1343088B33ED982E109CE1B44D355F06FF3D95A243676A"
"04_CODE\D_7.22_CODE_AND_DOCS\evidence_expansion_v2_working\scripts\prepare_pubchem_target_map_v2.py"	"2953"	"9D7ACEF847F0B23D04EB5F9879C5B10A008A38E9F04ECF831172369DF2788EE6"
"04_CODE\D_7.22_CODE_AND_DOCS\evidence_expansion_v2_working\scripts\profile_figure_inputs_v62.py"	"3445"	"EB96BD398C16BE256D51FC4E31FAFAE9DBAD92917BB188B68CE2153D4516EC90"
"04_CODE\D_7.22_CODE_AND_DOCS\evidence_expansion_v2_working\scripts\repair_v61_validation_blockers.py"	"9866"	"489BC2F23B524C61E7F102C8C8673BCD701E9B10EF046B37707E4215416CB39D"
"04_CODE\D_7.22_CODE_AND_DOCS\evidence_expansion_v2_working\scripts\resolve_brenda_names_v61.py"	"19888"	"0625926370177F523BF52DA2D3CEF07BB304E6447F4778F8D06F3BD6FCFC5E37"
"04_CODE\D_7.22_CODE_AND_DOCS\evidence_expansion_v2_working\scripts\resolve_negative_evidence_v62.py"	"36194"	"CE229550C400C114A0918C00DA8241DB7CBBB8A5D9C5DF06E8F5F64B1E6B8CC5"
"04_CODE\D_7.22_CODE_AND_DOCS\evidence_expansion_v2_working\scripts\resolve_pdbbind_ligands_v61.py"	"12691"	"5B4ECDA3CAEC0D08C69517FF12111D6BD1CD64E58C891E2608E9BE1F8E607342"
"04_CODE\D_7.22_CODE_AND_DOCS\evidence_expansion_v2_working\scripts\resume_v61_after_canonical.py"	"12166"	"534DFF3AACAF68802B3D099CA6BF76ECDAA4BDFA715A383A6B94C0D88C715571"
"04_CODE\D_7.22_CODE_AND_DOCS\evidence_expansion_v2_working\scripts\resume_v61_after_evidence.py"	"9627"	"FEF318B0EBD602D898174A13867467B1A7AB34EB969654635040BE61D95E959E"
"04_CODE\D_7.22_CODE_AND_DOCS\evidence_expansion_v2_working\scripts\resume_v61_pair_and_freeze.py"	"5606"	"9F7615885BBB652D7762B5F7A347ED3E42293C731A56C5208C7FD3BE03D9C3BB"
"04_CODE\D_7.22_CODE_AND_DOCS\evidence_expansion_v2_working\scripts\run_after_negative_fetch_v62.ps1"	"990"	"DFA7E13D527CF4A295A82FE51898C3A873B9DF3B8CAC28467DC66B566722105C"
"04_CODE\D_7.22_CODE_AND_DOCS\evidence_expansion_v2_working\scripts\run_brenda_after_pubchem_v61.py"	"956"	"457DE78EE6A9C643F043C624D3AAA00AD6BCF08101A7D536B64B1F3173A557D0"
"04_CODE\D_7.22_CODE_AND_DOCS\evidence_expansion_v2_working\scripts\run_finalize_incremental_v6.py"	"2903"	"4303F26375284F5B2FB033068DC8B627760CEE38D3AEF439BD47FC95A5457F34"
"04_CODE\D_7.22_CODE_AND_DOCS\evidence_expansion_v2_working\scripts\run_finalize_v62_when_ready.ps1"	"1214"	"AD36B36D21BF0E43FE937E18BB148330D68F62808E102B0FDA4E0EF3977553C2"
"04_CODE\D_7.22_CODE_AND_DOCS\evidence_expansion_v2_working\scripts\run_negative_identity_v62.ps1"	"408"	"24DC8A7EBE5823D2F2F334C4830FE31BE780DC80EA4B6B5DFBE4DC38941DB918"
"04_CODE\D_7.22_CODE_AND_DOCS\evidence_expansion_v2_working\scripts\run_pubchem_remaining_v61.py"	"2002"	"C8ED25482A988D4AD2830C5E1539C0EF252538E277712650814A42BCEE2237A2"
"04_CODE\D_7.22_CODE_AND_DOCS\evidence_expansion_v2_working\scripts\validate_and_freeze_release_v6.py"	"15340"	"A2AB6DB75398507A1E84B35BD90A3FCB1F0E6DA332A2D59F6CA12B84D8D7129D"
"04_CODE\D_7.22_CODE_AND_DOCS\evidence_expansion_v2_working\scripts\validate_figure_package_v62.py"	"6116"	"0340F32A7BF5551CC9DDFF160DBC97E26F575337DAF3385EDAF4351DAC8D34E2"
"04_CODE\D_7.22_CODE_AND_DOCS\evidence_expansion_v2_working\scripts\validate_gpcrdb_normalization_v2.py"	"7952"	"D2758F72DA51F9A2175F06A7CE63FC324B0CE30770552C254FA7F8A043D96028"
"04_CODE\D_7.22_CODE_AND_DOCS\evidence_expansion_v2_working\scripts\validate_v61_premerge.py"	"6390"	"DE15CE42B5A610E6C246F6115DFAA7FCBDAD80BF2A0A3232683C91CB8730BCBD"
"04_CODE\D_7.22_CODE_AND_DOCS\evidence_expansion_v2_working\scripts\validate_v61_release_delta_preview.py"	"6209"	"2D2D413C69C39569C6529FF390AFC2D462B4D798CCE0A2617B0C3E588FD45E14"
"04_CODE\D_7.22_CODE_AND_DOCS\evidence_expansion_v2_working\tools\plotting_venv\Scripts\Activate.ps1"	"9033"	"3795A060DEA7D621320D6D841DEB37591FADF7F5592C5CB2286F9867AF0E91DF"
"04_CODE\D_7.22_CODE_AND_DOCS\evidence_expansion_v2_working\tools\python_v61\numpy\__config__.py"	"5749"	"029B248D71DE70AA1D63B16DD87FEE5E746A285F44AD46E85E8A49C93E63C6D8"
"04_CODE\D_7.22_CODE_AND_DOCS\evidence_expansion_v2_working\tools\python_v61\numpy\__init__.py"	"26470"	"A6958CB364663B7ACCE81CCFD58EEB65A2B34D5376157F924777B97211A73BE4"
"04_CODE\D_7.22_CODE_AND_DOCS\evidence_expansion_v2_working\tools\python_v61\numpy\_array_api_info.py"	"10734"	"642A37EE3DF2067EEA7B3D9FD4047688E7A8D9BABCA3B909D7675797C03E3DD2"
"04_CODE\D_7.22_CODE_AND_DOCS\evidence_expansion_v2_working\tools\python_v61\numpy\_configtool.py"	"1046"	"AAA6B2FE83F46EA92BC94E798C5044E91CE028992AB89D1B06F698B7D0FE19BB"
"04_CODE\D_7.22_CODE_AND_DOCS\evidence_expansion_v2_working\tools\python_v61\numpy\_core\__init__.py"	"6865"	"73C57A7F3A54E33399DDB9B142EB27ED3AAE2BF4BE2F4C159396788E16B620E5"
"04_CODE\D_7.22_CODE_AND_DOCS\evidence_expansion_v2_working\tools\python_v61\numpy\_core\_add_newdocs.py"	"222296"	"02B9FC008A77B0148BCA7790944EDB6499575F66EB0327385DBD9FCA1F76072D"
"04_CODE\D_7.22_CODE_AND_DOCS\evidence_expansion_v2_working\tools\python_v61\numpy\_core\_add_newdocs_scalars.py"	"13314"	"562316500225B142A8B1DD661292E8F74EDC65E692ED583F19EAF30832005144"
"04_CODE\D_7.22_CODE_AND_DOCS\evidence_expansion_v2_working\tools\python_v61\numpy\_core\_asarray.py"	"4024"	"314D672BBEA64388036425996DD57ECE692666984054090DC2085B9384E0AA54"
"04_CODE\D_7.22_CODE_AND_DOCS\evidence_expansion_v2_working\tools\python_v61\numpy\_core\_dtype.py"	"10880"	"07E3D5E42BBCBB84117243C82355EF70246F3DD1923849C5DBD0277965B21E22"
"04_CODE\D_7.22_CODE_AND_DOCS\evidence_expansion_v2_working\tools\python_v61\numpy\_core\_dtype_ctypes.py"	"3846"	"7BC1207DAA97889F3E5188BC14CE6C9BD5BC7A1AAF706FEB4E90D139A2B04CA8"
"04_CODE\D_7.22_CODE_AND_DOCS\evidence_expansion_v2_working\tools\python_v61\numpy\_core\_exceptions.py"	"5321"	"BA6C5687D4CB8435F2F4B996EFBC2420731E80593F2857C10799DDC6C25DE45E"
"04_CODE\D_7.22_CODE_AND_DOCS\evidence_expansion_v2_working\tools\python_v61\numpy\_core\_internal.py"	"30365"	"2F27033E087B4AFBC3312A294F4B2EE11C935113D66F962C58C5A59629BFB795"
"04_CODE\D_7.22_CODE_AND_DOCS\evidence_expansion_v2_working\tools\python_v61\numpy\_core\_methods.py"	"9645"	"5DD70C059E7359916950988BFA29B6482B6CBF2627FCD0E2AD25880A4CEDD9FC"
"04_CODE\D_7.22_CODE_AND_DOCS\evidence_expansion_v2_working\tools\python_v61\numpy\_core\_string_helpers.py"	"2945"	"697D4DE54B0D794172E78A39B6E4C2E97E8DF4026E785376FFA408C88503D978"
"04_CODE\D_7.22_CODE_AND_DOCS\evidence_expansion_v2_working\tools\python_v61\numpy\_core\_type_aliases.py"	"3927"	"D69C1598322E00CEE8A07A13E65EC35EC1AEB157F781B49C18BED983E9EB055B"
"04_CODE\D_7.22_CODE_AND_DOCS\evidence_expansion_v2_working\tools\python_v61\numpy\_core\_ufunc_config.py"	"16126"	"C5E272DCAECA3D5E4FA496E45BD9DC598FD49E72C794CF4CEAB5F80BD78DB369"
"04_CODE\D_7.22_CODE_AND_DOCS\evidence_expansion_v2_working\tools\python_v61\numpy\_core\arrayprint.py"	"67483"	"D6A74D6044359653EAE24F3F30731D2419705723EEBA52CD24AB304E468CA373"
"04_CODE\D_7.22_CODE_AND_DOCS\evidence_expansion_v2_working\tools\python_v61\numpy\_core\cversions.py"	"360"	"1484AFD5DE11F75EC18B9C498CA2B2F0BA3A025164574D16BD2A01EE5DDA700E"
"04_CODE\D_7.22_CODE_AND_DOCS\evidence_expansion_v2_working\tools\python_v61\numpy\_core\defchararray.py"	"39670"	"7C6722FB56A00CA1E2141E203E753174ECEC4216936A0937266D6A05444ADDF2"
"04_CODE\D_7.22_CODE_AND_DOCS\evidence_expansion_v2_working\tools\python_v61\numpy\_core\einsumfunc.py"	"59481"	"16E0C6AC0634ED3D9811428A476A82CBE88FFB454AC37413773F0624CEC57563"
"04_CODE\D_7.22_CODE_AND_DOCS\evidence_expansion_v2_working\tools\python_v61\numpy\_core\fromnumeric.py"	"148230"	"94B1D8BFACA2CF8E739D433AADE6A0DF203753974417F9C53967B706AC4CC8AA"
"04_CODE\D_7.22_CODE_AND_DOCS\evidence_expansion_v2_working\tools\python_v61\numpy\_core\function_base.py"	"20236"	"826EB1F0E08CE2E93DE7274232CCF8BFF4FEA02CCAD763E3D3353F0110D7CD89"
"04_CODE\D_7.22_CODE_AND_DOCS\evidence_expansion_v2_working\tools\python_v61\numpy\_core\getlimits.py"	"15063"	"C01955F10CD38E898AB9CE33884F65D3CB85A8D1FFE3D6102B34D3AE558AA3A1"
"04_CODE\D_7.22_CODE_AND_DOCS\evidence_expansion_v2_working\tools\python_v61\numpy\_core\memmap.py"	"13000"	"242086CC9B13487CFE6C102B88075FB1849A9F1360F9F97F05876F9F73F6FA2C"
"04_CODE\D_7.22_CODE_AND_DOCS\evidence_expansion_v2_working\tools\python_v61\numpy\_core\multiarray.py"	"58628"	"233A6C2DEF357506B505407E6F85E1715822545FDA42B02E3F12697D897BF9E5"
"04_CODE\D_7.22_CODE_AND_DOCS\evidence_expansion_v2_working\tools\python_v61\numpy\_core\numeric.py"	"83213"	"9BE2937163A80B989547EBA1500AB19596F5357E68F80D28E74F7756954D3586"
"04_CODE\D_7.22_CODE_AND_DOCS\evidence_expansion_v2_working\tools\python_v61\numpy\_core\numerictypes.py"	"15000"	"589320692033D5CA68CC01EE36AF7B8F7CE79612AF9C55D7F096ABC977A5CEC8"
"04_CODE\D_7.22_CODE_AND_DOCS\evidence_expansion_v2_working\tools\python_v61\numpy\_core\overrides.py"	"7666"	"BBD2F3457B59AE357E01003AB66FB51A9EF1C3DD417883CB97CF7FF5197CE819"
"04_CODE\D_7.22_CODE_AND_DOCS\evidence_expansion_v2_working\tools\python_v61\numpy\_core\printoptions.py"	"1088"	"6577A406BE9F235F1D571B0CE9BC401A2F340A232568C3787696CF1C342204E2"
"04_CODE\D_7.22_CODE_AND_DOCS\evidence_expansion_v2_working\tools\python_v61\numpy\_core\records.py"	"37962"	"CD9A74D8C7F2CD3D8624E050324D3DCBE3681CC37ED03B0E51B5772C7EAE158E"
"04_CODE\D_7.22_CODE_AND_DOCS\evidence_expansion_v2_working\tools\python_v61\numpy\_core\shape_base.py"	"33708"	"A32E3688FA2368B8D08EC432D5CDF95E5EF6C3456D2D909BB62A5995BF171A8A"
"04_CODE\D_7.22_CODE_AND_DOCS\evidence_expansion_v2_working\tools\python_v61\numpy\_core\strings.py"	"52381"	"CC6FA71D99D13AD0FCAB3CAEEA7115F58844BBB438F19C4DD9A328101D6468D1"
"04_CODE\D_7.22_CODE_AND_DOCS\evidence_expansion_v2_working\tools\python_v61\numpy\_core\tests\_locales.py"	"2248"	"6F2ABB3C5234A3F785F0376CBE08F6110EE812383161911AD845B4489991FF17"
"04_CODE\D_7.22_CODE_AND_DOCS\evidence_expansion_v2_working\tools\python_v61\numpy\_core\tests\_natype.py"	"4531"	"9DC30CD356E161EE0AC4CEB63D3C08687E97A737BA0FD99254565242AA9A6734"
"04_CODE\D_7.22_CODE_AND_DOCS\evidence_expansion_v2_working\tools\python_v61\numpy\_core\tests\examples\cython\setup.py"	"898"	"28F40DE7298C1B3E3738FBCF57FEE8FE28C49263DD8A5CDFBBA657A816504E5B"
"04_CODE\D_7.22_CODE_AND_DOCS\evidence_expansion_v2_working\tools\python_v61\numpy\_core\tests\examples\limited_api\setup.py"	"461"	"E3B896B0DFB9C18076F4B6FBBEA4A3CEB012DD4B64745B9F92DF775F3CC6FA51"
"04_CODE\D_7.22_CODE_AND_DOCS\evidence_expansion_v2_working\tools\python_v61\numpy\_core\tests\test__exceptions.py"	"3012"	"A2FDDC75A6017CFDBCC3F15C2C5E7B44E945E70E9FC0215135C98E572440F885"
"04_CODE\D_7.22_CODE_AND_DOCS\evidence_expansion_v2_working\tools\python_v61\numpy\_core\tests\test_abc.py"	"2275"	"A9D0BBFE5910BDA17FDC0E3127D1FF221DC50E532903D7714078EC8384E7FAE7"
"04_CODE\D_7.22_CODE_AND_DOCS\evidence_expansion_v2_working\tools\python_v61\numpy\_core\tests\test_api.py"	"24995"	"D0C541237330B060FD8416F210A3531CE8FD337289BD88B13E48CE2B735A80B6"
"04_CODE\D_7.22_CODE_AND_DOCS\evidence_expansion_v2_working\tools\python_v61\numpy\_core\tests\test_argparse.py"	"2914"	"BCF72DBB14E83E464C95B8239F313DDB85E4C57614741C6547A2EC3F6FFE6903"
"04_CODE\D_7.22_CODE_AND_DOCS\evidence_expansion_v2_working\tools\python_v61\numpy\_core\tests\test_array_api_info.py"	"3177"	"A921B08B0BCE50F87932D8C31B7E8EC42EBB3CEE428C9FDEB0FB6625B37C36C9"
"04_CODE\D_7.22_CODE_AND_DOCS\evidence_expansion_v2_working\tools\python_v61\numpy\_core\tests\test_array_coercion.py"	"36999"	"26FCCE4A32F3EF8C2EA7D94B99C450399D4672D85E48D63133EA94AD8E3364F1"
"04_CODE\D_7.22_CODE_AND_DOCS\evidence_expansion_v2_working\tools\python_v61\numpy\_core\tests\test_array_interface.py"	"8065"	"B3E9AB183381A5639F21284D1EB9DF3EE51E6434C15F9783F11D64638F89AD47"
"04_CODE\D_7.22_CODE_AND_DOCS\evidence_expansion_v2_working\tools\python_v61\numpy\_core\tests\test_arraymethod.py"	"3400"	"B7277DEFA6460E2DE54B3FAA90CB4108A99D4737F2F78CB1EC1A791DAFBFAAAD"
"04_CODE\D_7.22_CODE_AND_DOCS\evidence_expansion_v2_working\tools\python_v61\numpy\_core\tests\test_arrayobject.py"	"7035"	"C40C221077EA55B9C1CAAAE30633AF0A040522903DF6223D5B461E3D14DB70F5"
"04_CODE\D_7.22_CODE_AND_DOCS\evidence_expansion_v2_working\tools\python_v61\numpy\_core\tests\test_arrayprint.py"	"53474"	"D5750236CAC6307A92FD014D56B158295CF6F332A0A11C8D85694F9C07A43DE5"
"04_CODE\D_7.22_CODE_AND_DOCS\evidence_expansion_v2_working\tools\python_v61\numpy\_core\tests\test_casting_floatingpoint_errors.py"	"5236"	"F9656F206E04ECA64024956278A7BB4E13491876E4585625A4539D1C7B486B61"
"04_CODE\D_7.22_CODE_AND_DOCS\evidence_expansion_v2_working\tools\python_v61\numpy\_core\tests\test_casting_unittests.py"	"42467"	"9AB6C83371491A60781DEFEB0CD5DF07F8655C387C106E49877C9F68CA07D1C7"
"04_CODE\D_7.22_CODE_AND_DOCS\evidence_expansion_v2_working\tools\python_v61\numpy\_core\tests\test_conversion_utils.py"	"6715"	"2A1E7A76E71201AC779FC13D71743AE86BC4D595D9FE99164E9432D234C4C009"
"04_CODE\D_7.22_CODE_AND_DOCS\evidence_expansion_v2_working\tools\python_v61\numpy\_core\tests\test_cpu_dispatcher.py"	"1618"	"C6B853CC71F4717EA82F1679AB28EDBBB14A73F7D22A909A35F65358E994E1AE"
"04_CODE\D_7.22_CODE_AND_DOCS\evidence_expansion_v2_working\tools\python_v61\numpy\_core\tests\test_cpu_features.py"	"17552"	"A88011D2B7BF1AEF164D978BB98E54A8D8CF268FF9940C5CD2F8E6E0DE0CE55B"
"04_CODE\D_7.22_CODE_AND_DOCS\evidence_expansion_v2_working\tools\python_v61\numpy\_core\tests\test_custom_dtypes.py"	"16070"	"EDE8249FF35E967D4A9907D8E36C1DE6C7F0B3C04F4B3906FA0E4D5BCB6CF143"
"04_CODE\D_7.22_CODE_AND_DOCS\evidence_expansion_v2_working\tools\python_v61\numpy\_core\tests\test_cython.py"	"11335"	"0043ACE013EB196827BC140FBE1E69626D15671064141FA849BE0F9A3661E5E9"
"04_CODE\D_7.22_CODE_AND_DOCS\evidence_expansion_v2_working\tools\python_v61\numpy\_core\tests\test_datetime.py"	"146367"	"2D3F51E60BBFEF43F058F8D784EF70868BB043B12D03CB780867DD2C2603C713"
"04_CODE\D_7.22_CODE_AND_DOCS\evidence_expansion_v2_working\tools\python_v61\numpy\_core\tests\test_defchararray.py"	"32040"	"324FA5FDECB2BB458BA9FAC3E3F463FBCD98E8962F701CE0E529531817A606EC"
"04_CODE\D_7.22_CODE_AND_DOCS\evidence_expansion_v2_working\tools\python_v61\numpy\_core\tests\test_deprecations.py"	"19756"	"AD4631A1B122F6B0BBD564DA496241DC99A15CB5CCE335ED5823993648C4E589"
"04_CODE\D_7.22_CODE_AND_DOCS\evidence_expansion_v2_working\tools\python_v61\numpy\_core\tests\test_dlpack.py"	"9014"	"1E85887B97891B0A6F6388A4A68271F82B2C1513AB546F7A366D25015AD0CDC9"
"04_CODE\D_7.22_CODE_AND_DOCS\evidence_expansion_v2_working\tools\python_v61\numpy\_core\tests\test_dtype.py"	"83367"	"9FA5CB86D287890553156B58EDE08DD688C9852BB7A4362BD9DF952A21C53D50"
"04_CODE\D_7.22_CODE_AND_DOCS\evidence_expansion_v2_working\tools\python_v61\numpy\_core\tests\test_einsum.py"	"59600"	"FCD5341122A3EABCFE702B1934AEFE003860710F840BBB0F6283D53814E166F3"
"04_CODE\D_7.22_CODE_AND_DOCS\evidence_expansion_v2_working\tools\python_v61\numpy\_core\tests\test_errstate.py"	"4759"	"51B3F097DEC9C54BB4E74B4C3C9376353CAA16451A36944AC2A7B1DF80F12751"
"04_CODE\D_7.22_CODE_AND_DOCS\evidence_expansion_v2_working\tools\python_v61\numpy\_core\tests\test_extint128.py"	"5842"	"A4A49C27C96C6067EF5F8ACC4C07FD6F0A13CCB6242B58672D999F1758CA028E"
"04_CODE\D_7.22_CODE_AND_DOCS\evidence_expansion_v2_working\tools\python_v61\numpy\_core\tests\test_finfo.py"	"2574"	"3F2DC17CCFDE6B1ADB620D1B85EB03313E8BB626867C23A395771367F0A7BD2B"
"04_CODE\D_7.22_CODE_AND_DOCS\evidence_expansion_v2_working\tools\python_v61\numpy\_core\tests\test_function_base.py"	"18102"	"424970F333786055868CB9881148EAB9B4FA98B23E064908294942EE865B65B0"
"04_CODE\D_7.22_CODE_AND_DOCS\evidence_expansion_v2_working\tools\python_v61\numpy\_core\tests\test_getlimits.py"	"6318"	"1C2B45980DC584848DE45E0997F105F7F7F47F6B91D40256934BFA97091D92C0"
"04_CODE\D_7.22_CODE_AND_DOCS\evidence_expansion_v2_working\tools\python_v61\numpy\_core\tests\test_half.py"	"25715"	"A43056013AE7C8D5C42FA2A42F663C4B2D7D7A790F2EB5F62A4ED2115EED7E1B"
"04_CODE\D_7.22_CODE_AND_DOCS\evidence_expansion_v2_working\tools\python_v61\numpy\_core\tests\test_hashtable.py"	"5524"	"3A8037CC5904A7D6941E7FA3EB517C361E9E808338D448EC5DD61A535CB82C56"
"04_CODE\D_7.22_CODE_AND_DOCS\evidence_expansion_v2_working\tools\python_v61\numpy\_core\tests\test_indexerrors.py"	"4835"	"950645CCF328746C090E1F243F153F1750890211495C0559A24DF557A264272A"
"04_CODE\D_7.22_CODE_AND_DOCS\evidence_expansion_v2_working\tools\python_v61\numpy\_core\tests\test_indexing.py"	"66979"	"B12734E69800F8E1985E266BF33BF1C57D0973AF1CB6190355D3F8B16D6DBD16"
"04_CODE\D_7.22_CODE_AND_DOCS\evidence_expansion_v2_working\tools\python_v61\numpy\_core\tests\test_item_selection.py"	"7280"	"3C25ABE3067021299D944DAB09AA460DBB341C9F43AFF9AF1F9DD25D00D48CA2"
"04_CODE\D_7.22_CODE_AND_DOCS\evidence_expansion_v2_working\tools\python_v61\numpy\_core\tests\test_limited_api.py"	"5562"	"ED3F3E678AB7D1A7E7DA2801E30F9ED7CBA23200624D8BB4F7A7635313203C6A"
"04_CODE\D_7.22_CODE_AND_DOCS\evidence_expansion_v2_working\tools\python_v61\numpy\_core\tests\test_longdouble.py"	"12824"	"259DECE0D46CB5E327E6D5B79C6F2B3D4E17286949E7451DBB69A4461D289808"
"04_CODE\D_7.22_CODE_AND_DOCS\evidence_expansion_v2_working\tools\python_v61\numpy\_core\tests\test_mem_overlap.py"	"30250"	"F84A1C55FEE890E4B7777921433D76CE6D5F471B277E45D005D276CB9959CFCC"
"04_CODE\D_7.22_CODE_AND_DOCS\evidence_expansion_v2_working\tools\python_v61\numpy\_core\tests\test_mem_policy.py"	"16974"	"DBA6FD011A6127420A10E789A7027D7687DEDAF5E68103A7629A3BCA6E9D041F"
"04_CODE\D_7.22_CODE_AND_DOCS\evidence_expansion_v2_working\tools\python_v61\numpy\_core\tests\test_memmap.py"	"10428"	"1973385003A7AC55CDB46A3400B341C109AFBD5B897DD9412229A3FD283DF027"
"04_CODE\D_7.22_CODE_AND_DOCS\evidence_expansion_v2_working\tools\python_v61\numpy\_core\tests\test_multiarray.py"	"451386"	"E7C1A974E9EFFF2DA62F2C64D6897A41F2AF83E6D4A06D32839B0813E7940216"
"04_CODE\D_7.22_CODE_AND_DOCS\evidence_expansion_v2_working\tools\python_v61\numpy\_core\tests\test_multiprocessing.py"	"2045"	"E9FB93C5D22FB6A45466E806CF7AB84E7AA46BBE38F5AFEFD7BBA25B426101CF"
"04_CODE\D_7.22_CODE_AND_DOCS\evidence_expansion_v2_working\tools\python_v61\numpy\_core\tests\test_multithreading.py"	"22561"	"512F8CC867F63FA1E5E8E03C5D7FC9F7F49633F8E3863B64FEA1FD36AC49CE0B"
"04_CODE\D_7.22_CODE_AND_DOCS\evidence_expansion_v2_working\tools\python_v61\numpy\_core\tests\test_nditer.py"	"142725"	"821B37AB75D6755D04ED78A0BB0585C2A545EDF2C0258900644922C82081676A"
"04_CODE\D_7.22_CODE_AND_DOCS\evidence_expansion_v2_working\tools\python_v61\numpy\_core\tests\test_nep50_promotions.py"	"10321"	"2C30A780412783E733EEADEF7585FEEA4FCADE492DE44A530F497AA63662EF27"
"04_CODE\D_7.22_CODE_AND_DOCS\evidence_expansion_v2_working\tools\python_v61\numpy\_core\tests\test_numeric.py"	"163804"	"CE82D0FD082910F7F88F3C323D1D833324C9D312876DEE912D59A0012EE942FD"
"04_CODE\D_7.22_CODE_AND_DOCS\evidence_expansion_v2_working\tools\python_v61\numpy\_core\tests\test_numerictypes.py"	"23467"	"C2AD6C29549355B540DEEA61B8AC9212A4840B9200CEECD73F8A04AF8949702A"
"04_CODE\D_7.22_CODE_AND_DOCS\evidence_expansion_v2_working\tools\python_v61\numpy\_core\tests\test_overrides.py"	"28577"	"5037619B0B9E12E1E304941FE8DBC9EE8F0AE40D8946AF766B95C6D8B41A8846"
"04_CODE\D_7.22_CODE_AND_DOCS\evidence_expansion_v2_working\tools\python_v61\numpy\_core\tests\test_print.py"	"7090"	"8E7D7887E385519D04A94A8DAAE74AF696666973342E85D3D8E8E21C111D247F"
"04_CODE\D_7.22_CODE_AND_DOCS\evidence_expansion_v2_working\tools\python_v61\numpy\_core\tests\test_protocols.py"	"1219"	"6F5725BE9DD1AFB110EB1F0CB719BD8C0887C4FCA6114FD52418F09CC8A78145"
"04_CODE\D_7.22_CODE_AND_DOCS\evidence_expansion_v2_working\tools\python_v61\numpy\_core\tests\test_records.py"	"23466"	"9D9BB64C69A3D4C73EB5FA3E1CAA9771FB5E3B3341C8DD3CD683CEF3BD5E739F"
"04_CODE\D_7.22_CODE_AND_DOCS\evidence_expansion_v2_working\tools\python_v61\numpy\_core\tests\test_regression.py"	"98150"	"2CE35D22F5090F47A101A64690200D4AA9AC35C6AC332091E5FCB46A5528D041"
"04_CODE\D_7.22_CODE_AND_DOCS\evidence_expansion_v2_working\tools\python_v61\numpy\_core\tests\test_scalar_ctors.py"	"6896"	"45905353153FCF8AE0EEAD9F31C45C7BF558AA3520701BCBED2177B718EDAF37"
"04_CODE\D_7.22_CODE_AND_DOCS\evidence_expansion_v2_working\tools\python_v61\numpy\_core\tests\test_scalar_methods.py"	"12816"	"E0BD106748707EB89F0C57B2AEB7F78DE55FFBD412F347C8C3E1E44D685399EE"
"04_CODE\D_7.22_CODE_AND_DOCS\evidence_expansion_v2_working\tools\python_v61\numpy\_core\tests\test_scalarbuffer.py"	"5870"	"E7159682AAD157528E9313D847B79E6916421A6A1CB3AD91C0493BAFB8CCE183"
"04_CODE\D_7.22_CODE_AND_DOCS\evidence_expansion_v2_working\tools\python_v61\numpy\_core\tests\test_scalarinherit.py"	"2692"	"5958D1AE93642AF41B3B69FE8E827B105EA51B5CC5713E29800340B6F4FB0B93"
"04_CODE\D_7.22_CODE_AND_DOCS\evidence_expansion_v2_working\tools\python_v61\numpy\_core\tests\test_scalarmath.py"	"47374"	"0F9C6A872DB7D3E0F81F44E50A5F0ADC666FD90964EE0F71BA404E59374FF667"
"04_CODE\D_7.22_CODE_AND_DOCS\evidence_expansion_v2_working\tools\python_v61\numpy\_core\tests\test_scalarprint.py"	"20165"	"7AEC1D3BD76D57EED86356FFDFD9D6F21206FBB6877345AB04B0CE790BEC9958"
"04_CODE\D_7.22_CODE_AND_DOCS\evidence_expansion_v2_working\tools\python_v61\numpy\_core\tests\test_shape_base.py"	"32632"	"C35D5D135C6523888168126276D8D4865782ACA18CF0FDFFF702C6F07F0F6AC8"
"04_CODE\D_7.22_CODE_AND_DOCS\evidence_expansion_v2_working\tools\python_v61\numpy\_core\tests\test_simd.py"	"50241"	"3323BF5D85913170A654E8F0CF24E19C052FA30592873EE3A9F2435FF08841A8"
"04_CODE\D_7.22_CODE_AND_DOCS\evidence_expansion_v2_working\tools\python_v61\numpy\_core\tests\test_simd_module.py"	"4055"	"9A5F16BBABEB030C7B41BB3F9DFB76791D28DD3BA726E364113B55276EF5993E"
"04_CODE\D_7.22_CODE_AND_DOCS\evidence_expansion_v2_working\tools\python_v61\numpy\_core\tests\test_stringdtype.py"	"82970"	"E9E56DF9CFAD50C2A47EC91F68CD9F52CEBA0713C73FA7EBFDFCC18C96C969E0"
"04_CODE\D_7.22_CODE_AND_DOCS\evidence_expansion_v2_working\tools\python_v61\numpy\_core\tests\test_strings.py"	"60700"	"305FC734C401AEBAAD68057D093840C500E1D320E447C9376F6EC979823E6DEC"
"04_CODE\D_7.22_CODE_AND_DOCS\evidence_expansion_v2_working\tools\python_v61\numpy\_core\tests\test_ufunc.py"	"144880"	"500DF3B76F9F3EAB749636D8A69ACAB2A6F9F63C7F7ACBB1C8A52066CD0A7566"
"04_CODE\D_7.22_CODE_AND_DOCS\evidence_expansion_v2_working\tools\python_v61\numpy\_core\tests\test_umath.py"	"206665"	"C0C14EE391C2AA2DA1DC02BEF0B3E6CFA5920F162CFDB1C438CC5D5D67D20CAB"
"04_CODE\D_7.22_CODE_AND_DOCS\evidence_expansion_v2_working\tools\python_v61\numpy\_core\tests\test_umath_accuracy.py"	"4471"	"8A9DD7AA15AC6A2EDD66EFCB36ACED2B1C6203555AD9799DAD693F1374BA9C0C"
"04_CODE\D_7.22_CODE_AND_DOCS\evidence_expansion_v2_working\tools\python_v61\numpy\_core\tests\test_umath_complex.py"	"24193"	"6CBB48D96597A231361770EC58BA96B76A4DB96AD8593165A84484266C0E2130"
"04_CODE\D_7.22_CODE_AND_DOCS\evidence_expansion_v2_working\tools\python_v61\numpy\_core\tests\test_unicode.py"	"13356"	"EBF84D0F78D172FD4C9263A98CAC59486FAE04A4B75AF8D4CF7AE8CE08A6ABC5"
"04_CODE\D_7.22_CODE_AND_DOCS\evidence_expansion_v2_working\tools\python_v61\numpy\_core\umath.py"	"2176"	"3679C7C58C32C89FECB9F4E6E73606B9DD01AB350797C0D041484F6140FD359F"
"04_CODE\D_7.22_CODE_AND_DOCS\evidence_expansion_v2_working\tools\python_v61\numpy\_distributor_init.py"	"436"	"879FC2ABB22D0EBB75259A00874E1A3B9E195EC5D1464C86A0D1451FD4FED3C5"
"04_CODE\D_7.22_CODE_AND_DOCS\evidence_expansion_v2_working\tools\python_v61\numpy\_expired_attrs_2_0.py"	"3853"	"7FBA906BC3CD76D97BE7F446CE120379A98E925458465AA5CAF65A988B4E513B"
"04_CODE\D_7.22_CODE_AND_DOCS\evidence_expansion_v2_working\tools\python_v61\numpy\_globals.py"	"4277"	"22FB9C5A81E206F4E592B5FEF6D6D90C38BE2ADE565381DE6B3D502B00F5A1CF"
"04_CODE\D_7.22_CODE_AND_DOCS\evidence_expansion_v2_working\tools\python_v61\numpy\_pyinstaller\__init__.py"	"0"	"E3B0C44298FC1C149AFBF4C8996FB92427AE41E4649B934CA495991B7852B855"
"04_CODE\D_7.22_CODE_AND_DOCS\evidence_expansion_v2_working\tools\python_v61\numpy\_pyinstaller\hook-numpy.py"	"1374"	"D45A54E1D6D3D640BA23256B971C01EC14BF52A184AE36E3D1F8480E5D040D10"
"04_CODE\D_7.22_CODE_AND_DOCS\evidence_expansion_v2_working\tools\python_v61\numpy\_pyinstaller\tests\__init__.py"	"345"	"977F1BA3B769A77BB595530F12B95CB7FE6E04B2A3DF9CEE4BFAF7E5EEDCD7D7"
"04_CODE\D_7.22_CODE_AND_DOCS\evidence_expansion_v2_working\tools\python_v61\numpy\_pyinstaller\tests\pyinstaller-smoke.py"	"1175"	"C6DDDD97F0E3C6ECD54CFAEA99598C3999B9FB6E30046D93C6575097BF17B758"
"04_CODE\D_7.22_CODE_AND_DOCS\evidence_expansion_v2_working\tools\python_v61\numpy\_pyinstaller\tests\test_pyinstaller.py"	"1170"	"DF5CD696F9400B6B1F85D7B0F7BC7C683BDC614695DD373FD02C0593CA6029A3"
"04_CODE\D_7.22_CODE_AND_DOCS\evidence_expansion_v2_working\tools\python_v61\numpy\_pytesttester.py"	"5844"	"C4E6AFB1BA88B1FA577F923DFC4F57AA524C5CD071FCB55F166AE8DB7E81AA08"
"04_CODE\D_7.22_CODE_AND_DOCS\evidence_expansion_v2_working\tools\python_v61\numpy\_typing\__init__.py"	"4744"	"790E275F35F7F953DB317C79B288A3AF4BBA75954B2F12B9EFDCCC0709F786F6"
"04_CODE\D_7.22_CODE_AND_DOCS\evidence_expansion_v2_working\tools\python_v61\numpy\_typing\_add_docstring.py"	"4055"	"7C7E5BE29D8EB412EB27F3DC609CAC56AF1B4D6CAE286BCCE83428FEAAFDA77C"
"04_CODE\D_7.22_CODE_AND_DOCS\evidence_expansion_v2_working\tools\python_v61\numpy\_typing\_array_like.py"	"3483"	"F4FAA8BEE26C19F737C13C96E5A6C6AEA54A7487FDBD01E095296E7586262A53"
"04_CODE\D_7.22_CODE_AND_DOCS\evidence_expansion_v2_working\tools\python_v61\numpy\_typing\_char_codes.py"	"6718"	"CBB06821ED49FC157EEFD3C840FD67F70550CBD9D231B0F7E20FC82C2DE75111"
"04_CODE\D_7.22_CODE_AND_DOCS\evidence_expansion_v2_working\tools\python_v61\numpy\_typing\_dtype_like.py"	"3814"	"D8DC806845AA0E91D68157596F23CA064A3A7293942933C77EB0B4439EC9029B"
"04_CODE\D_7.22_CODE_AND_DOCS\evidence_expansion_v2_working\tools\python_v61\numpy\_typing\_extended_precision.py"	"449"	"DE368D1D8E2A27058E0CB156BE57D441138B6E57EAA850E33A5A7C6C79E13012"
"04_CODE\D_7.22_CODE_AND_DOCS\evidence_expansion_v2_working\tools\python_v61\numpy\_typing\_nbit.py"	"553"	"7F2AD95E9DA6633F861DC65126E0C36C23AAAD84FCDD60B1CA7DB669385BDA8A"
"04_CODE\D_7.22_CODE_AND_DOCS\evidence_expansion_v2_working\tools\python_v61\numpy\_typing\_nbit_base.py"	"3107"	"3DFD8AD7EBDF5923BF97DCD23A432067CB68E45A9DAF1FA380D9AB368B410379"
"04_CODE\D_7.22_CODE_AND_DOCS\evidence_expansion_v2_working\tools\python_v61\numpy\_typing\_nested_sequence.py"	"2725"	"E25E57FD1AC28930340979CF7E73C53B28A988E9A35436BF16B7FB6BFFECD3F7"
"04_CODE\D_7.22_CODE_AND_DOCS\evidence_expansion_v2_working\tools\python_v61\numpy\_typing\_scalars.py"	"893"	"3530803E5BD9302E23D9D1617C57A7CCB5C462E8F235DEF84BF008A267C97D31"
"04_CODE\D_7.22_CODE_AND_DOCS\evidence_expansion_v2_working\tools\python_v61\numpy\_typing\_shape.py"	"254"	"93F44B7EBCE45548BE6FB8330958D8E5009F492774B1E85455E52370875C9714"
"04_CODE\D_7.22_CODE_AND_DOCS\evidence_expansion_v2_working\tools\python_v61\numpy\_typing\_ufunc.py"	"163"	"968939421439689040469C95A1F7EB6DEB8426C279BC0E83689E1A1D3794866B"
"04_CODE\D_7.22_CODE_AND_DOCS\evidence_expansion_v2_working\tools\python_v61\numpy\_utils\__init__.py"	"3572"	"720C31649C81A85FD479CEF84D179D0CE6CAD2DD858878F576F9919BA61118BC"
"04_CODE\D_7.22_CODE_AND_DOCS\evidence_expansion_v2_working\tools\python_v61\numpy\_utils\_conversions.py"	"347"	"BDEB5916A0B5A81F99F63BDCED12AE53FE444CE6926E385B29AFAC570615F135"
"04_CODE\D_7.22_CODE_AND_DOCS\evidence_expansion_v2_working\tools\python_v61\numpy\_utils\_inspect.py"	"7628"	"7E91DB2F51B1EDF970E071E39CD1CD37EBFC34AC755A01415A09D7F13E619626"
"04_CODE\D_7.22_CODE_AND_DOCS\evidence_expansion_v2_working\tools\python_v61\numpy\_utils\_pep440.py"	"14474"	"319E59475FA8FF8900FBAF1871D51F90792A51FDF045C2B1426D3CBAFD86A04F"
"04_CODE\D_7.22_CODE_AND_DOCS\evidence_expansion_v2_working\tools\python_v61\numpy\char\__init__.py"	"859"	"8B630E262BE4B53522E576E6E57776FFF595950822BDE89EE24F8C941D78F32A"
"04_CODE\D_7.22_CODE_AND_DOCS\evidence_expansion_v2_working\tools\python_v61\numpy\conftest.py"	"9021"	"B246931FECC58D658BE88974CEFC75089F07944E850BC458FF3EC7C36153A91A"
"04_CODE\D_7.22_CODE_AND_DOCS\evidence_expansion_v2_working\tools\python_v61\numpy\core\__init__.py"	"1323"	"9820D31B55275B7F297111B4B2291FEE8136A0FE0CA4EF3A9DD1E3AAE84BF395"
"04_CODE\D_7.22_CODE_AND_DOCS\evidence_expansion_v2_working\tools\python_v61\numpy\core\_dtype.py"	"333"	"056F8616FBBC05088DFA3EBEDE6112496377210BFDC3CC0D6B7379DE58ACAF22"
"04_CODE\D_7.22_CODE_AND_DOCS\evidence_expansion_v2_working\tools\python_v61\numpy\core\_dtype_ctypes.py"	"361"	"A705DE73FBE9F8BD3A9E7CC53BAEA6C2306E3E924F84809E727C9FBD6DB210C8"
"04_CODE\D_7.22_CODE_AND_DOCS\evidence_expansion_v2_working\tools\python_v61\numpy\core\_internal.py"	"976"	"8BC51FEBCB6672F404998A11585DD8AA72460962371B165910079CCB97AE36A8"
"04_CODE\D_7.22_CODE_AND_DOCS\evidence_expansion_v2_working\tools\python_v61\numpy\core\_multiarray_umath.py"	"2155"	"CECB572819703AFEEADD88D575BFB39F8CA99F2C88E9F00673A6A190405ABFE8"
"04_CODE\D_7.22_CODE_AND_DOCS\evidence_expansion_v2_working\tools\python_v61\numpy\core\_utils.py"	"944"	"740699B5755684E1058B0995B33F0C9FBEC7B329CC0CA859EC792B8C3D50DEF7"
"04_CODE\D_7.22_CODE_AND_DOCS\evidence_expansion_v2_working\tools\python_v61\numpy\core\arrayprint.py"	"349"	"CEC3ADEEF16EF9BD7FEEB3E52ABEE21A1D769F80A6C33994FDF595D8279D3E2E"
"04_CODE\D_7.22_CODE_AND_DOCS\evidence_expansion_v2_working\tools\python_v61\numpy\core\defchararray.py"	"357"	"E098C38E5EB601B93B7CDA7E1D97AE35241434D28975D36BA3A983E9E7F882AF"
"04_CODE\D_7.22_CODE_AND_DOCS\evidence_expansion_v2_working\tools\python_v61\numpy\core\einsumfunc.py"	"349"	"716EFDBE13C926C8B6A03FAB5DCFF0E442AAE21951A35625CAA2376679AC331F"
"04_CODE\D_7.22_CODE_AND_DOCS\evidence_expansion_v2_working\tools\python_v61\numpy\core\fromnumeric.py"	"353"	"1C3DDEE4FAD88ED30E61008C5D3199960922930BD859CD5746E353E71852C558"
"04_CODE\D_7.22_CODE_AND_DOCS\evidence_expansion_v2_working\tools\python_v61\numpy\core\function_base.py"	"361"	"CF96848971D0E000241DF18B43CBA5FE1BE30962F69439203CB956244FF8C3E3"
"04_CODE\D_7.22_CODE_AND_DOCS\evidence_expansion_v2_working\tools\python_v61\numpy\core\getlimits.py"	"345"	"4EEB74960FC7CA32571D27C1DDCD19D03BCE47B6A6C5492CA88FF53293A55C0A"
"04_CODE\D_7.22_CODE_AND_DOCS\evidence_expansion_v2_working\tools\python_v61\numpy\core\multiarray.py"	"818"	"9CDE7878FF5DCE19D8E28368541376ABBC838C5D70ECF6CC431E1AEE832A4D52"
"04_CODE\D_7.22_CODE_AND_DOCS\evidence_expansion_v2_working\tools\python_v61\numpy\core\numeric.py"	"372"	"41EBFDA1A0C019DC9B96B0E35570734D8D3AF44F19F91DCF20E9C3A772BA5D16"
"04_CODE\D_7.22_CODE_AND_DOCS\evidence_expansion_v2_working\tools\python_v61\numpy\core\numerictypes.py"	"357"	"08734E0A2982DC26AB91E8C73A6FAB57B6FB6E6CA42252400215E3F76DE92AAD"
"04_CODE\D_7.22_CODE_AND_DOCS\evidence_expansion_v2_working\tools\python_v61\numpy\core\overrides.py"	"345"	"C044C1F79BC7F4C4B0142DEB837180506A332896C2B8A7553214BFCC2E5B694C"
"04_CODE\D_7.22_CODE_AND_DOCS\evidence_expansion_v2_working\tools\python_v61\numpy\core\records.py"	"337"	"C5687BF135A43D9C59C79558D392626BCFB2D47C88CE412F9AB17C0622816FAF"
"04_CODE\D_7.22_CODE_AND_DOCS\evidence_expansion_v2_working\tools\python_v61\numpy\core\shape_base.py"	"349"	"05697E39FD4697C9EBD1E060B8321D29B4B987D39D98EF9564F51039ED9EEB66"
"04_CODE\D_7.22_CODE_AND_DOCS\evidence_expansion_v2_working\tools\python_v61\numpy\core\umath.py"	"329"	"5E08172366D3211F4EE14DAFC9F8288DAD24288DAAEEC17774C0969AE91622A4"
"04_CODE\D_7.22_CODE_AND_DOCS\evidence_expansion_v2_working\tools\python_v61\numpy\ctypeslib\__init__.py"	"206"	"A3DA0C33AFAF3B04B83D56A0785C97B21EB1DB7850B5CB1E9A8015551DE4B87C"
"04_CODE\D_7.22_CODE_AND_DOCS\evidence_expansion_v2_working\tools\python_v61\numpy\ctypeslib\_ctypeslib.py"	"19679"	"0A816CF8BE5B5E4B37B7EBD945AE34F268A32F5ADD29F8EEC840C80ABE8B2DED"
"04_CODE\D_7.22_CODE_AND_DOCS\evidence_expansion_v2_working\tools\python_v61\numpy\doc\ufuncs.py"	"5562"	"08BE4CD2DF791BC62FE2D35350EBFD3902D7D668D96C848EA6F1D9B03DAD8DBF"
"04_CODE\D_7.22_CODE_AND_DOCS\evidence_expansion_v2_working\tools\python_v61\numpy\dtypes.py"	"2995"	"39D584DE738AE5A26C0BF0E4E37C1B8A6CD414DCCDF23DA66A7141C3CEDE7681"
"04_CODE\D_7.22_CODE_AND_DOCS\evidence_expansion_v2_working\tools\python_v61\numpy\exceptions.py"	"7955"	"1E04FF12B64B8937DC782BF4CB6758A1EB2D0E92ADD8847AE8C1EEF8B015A4D2"
"04_CODE\D_7.22_CODE_AND_DOCS\evidence_expansion_v2_working\tools\python_v61\numpy\f2py\__init__.py"	"2356"	"7F0A11323E09210A848AE2D5C1727F7D5867A338CA4D199909977D3192E49289"
"04_CODE\D_7.22_CODE_AND_DOCS\evidence_expansion_v2_working\tools\python_v61\numpy\f2py\__main__.py"	"135"	"4C37ACCBFD9F0D7FA0DBBB89B78C972175B34A8AF5DFC476B7657B1C51F0A809"
"04_CODE\D_7.22_CODE_AND_DOCS\evidence_expansion_v2_working\tools\python_v61\numpy\f2py\__version__.py"	"49"	"BB7C84644859CD6F50C0B06ACC510EFB3643AAC102887B378B174E9519EFF49A"
"04_CODE\D_7.22_CODE_AND_DOCS\evidence_expansion_v2_working\tools\python_v61\numpy\f2py\_backends\__init__.py"	"194"	"D5ED6ECBB6D9398AF7D4C4F32B026B7B4869E714097266EB1323D64A58DBDF63"
"04_CODE\D_7.22_CODE_AND_DOCS\evidence_expansion_v2_working\tools\python_v61\numpy\f2py\_backends\_backend.py"	"1195"	"F5CC5156B03EE70726D9F9D5751F85D3CB18C0605FF3D659EDB979547A8A69B5"
"04_CODE\D_7.22_CODE_AND_DOCS\evidence_expansion_v2_working\tools\python_v61\numpy\f2py\_backends\_meson.py"	"8870"	"F259E5961F9246C827A7023E7194D660B746F77C279245DF8CC1F7B887A339A4"
"04_CODE\D_7.22_CODE_AND_DOCS\evidence_expansion_v2_working\tools\python_v61\numpy\f2py\_isocbind.py"	"2422"	"415A11FE90FF6D8F488136921C7530FFC1018349A469FDC965FC212DF1DBCF54"
"04_CODE\D_7.22_CODE_AND_DOCS\evidence_expansion_v2_working\tools\python_v61\numpy\f2py\_src_pyf.py"	"7942"	"BBA78B93F8DBC659D8DEBA0279B18093AC18AD827BF59414825F3D0A4D6E69F2"
"04_CODE\D_7.22_CODE_AND_DOCS\evidence_expansion_v2_working\tools\python_v61\numpy\f2py\auxfuncs.py"	"27940"	"339180109C15234311192C4A57D913570D10373B176D152D566C17D5F72DE28E"
"04_CODE\D_7.22_CODE_AND_DOCS\evidence_expansion_v2_working\tools\python_v61\numpy\f2py\capi_maps.py"	"30576"	"9277095C261676B7AE69101177DB29ED5672D7395F7655DCBB1298CD1B6AB9AE"
"04_CODE\D_7.22_CODE_AND_DOCS\evidence_expansion_v2_working\tools\python_v61\numpy\f2py\cb_rules.py"	"25171"	"CD8137EF613FEE1DFDC9D9F2251BF2FD0B77A2AF6502475775C61730253E25BF"
"04_CODE\D_7.22_CODE_AND_DOCS\evidence_expansion_v2_working\tools\python_v61\numpy\f2py\cfuncs.py"	"55740"	"B1AE936191BE28CDA93EC0B909AC9AA7C63210CAD3F016BF83E62FCC2157D4BF"
"04_CODE\D_7.22_CODE_AND_DOCS\evidence_expansion_v2_working\tools\python_v61\numpy\f2py\common_rules.py"	"5250"	"545581D89DA17F9891D9429F5D9269DC34BFC30124CE9A8311015C57E573F432"
"04_CODE\D_7.22_CODE_AND_DOCS\evidence_expansion_v2_working\tools\python_v61\numpy\f2py\crackfortran.py"	"150558"	"35FE9E8CF2106A454991EDA779254A7831A04521E53583EDF888ADC43446943E"
"04_CODE\D_7.22_CODE_AND_DOCS\evidence_expansion_v2_working\tools\python_v61\numpy\f2py\diagnose.py"	"1360"	"B44800865518A1165666730DD3395D224957EB95E6C4C5D35A73B8DB6AD92269"
"04_CODE\D_7.22_CODE_AND_DOCS\evidence_expansion_v2_working\tools\python_v61\numpy\f2py\f2py2e.py"	"28180"	"12B90E1ACA60C30A43F8B921D98D105021526C3D580DB80E4F09809B27A9D059"
"04_CODE\D_7.22_CODE_AND_DOCS\evidence_expansion_v2_working\tools\python_v61\numpy\f2py\f90mod_rules.py"	"10341"	"D9E60098E40B133984308E8D281E55D0A04F847F6B8F9A2448EB5C4B6B35973A"
"04_CODE\D_7.22_CODE_AND_DOCS\evidence_expansion_v2_working\tools\python_v61\numpy\f2py\func2subr.py"	"10371"	"860E8775AB8CCB864BC9B143214D155B0331247C31DCF5459346305CB76FD685"
"04_CODE\D_7.22_CODE_AND_DOCS\evidence_expansion_v2_working\tools\python_v61\numpy\f2py\rules.py"	"65393"	"45115B1986CEE687C829CA5FC510A54AAC83A574A103BFE9EAD6A07895B0B904"
"04_CODE\D_7.22_CODE_AND_DOCS\evidence_expansion_v2_working\tools\python_v61\numpy\f2py\symbolic.py"	"54828"	"60529779E2DBE69ABD7010C72DC251AB57840A94E58F4C5002C37C20A6CC5A05"
"04_CODE\D_7.22_CODE_AND_DOCS\evidence_expansion_v2_working\tools\python_v61\numpy\f2py\tests\__init__.py"	"345"	"977F1BA3B769A77BB595530F12B95CB7FE6E04B2A3DF9CEE4BFAF7E5EEDCD7D7"
"04_CODE\D_7.22_CODE_AND_DOCS\evidence_expansion_v2_working\tools\python_v61\numpy\f2py\tests\test_abstract_interface.py"	"837"	"D9F4E6A79FB22DA34AB56BCFD2343AFE4AA4C9623BDE4823225EC0ADADB97082"
"04_CODE\D_7.22_CODE_AND_DOCS\evidence_expansion_v2_working\tools\python_v61\numpy\f2py\tests\test_array_from_pyobj.py"	"27138"	"005F9A0913254590EC0BDABDC59D3FEE90F341176905B60F3EA7E3F8DEFDF7C9"
"04_CODE\D_7.22_CODE_AND_DOCS\evidence_expansion_v2_working\tools\python_v61\numpy\f2py\tests\test_assumed_shape.py"	"1663"	"421326093B288F9A3E02DBF6C522A1224D71E8E0C40F68C73BD26C5684C2BB34"
"04_CODE\D_7.22_CODE_AND_DOCS\evidence_expansion_v2_working\tools\python_v61\numpy\f2py\tests\test_block_docstring.py"	"455"	"33BF1AD230778589116F03134F14E960513F1E84C5A64F26877D9E16FC5AFB4A"
"04_CODE\D_7.22_CODE_AND_DOCS\evidence_expansion_v2_working\tools\python_v61\numpy\f2py\tests\test_callback.py"	"7241"	"9B9652FE8276B557E18B126A72A4FC5906E7ED4F32644420031B604C94B406A3"
"04_CODE\D_7.22_CODE_AND_DOCS\evidence_expansion_v2_working\tools\python_v61\numpy\f2py\tests\test_capi_maps.py"	"406"	"83900C3786B376C58415480EFAEC91DD47A6303A3FB55DDEA37B3A904A9F3E8C"
"04_CODE\D_7.22_CODE_AND_DOCS\evidence_expansion_v2_working\tools\python_v61\numpy\f2py\tests\test_character.py"	"22625"	"46104701DE518D9E68BF7762471A5500506EE4BAE8CA9AE50FB424200B64B01F"
"04_CODE\D_7.22_CODE_AND_DOCS\evidence_expansion_v2_working\tools\python_v61\numpy\f2py\tests\test_common.py"	"686"	"3DE5C95D6153C2D05AB471300B1ACDDA2B70F967A70F277080885C48BB34D41C"
"04_CODE\D_7.22_CODE_AND_DOCS\evidence_expansion_v2_working\tools\python_v61\numpy\f2py\tests\test_crackfortran.py"	"16946"	"549DE0BB0CE8EE99970F58E27EC1F81022346252ABB16B1B92E953C99C0FB85B"
"04_CODE\D_7.22_CODE_AND_DOCS\evidence_expansion_v2_working\tools\python_v61\numpy\f2py\tests\test_data.py"	"3019"	"87FCAD3F436167CB19C466BEFE7E349F8349FDDADE49E4C031D8AE09B76EF7C6"
"04_CODE\D_7.22_CODE_AND_DOCS\evidence_expansion_v2_working\tools\python_v61\numpy\f2py\tests\test_docs.py"	"1996"	"630205406BB88300AB9CD4348B83B7B02B3F642C28BE0AF67C6B75DC3ADF29B5"
"04_CODE\D_7.22_CODE_AND_DOCS\evidence_expansion_v2_working\tools\python_v61\numpy\f2py\tests\test_f2cmap.py"	"440"	"9E43EBADC6BE654FA59D4174C82BCFC27D71383C8B3699AE7AC49D872CEF1187"
"04_CODE\D_7.22_CODE_AND_DOCS\evidence_expansion_v2_working\tools\python_v61\numpy\f2py\tests\test_f2py2e.py"	"29979"	"99E83C1D347FA0BD6B4CCF07524B2E05A5142E3D75508E7CB4CE486A550162C8"
"04_CODE\D_7.22_CODE_AND_DOCS\evidence_expansion_v2_working\tools\python_v61\numpy\f2py\tests\test_inplace.py"	"1725"	"CE0BF1CAF0BF0F755F4A5B8ED9545EA48B6EA84FDEB9394349DC55BEF6AC9722"
"04_CODE\D_7.22_CODE_AND_DOCS\evidence_expansion_v2_working\tools\python_v61\numpy\f2py\tests\test_isoc.py"	"1486"	"25CABEEB5B2A66956FB91E538E5879111FC61B5AA2283DED34DA854BD8ECB48F"
"04_CODE\D_7.22_CODE_AND_DOCS\evidence_expansion_v2_working\tools\python_v61\numpy\f2py\tests\test_kind.py"	"1916"	"DA0A980876F0542162E94301363B2562927D33062B682474909183BFA17C8A8C"
"04_CODE\D_7.22_CODE_AND_DOCS\evidence_expansion_v2_working\tools\python_v61\numpy\f2py\tests\test_mixed.py"	"744"	"89B4CC22E89E3CF1CEB9E94217C06CBDC15BDC17A2965240457F3872B613A00E"
"04_CODE\D_7.22_CODE_AND_DOCS\evidence_expansion_v2_working\tools\python_v61\numpy\f2py\tests\test_modules.py"	"2549"	"0CC5F6568966FEA1D04BD45A453AE0A1ADB6BF76459F3B325CFE17488018B055"
"04_CODE\D_7.22_CODE_AND_DOCS\evidence_expansion_v2_working\tools\python_v61\numpy\f2py\tests\test_parameter.py"	"4575"	"4F7E256E687989D77963BDCD428C968F6F04B988DB97C938D84211BE022A8A29"
"04_CODE\D_7.22_CODE_AND_DOCS\evidence_expansion_v2_working\tools\python_v61\numpy\f2py\tests\test_pyf_src.py"	"1177"	"4E0F0FCF2A58D4FDA975ADE4D956EE297F7B5420FB0AD760C896A33FE53B0087"
"04_CODE\D_7.22_CODE_AND_DOCS\evidence_expansion_v2_working\tools\python_v61\numpy\f2py\tests\test_quoted_character.py"	"622"	"16D68DE0ECA6C1650321C2B280D78F91D49CA1D1100B3A7CCF6AFFFE82B88B53"
"04_CODE\D_7.22_CODE_AND_DOCS\evidence_expansion_v2_working\tools\python_v61\numpy\f2py\tests\test_regression.py"	"7000"	"60E0E18716070DE540B93997F3A22F4DCD25C711081DA487F6CDD88089F2B534"
"04_CODE\D_7.22_CODE_AND_DOCS\evidence_expansion_v2_working\tools\python_v61\numpy\f2py\tests\test_return_character.py"	"1582"	"6DDAF2668E5F5DF4D4137E4CDFFF200EA3C26BD44AB64C513AA05C9D38EEC18A"
"04_CODE\D_7.22_CODE_AND_DOCS\evidence_expansion_v2_working\tools\python_v61\numpy\f2py\tests\test_return_complex.py"	"2507"	"D4D6FA22C45FCC74C20A20535399C7A18DFAC3EF948768284DE74AF9DF17ADCE"
"04_CODE\D_7.22_CODE_AND_DOCS\evidence_expansion_v2_working\tools\python_v61\numpy\f2py\tests\test_return_integer.py"	"1868"	"5F78580095FD41A0B4318B085E0D4FA3E15187828244DD0A5B45055697640F0C"
"04_CODE\D_7.22_CODE_AND_DOCS\evidence_expansion_v2_working\tools\python_v61\numpy\f2py\tests\test_return_logical.py"	"2132"	"A5D161A20ACBB38CBB3FFF07ECC61FD622F3E935987C49C8A369493B58777548"
"04_CODE\D_7.22_CODE_AND_DOCS\evidence_expansion_v2_working\tools\python_v61\numpy\f2py\tests\test_return_real.py"	"3382"	"7BB236ECE99D24608343DBD7D76536F4CDD608E726535291B22BD16FA0642AFA"
"04_CODE\D_7.22_CODE_AND_DOCS\evidence_expansion_v2_working\tools\python_v61\numpy\f2py\tests\test_routines.py"	"824"	"EA1381F119F833E30280384A328A88DD8227DBBE30C9607368B4E3AC9AD3602C"
"04_CODE\D_7.22_CODE_AND_DOCS\evidence_expansion_v2_working\tools\python_v61\numpy\f2py\tests\test_semicolon_split.py"	"1721"	"74A67DB6AA0661C12F7D3577D434638EA03B5ABEFB451494A78132B21EA3AA35"
"04_CODE\D_7.22_CODE_AND_DOCS\evidence_expansion_v2_working\tools\python_v61\numpy\f2py\tests\test_size.py"	"1264"	"64583938F18E02410DF69E417FB61254F88A649D375A25344283D85C6D560CBC"
"04_CODE\D_7.22_CODE_AND_DOCS\evidence_expansion_v2_working\tools\python_v61\numpy\f2py\tests\test_string.py"	"3072"	"B80F12AF0DB6E7CC91193EAAC0BB7EFB93243A5C185A88D1E8CDCA73A58136BB"
"04_CODE\D_7.22_CODE_AND_DOCS\evidence_expansion_v2_working\tools\python_v61\numpy\f2py\tests\test_symbolic.py"	"19080"	"6DC63BDC0B1BC810B0A4719CEBE64127D2A60D9F64A32C584CDC19875E9887B1"
"04_CODE\D_7.22_CODE_AND_DOCS\evidence_expansion_v2_working\tools\python_v61\numpy\f2py\tests\test_value_attrspec.py"	"341"	"C80C22BB6785549FDB958D637BE9BA5A84966D98BE03A98527E6C96A783F2F6C"
"04_CODE\D_7.22_CODE_AND_DOCS\evidence_expansion_v2_working\tools\python_v61\numpy\f2py\tests\util.py"	"12600"	"87D16A1B95457268931D272B6BDEBD6562AABA9639A0DEDE16A95D176328DF0B"
"04_CODE\D_7.22_CODE_AND_DOCS\evidence_expansion_v2_working\tools\python_v61\numpy\f2py\use_rules.py"	"3513"	"9A94B00EAC5F5538D7E3CC84AF85A627CCEDC928C27E64FB1078380E631BD794"
"04_CODE\D_7.22_CODE_AND_DOCS\evidence_expansion_v2_working\tools\python_v61\numpy\fft\__init__.py"	"8369"	"1BB36BEABA498203757B73E01A0804C45E848BF5ADF27E7B7902177F9BEDCCB3"
"04_CODE\D_7.22_CODE_AND_DOCS\evidence_expansion_v2_working\tools\python_v61\numpy\fft\_helper.py"	"7032"	"4EFB88C548D3C382F3C97963FFF7759EEC15BA46DD322F255457238A51AB8AA5"
"04_CODE\D_7.22_CODE_AND_DOCS\evidence_expansion_v2_working\tools\python_v61\numpy\fft\_pocketfft.py"	"64301"	"A8D156C6ED341590C6226102BDC8EA037C5E932093AA0C339C4E6AF207AA3A10"
"04_CODE\D_7.22_CODE_AND_DOCS\evidence_expansion_v2_working\tools\python_v61\numpy\fft\tests\__init__.py"	"0"	"E3B0C44298FC1C149AFBF4C8996FB92427AE41E4649B934CA495991B7852B855"
"04_CODE\D_7.22_CODE_AND_DOCS\evidence_expansion_v2_working\tools\python_v61\numpy\fft\tests\test_helper.py"	"6321"	"61F7F81176ACC87FA70FA77211C65F5F883AD598D070063B5C77D02E75C8D446"
"04_CODE\D_7.22_CODE_AND_DOCS\evidence_expansion_v2_working\tools\python_v61\numpy\fft\tests\test_pocketfft.py"	"25770"	"8A17D9DDBEA51020E7867B2B1CEB6005B52B3D3A071DBC868EABFE2D65CF56C6"
"04_CODE\D_7.22_CODE_AND_DOCS\evidence_expansion_v2_working\tools\python_v61\numpy\lib\__init__.py"	"2784"	"0CE3331E49EE0DF28B302688CD034FB3FD090113A48F3A8E59EF3C7844DCE2F5"
"04_CODE\D_7.22_CODE_AND_DOCS\evidence_expansion_v2_working\tools\python_v61\numpy\lib\_array_utils_impl.py"	"1766"	"678BAE7C8BB8FFD1192E59E711589F850340923820226E1CA6D2F85CD027338A"
"04_CODE\D_7.22_CODE_AND_DOCS\evidence_expansion_v2_working\tools\python_v61\numpy\lib\_arraypad_impl.py"	"34445"	"AC7FCE53A5EFA26DE5E29D836EB840AD020F8EC8CCF4438DC6D4AA28DCF177A8"
"04_CODE\D_7.22_CODE_AND_DOCS\evidence_expansion_v2_working\tools\python_v61\numpy\lib\_arraysetops_impl.py"	"38499"	"1154611100AA471CE1794EBCBB9906812F29925B3FB1448CF565DAF59F58DE1A"
"04_CODE\D_7.22_CODE_AND_DOCS\evidence_expansion_v2_working\tools\python_v61\numpy\lib\_arrayterator_impl.py"	"7442"	"1D4B422C15DC1BB982E405F72AE25C0E31C3F4510F85E09C1F2A53E8FB52B306"
"04_CODE\D_7.22_CODE_AND_DOCS\evidence_expansion_v2_working\tools\python_v61\numpy\lib\_datasource.py"	"23423"	"DBBF26C57CCD4D2DC435304F4418F967411261230FA2F9850E1788F57DB7EA1F"
"04_CODE\D_7.22_CODE_AND_DOCS\evidence_expansion_v2_working\tools\python_v61\numpy\lib\_format_impl.py"	"37919"	"4FBCED65CB3221B84D70393F393B3C9A9D765835B8187BB17C3547945E9A22B6"
"04_CODE\D_7.22_CODE_AND_DOCS\evidence_expansion_v2_working\tools\python_v61\numpy\lib\_function_base_impl.py"	"200049"	"FA1BC6EA934DF034FEC66D690605C7CCA54FC2AB430E6DFA96B10B6C9576CBA0"
"04_CODE\D_7.22_CODE_AND_DOCS\evidence_expansion_v2_working\tools\python_v61\numpy\lib\_histograms_impl.py"	"39523"	"773FE670440F30C1498417CFA36EED094A5A87162D16D7119A98938F73BC03BF"
"04_CODE\D_7.22_CODE_AND_DOCS\evidence_expansion_v2_working\tools\python_v61\numpy\lib\_index_tricks_impl.py"	"32571"	"3F2A02C7C241ACE7B73E7D9C1044DBCDF2D1F954F9060FA895AE306BCE57A185"
"04_CODE\D_7.22_CODE_AND_DOCS\evidence_expansion_v2_working\tools\python_v61\numpy\lib\_iotools.py"	"31789"	"5CA1FC42347E4B20B331B066D7689FABAFE27791A897DDFED609C39086D635A7"
"04_CODE\D_7.22_CODE_AND_DOCS\evidence_expansion_v2_working\tools\python_v61\numpy\lib\_nanfunctions_impl.py"	"73411"	"A0664D8D7CF2EBAA5BAF0969D1742C2508CCBED89113CC2DBA53FB34B54CF79B"
"04_CODE\D_7.22_CODE_AND_DOCS\evidence_expansion_v2_working\tools\python_v61\numpy\lib\_npyio_impl.py"	"98775"	"749B07678D02700C57DDDFBCCB50880F75CA5A5F0E1CD17D41F9541AF51BDC6E"
"04_CODE\D_7.22_CODE_AND_DOCS\evidence_expansion_v2_working\tools\python_v61\numpy\lib\_polynomial_impl.py"	"45689"	"2924662B87B32BBF0B50E4656AA454A5C73A645C6B2BA11D794107B3B3B8573B"
"04_CODE\D_7.22_CODE_AND_DOCS\evidence_expansion_v2_working\tools\python_v61\numpy\lib\_scimath_impl.py"	"16326"	"563CAC448DB898C77819A684CB97B59E90110DCD3F4CA810AAAE9346888D7406"
"04_CODE\D_7.22_CODE_AND_DOCS\evidence_expansion_v2_working\tools\python_v61\numpy\lib\_shape_base_impl.py"	"39107"	"EC55B38A78C5EEA46AFF544CD7DDF766774B9E5E606539500CBCFD6E8B9F0287"
"04_CODE\D_7.22_CODE_AND_DOCS\evidence_expansion_v2_working\tools\python_v61\numpy\lib\_stride_tricks_impl.py"	"22028"	"3C0D26A3083BE9285CAE8B053E71CECC7AC60009A3529429876111C05D38FEE3"
"04_CODE\D_7.22_CODE_AND_DOCS\evidence_expansion_v2_working\tools\python_v61\numpy\lib\_twodim_base_impl.py"	"36482"	"DC5004DE8613FE7933EA4ED285A3004D6761BD84DC1F2E48CF51F41D1D31658F"
"04_CODE\D_7.22_CODE_AND_DOCS\evidence_expansion_v2_working\tools\python_v61\numpy\lib\_type_check_impl.py"	"20818"	"DE876218E8874C0EE3F575859398B2F00A24A00F94452A12E84723CAF7C8EB14"
"04_CODE\D_7.22_CODE_AND_DOCS\evidence_expansion_v2_working\tools\python_v61\numpy\lib\_ufunclike_impl.py"	"6631"	"13BB347E660F99EF0107F5ECC737D5F2F83199E3A9DC8BFE7DCD7010FC178792"
"04_CODE\D_7.22_CODE_AND_DOCS\evidence_expansion_v2_working\tools\python_v61\numpy\lib\_user_array_impl.py"	"8336"	"3598BBA7475236812650DE0A475681D7F81FF6BD256007BFAD3D55359090739C"
"04_CODE\D_7.22_CODE_AND_DOCS\evidence_expansion_v2_working\tools\python_v61\numpy\lib\_utils_impl.py"	"17392"	"12BA291EB095F685FA2D04F25D12518D5FD13039680D0F83769004B2C0CAD748"
"04_CODE\D_7.22_CODE_AND_DOCS\evidence_expansion_v2_working\tools\python_v61\numpy\lib\_version.py"	"4936"	"275A6ABA3384E11FE41FB475CB1B629B06D6551C43367043F365C867D972D726"
"04_CODE\D_7.22_CODE_AND_DOCS\evidence_expansion_v2_working\tools\python_v61\numpy\lib\array_utils.py"	"151"	"CE6AD421595E5845B397D5E31295250D4407B7DA9B6ECCADCAEFE32E3F8E8271"
"04_CODE\D_7.22_CODE_AND_DOCS\evidence_expansion_v2_working\tools\python_v61\numpy\lib\format.py"	"501"	"8A2F0C45098F6759C06AA9CCA9E62D2A074D44FE76899B073E8E6B383976D143"
"04_CODE\D_7.22_CODE_AND_DOCS\evidence_expansion_v2_working\tools\python_v61\numpy\lib\introspect.py"	"2843"	"1C1C92AD97CAE677A27A58E9F6ADBDB7B04F6A0F1C15FA80B83F278E02436778"
"04_CODE\D_7.22_CODE_AND_DOCS\evidence_expansion_v2_working\tools\python_v61\numpy\lib\mixins.py"	"7375"	"B98FB87429B3BE218FD64A5F92CC522E7FFF100FE84F098BAB2AF80E5FCA034E"
"04_CODE\D_7.22_CODE_AND_DOCS\evidence_expansion_v2_working\tools\python_v61\numpy\lib\npyio.py"	"69"	"118E7FB6A1A9951A3E077709B6ABDFF470B7E2740AAF924D832CA41D68F9ABF1"
"04_CODE\D_7.22_CODE_AND_DOCS\evidence_expansion_v2_working\tools\python_v61\numpy\lib\recfunctions.py"	"61205"	"2AEE2C54BA889C07047E4385B8CFB6A943A410148651AAEBA2B29A4E390228D7"
"04_CODE\D_7.22_CODE_AND_DOCS\evidence_expansion_v2_working\tools\python_v61\numpy\lib\scimath.py"	"182"	"DE7B18A85746A28D1D6A76879C62BC42BCF4000037D531D45F4AA742CA797AEF"
"04_CODE\D_7.22_CODE_AND_DOCS\evidence_expansion_v2_working\tools\python_v61\numpy\lib\stride_tricks.py"	"89"	"A976A7F7F5295C50280CB040689D7061BD01F3A0E03F8F28829E6C52EDECD4BC"
"04_CODE\D_7.22_CODE_AND_DOCS\evidence_expansion_v2_working\tools\python_v61\numpy\lib\tests\__init__.py"	"0"	"E3B0C44298FC1C149AFBF4C8996FB92427AE41E4649B934CA495991B7852B855"
"04_CODE\D_7.22_CODE_AND_DOCS\evidence_expansion_v2_working\tools\python_v61\numpy\lib\tests\test__datasource.py"	"10891"	"39877602699002D778D007E5FA9E6CA23E339E8DA81A1FFA5DA87D435244F92E"
"04_CODE\D_7.22_CODE_AND_DOCS\evidence_expansion_v2_working\tools\python_v61\numpy\lib\tests\test__iotools.py"	"14188"	"F811607CA4A9C610D7B67ECE2BFA6E07D7CA2A290141A0324BF0BC749BDBD0A3"
"04_CODE\D_7.22_CODE_AND_DOCS\evidence_expansion_v2_working\tools\python_v61\numpy\lib\tests\test__version.py"	"2063"	"23AF9CCABFFBC354D4BC2DB9851D604C4DF1F12F904405D1B01E088CFC58DED8"
"04_CODE\D_7.22_CODE_AND_DOCS\evidence_expansion_v2_working\tools\python_v61\numpy\lib\tests\test_array_utils.py"	"1150"	"811B2A97D2347FB45093ED5BF223DAD630D9B1DFDAB82174E7EBA5C410957CDE"
"04_CODE\D_7.22_CODE_AND_DOCS\evidence_expansion_v2_working\tools\python_v61\numpy\lib\tests\test_arraypad.py"	"58043"	"9A54C1C8DE6DBD1952420DC918D63A1A444E2D2FD991789E4A406CB7E0ADE079"
"04_CODE\D_7.22_CODE_AND_DOCS\evidence_expansion_v2_working\tools\python_v61\numpy\lib\tests\test_arraysetops.py"	"49141"	"A05C2B1488F684E050CC8404C4753496B257F5D182AF2A4D12DAE870778E4DA1"
"04_CODE\D_7.22_CODE_AND_DOCS\evidence_expansion_v2_working\tools\python_v61\numpy\lib\tests\test_arrayterator.py"	"1341"	"E168A7C8407996260C192FFFF2D09E64972838390D30575230F165E16F82FF2D"
"04_CODE\D_7.22_CODE_AND_DOCS\evidence_expansion_v2_working\tools\python_v61\numpy\lib\tests\test_format.py"	"42435"	"D84719675AA9443DCA2936BD4673D55486B4B20906532EBC67BF406E9B6B82F3"
"04_CODE\D_7.22_CODE_AND_DOCS\evidence_expansion_v2_working\tools\python_v61\numpy\lib\tests\test_function_base.py"	"184302"	"021E70CBEB27E4B44D83B14209F07148530C530E70E3C2FEDE9E24F29F841752"
"04_CODE\D_7.22_CODE_AND_DOCS\evidence_expansion_v2_working\tools\python_v61\numpy\lib\tests\test_histograms.py"	"34806"	"B9E4097A95BC912FBF7F622C757C442889178B687071A0C9C360F7BB75A10820"
"04_CODE\D_7.22_CODE_AND_DOCS\evidence_expansion_v2_working\tools\python_v61\numpy\lib\tests\test_index_tricks.py"	"25100"	"41E0D166EEC7E20ABC91480E657E9AC060BABAADCF4CC57484A5C09458FAADBD"
"04_CODE\D_7.22_CODE_AND_DOCS\evidence_expansion_v2_working\tools\python_v61\numpy\lib\tests\test_io.py"	"108777"	"CF4EA555882ADDC8DCA7D29ACD0FFFBDC8D9A51D38550DA04EFB8F4A9688CCDD"
"04_CODE\D_7.22_CODE_AND_DOCS\evidence_expansion_v2_working\tools\python_v61\numpy\lib\tests\test_loadtxt.py"	"40049"	"425FC7B26B327E04908BD8EEB09426A713A440E0BE0B31CC32FD7B862AAC5576"
"04_CODE\D_7.22_CODE_AND_DOCS\evidence_expansion_v2_working\tools\python_v61\numpy\lib\tests\test_mixins.py"	"7224"	"7966853648E8FC83E53F8FBB4FEB22B6966A84082350E8EA92095468F21D5970"
"04_CODE\D_7.22_CODE_AND_DOCS\evidence_expansion_v2_working\tools\python_v61\numpy\lib\tests\test_nanfunctions.py"	"56206"	"DA39C0EAB86659489ED35D9D0797F5C39D6D65496DAF21ED9583D1613740BC46"
"04_CODE\D_7.22_CODE_AND_DOCS\evidence_expansion_v2_working\tools\python_v61\numpy\lib\tests\test_packbits.py"	"17882"	"FEB112288BFA83C35625F97E14E0912FA50A94D2BA886EC8D39B949C187E10F3"
"04_CODE\D_7.22_CODE_AND_DOCS\evidence_expansion_v2_working\tools\python_v61\numpy\lib\tests\test_polynomial.py"	"13060"	"8232CC3252637413208C576BC0C90A84666C73EFBF09F43E3D47EE3EC5EA7631"
"04_CODE\D_7.22_CODE_AND_DOCS\evidence_expansion_v2_working\tools\python_v61\numpy\lib\tests\test_recfunctions.py"	"45015"	"0DB6D6742E8ABD2DF3EB37A47B172CE28EBF76B4F0B461AADD02DB6BF8583EBC"
"04_CODE\D_7.22_CODE_AND_DOCS\evidence_expansion_v2_working\tools\python_v61\numpy\lib\tests\test_regression.py"	"7947"	"E94B3E3D958D553FFF216E2F8F6FAB03BED2761A5AA2AA3EFC98324955CBDDD8"
"04_CODE\D_7.22_CODE_AND_DOCS\evidence_expansion_v2_working\tools\python_v61\numpy\lib\tests\test_shape_base.py"	"28219"	"47AE593C17D69EFCC8C88AD86F2240501510A836D95F780DD33C7CB02C9D8CA7"
"04_CODE\D_7.22_CODE_AND_DOCS\evidence_expansion_v2_working\tools\python_v61\numpy\lib\tests\test_stride_tricks.py"	"30869"	"C4D67B0E7E15BD24F4D10EB9063A62F77484B978171E109BC40C3387C79EE7F2"
"04_CODE\D_7.22_CODE_AND_DOCS\evidence_expansion_v2_working\tools\python_v61\numpy\lib\tests\test_twodim_base.py"	"19743"	"FE403102FB42FFDEE4F9A88A2109A15F2DC9A2A43BAA7075F232B45FEC4FB631"
"04_CODE\D_7.22_CODE_AND_DOCS\evidence_expansion_v2_working\tools\python_v61\numpy\lib\tests\test_type_check.py"	"15269"	"53368E62A34E5A3480C62BABE85B4444010C21F63193CE272FF969783246CF15"
"04_CODE\D_7.22_CODE_AND_DOCS\evidence_expansion_v2_working\tools\python_v61\numpy\lib\tests\test_ufunclike.py"	"4080"	"B679599F7F7D9AB52AD01CB991C834AF5637FDEAE860C23EAF632F0CE692EB27"
"04_CODE\D_7.22_CODE_AND_DOCS\evidence_expansion_v2_working\tools\python_v61\numpy\lib\tests\test_utils.py"	"2454"	"F57B4301AEFD3792CEAA92D41CA63CF1A8D1B98DA02F344CC89D5DAF2FF87645"
"04_CODE\D_7.22_CODE_AND_DOCS\evidence_expansion_v2_working\tools\python_v61\numpy\lib\user_array.py"	"64"	"E73EFE85F5E7593E4EAB8FD63E78CD5863DCF511D4599732AB82FD64CDE49064"
"04_CODE\D_7.22_CODE_AND_DOCS\evidence_expansion_v2_working\tools\python_v61\numpy\linalg\__init__.py"	"2171"	"CB491584B896825CD10BE0FA03EA70D7CCBFA7A1143D2E7ACC772543209CB560"
"04_CODE\D_7.22_CODE_AND_DOCS\evidence_expansion_v2_working\tools\python_v61\numpy\linalg\_linalg.py"	"118366"	"76EE5B752078B400B2EE9A946A7BC50B16D98034CB8A5F4A43D6D94AF00F6D22"
"04_CODE\D_7.22_CODE_AND_DOCS\evidence_expansion_v2_working\tools\python_v61\numpy\linalg\tests\__init__.py"	"0"	"E3B0C44298FC1C149AFBF4C8996FB92427AE41E4649B934CA495991B7852B855"
"04_CODE\D_7.22_CODE_AND_DOCS\evidence_expansion_v2_working\tools\python_v61\numpy\linalg\tests\test_deprecations.py"	"637"	"C0492F60FFF493E8AAA55261F9B8608C583AEF0E13094B6111EE1A752480F13F"
"04_CODE\D_7.22_CODE_AND_DOCS\evidence_expansion_v2_working\tools\python_v61\numpy\linalg\tests\test_linalg.py"	"89130"	"B0CFF0F7DC5A9B39F7D45C640DBB1D5E6D4CC30BC454E13E6D1E76FEF171986E"
"04_CODE\D_7.22_CODE_AND_DOCS\evidence_expansion_v2_working\tools\python_v61\numpy\linalg\tests\test_regression.py"	"7260"	"C5095AF4E539A3A63F545B424167AAF57910F6A16C2E7A7BB88BEF14330EE6EE"
"04_CODE\D_7.22_CODE_AND_DOCS\evidence_expansion_v2_working\tools\python_v61\numpy\ma\__init__.py"	"1459"	"661D878A5E2C74D3647FED1A250AE738F991911C11E2B380CE137E9F7447B1B5"
"04_CODE\D_7.22_CODE_AND_DOCS\evidence_expansion_v2_working\tools\python_v61\numpy\ma\core.py"	"300834"	"E2BE833C55B602EC103C3202B6DD78C4FECD3D493A96A1094F00F66CB4B8BEDF"
"04_CODE\D_7.22_CODE_AND_DOCS\evidence_expansion_v2_working\tools\python_v61\numpy\ma\extras.py"	"70068"	"A609DEE373145723924862B96C8063B1288D0603F35F498E9B0AF7580199D1E4"
"04_CODE\D_7.22_CODE_AND_DOCS\evidence_expansion_v2_working\tools\python_v61\numpy\ma\mrecords.py"	"26310"	"8768D48C4D753E2578C74C5881A9C508E9C18A602A49155D11B52B84030A174A"
"04_CODE\D_7.22_CODE_AND_DOCS\evidence_expansion_v2_working\tools\python_v61\numpy\ma\tests\__init__.py"	"0"	"E3B0C44298FC1C149AFBF4C8996FB92427AE41E4649B934CA495991B7852B855"
"04_CODE\D_7.22_CODE_AND_DOCS\evidence_expansion_v2_working\tools\python_v61\numpy\ma\tests\test_arrayobject.py"	"1139"	"6A9D3A0B46B474659C3A49E972D6E12DBCC748D77633DA7F24BDA3112A810469"
"04_CODE\D_7.22_CODE_AND_DOCS\evidence_expansion_v2_working\tools\python_v61\numpy\ma\tests\test_core.py"	"235016"	"138266628CF610AF7A8169E5D5C432E1E6A522D4C47000B7795B4D5F0A95C01B"
"04_CODE\D_7.22_CODE_AND_DOCS\evidence_expansion_v2_working\tools\python_v61\numpy\ma\tests\test_deprecations.py"	"2416"	"A1D591292BEB61112DFBA81E5E0C1A5383DBF4366C1492889A6487A214F36D9F"
"04_CODE\D_7.22_CODE_AND_DOCS\evidence_expansion_v2_working\tools\python_v61\numpy\ma\tests\test_extras.py"	"77206"	"045B8F5185AD57A6ECD9E016EC0EF8085AD6D3010CEF392C5E56EE7D7BF8F34C"
"04_CODE\D_7.22_CODE_AND_DOCS\evidence_expansion_v2_working\tools\python_v61\numpy\ma\tests\test_mrecords.py"	"20332"	"BD06FB23B6F8FE3AABDF5605109887ED760E19C3060263862AADAC11260741D9"
"04_CODE\D_7.22_CODE_AND_DOCS\evidence_expansion_v2_working\tools\python_v61\numpy\ma\tests\test_old_ma.py"	"34042"	"FD866525F8C4071CDCACFAD29303C587BD635982BEE6596019847A7FE1671975"
"04_CODE\D_7.22_CODE_AND_DOCS\evidence_expansion_v2_working\tools\python_v61\numpy\ma\tests\test_regression.py"	"2802"	"5C4C4C078E81616C81EE5E8A87D88320926E3F3F8899B89FA7544680C560A8B9"
"04_CODE\D_7.22_CODE_AND_DOCS\evidence_expansion_v2_working\tools\python_v61\numpy\ma\tests\test_subclassing.py"	"17439"	"82F031734BCB439B238804404F2DBC3544B431CA4D912C213C97E9392106BEF7"
"04_CODE\D_7.22_CODE_AND_DOCS\evidence_expansion_v2_working\tools\python_v61\numpy\ma\testutils.py"	"10507"	"1D8F2CAEDDE41F79483A8F5C6E1D5C434DBB122902B2F38B2A22735894CAB36E"
"04_CODE\D_7.22_CODE_AND_DOCS\evidence_expansion_v2_working\tools\python_v61\numpy\matlib.py"	"11017"	"38459454FB70B1F78D346E4943CD3B0D02E7B857757A44C6F44BA1F1BCED09A6"
"04_CODE\D_7.22_CODE_AND_DOCS\evidence_expansion_v2_working\tools\python_v61\numpy\matrixlib\__init__.py"	"255"	"68F5DB68DE0E603A7D4C503C906CEDDA04C11DBDE8F0D6A7C3EB8CFF75E80C5E"
"04_CODE\D_7.22_CODE_AND_DOCS\evidence_expansion_v2_working\tools\python_v61\numpy\matrixlib\defmatrix.py"	"31951"	"A766D971656D0AE22697AA8AFC2B027DBEF631915694CEAFB2725AC0B47A37FB"
"04_CODE\D_7.22_CODE_AND_DOCS\evidence_expansion_v2_working\tools\python_v61\numpy\matrixlib\tests\__init__.py"	"0"	"E3B0C44298FC1C149AFBF4C8996FB92427AE41E4649B934CA495991B7852B855"
"04_CODE\D_7.22_CODE_AND_DOCS\evidence_expansion_v2_working\tools\python_v61\numpy\matrixlib\tests\test_defmatrix.py"	"16253"	"674652546A1C4A26CD5DBE3C8465AF12589506067BA7EE85D66AF9DBB23A5106"
"04_CODE\D_7.22_CODE_AND_DOCS\evidence_expansion_v2_working\tools\python_v61\numpy\matrixlib\tests\test_interaction.py"	"12234"	"D679113D699F59FCCE4BD1A3C0E415D43F8A7BD5BA52D91DC2E30C55871121C8"
"04_CODE\D_7.22_CODE_AND_DOCS\evidence_expansion_v2_working\tools\python_v61\numpy\matrixlib\tests\test_masked_matrix.py"	"9062"	"10352E2A61E06A9FCE26E29B5A63ACBCE14A0A148B6AC0EC8D7AF6D0EFCE8D2D"
"04_CODE\D_7.22_CODE_AND_DOCS\evidence_expansion_v2_working\tools\python_v61\numpy\matrixlib\tests\test_matrix_linalg.py"	"2341"	"73B95D27AC46EBA16F247E450F64D2AFAD7B13D3DF3CC630900CEB8E14F15586"
"04_CODE\D_7.22_CODE_AND_DOCS\evidence_expansion_v2_working\tools\python_v61\numpy\matrixlib\tests\test_multiarray.py"	"572"	"5A0531A48C576F3A574D39EDF221B41C2E91A00713524D0FB0488C1D3DB7EB51"
"04_CODE\D_7.22_CODE_AND_DOCS\evidence_expansion_v2_working\tools\python_v61\numpy\matrixlib\tests\test_numeric.py"	"465"	"E170B53B69AFECD6183F5B224FA234600CFE0AE865C3A64DF43BB6166094CFC6"
"04_CODE\D_7.22_CODE_AND_DOCS\evidence_expansion_v2_working\tools\python_v61\numpy\matrixlib\tests\test_regression.py"	"965"	"DBE73807968A59BC9267DE51946E56526F0E2C13BBB0BB4CDB323340CC0CBF45"
"04_CODE\D_7.22_CODE_AND_DOCS\evidence_expansion_v2_working\tools\python_v61\numpy\polynomial\__init__.py"	"6913"	"CA738713531CF5E05930D96BA1A13D99E216EF0664BE8EDBA468C58ED0C1FC05"
"04_CODE\D_7.22_CODE_AND_DOCS\evidence_expansion_v2_working\tools\python_v61\numpy\polynomial\_polybase.py"	"40549"	"F18813712540E27472213BD67EBBEE14691701D441F02734D51DDC30269ADB02"
"04_CODE\D_7.22_CODE_AND_DOCS\evidence_expansion_v2_working\tools\python_v61\numpy\polynomial\chebyshev.py"	"66272"	"0C4128FE70844A0A2065E1BF10D45D6A2E67C3D609A2EEDDD2997352BC14857C"
"04_CODE\D_7.22_CODE_AND_DOCS\evidence_expansion_v2_working\tools\python_v61\numpy\polynomial\hermite.py"	"58441"	"2B5C2D1372DC9371788724A81C2C594E38276AE06DA36BB16F45CBF2BBE58EE5"
"04_CODE\D_7.22_CODE_AND_DOCS\evidence_expansion_v2_working\tools\python_v61\numpy\polynomial\hermite_e.py"	"55902"	"9460757715D9AB5BD8194C24BD209D2AAEE7379718A465C04D625C4F3FAC35B2"
"04_CODE\D_7.22_CODE_AND_DOCS\evidence_expansion_v2_working\tools\python_v61\numpy\polynomial\laguerre.py"	"56244"	"804DE8A948C9558E507749276BFA51B380C8107D803220F55D9DAF7A7F33DCD8"
"04_CODE\D_7.22_CODE_AND_DOCS\evidence_expansion_v2_working\tools\python_v61\numpy\polynomial\legendre.py"	"54678"	"57EE5C80BEADACBA8344FB999B0AA6FE15FF8B1DF60ADA2ED5137BC5334B4A7F"
"04_CODE\D_7.22_CODE_AND_DOCS\evidence_expansion_v2_working\tools\python_v61\numpy\polynomial\polynomial.py"	"56517"	"028EA3E50641739E40749E33FCAEAC1E24F2851A7C840CF4563728503468BF1A"
"04_CODE\D_7.22_CODE_AND_DOCS\evidence_expansion_v2_working\tools\python_v61\numpy\polynomial\polyutils.py"	"23394"	"55B62B4ECF935B63CC106A8D203902420DB4CABB46BCD91E50EA0B9E127B07D5"
"04_CODE\D_7.22_CODE_AND_DOCS\evidence_expansion_v2_working\tools\python_v61\numpy\polynomial\tests\__init__.py"	"0"	"E3B0C44298FC1C149AFBF4C8996FB92427AE41E4649B934CA495991B7852B855"
"04_CODE\D_7.22_CODE_AND_DOCS\evidence_expansion_v2_working\tools\python_v61\numpy\polynomial\tests\test_chebyshev.py"	"21849"	"7FE5135413BBE97265577E1D7E01E0DC47C7725B59CFEA2D0DF42981CE406E6A"
"04_CODE\D_7.22_CODE_AND_DOCS\evidence_expansion_v2_working\tools\python_v61\numpy\polynomial\tests\test_classes.py"	"19558"	"B1D8761C08599B56AD6E2F0A4CE2ACD81B02CA3F8725EF2EE73271552E811800"
"04_CODE\D_7.22_CODE_AND_DOCS\evidence_expansion_v2_working\tools\python_v61\numpy\polynomial\tests\test_hermite.py"	"19821"	"C55BEA318B914200473AED399682A20E3C23266D54E33930CDB4C59336BCE9D8"
"04_CODE\D_7.22_CODE_AND_DOCS\evidence_expansion_v2_working\tools\python_v61\numpy\polynomial\tests\test_hermite_e.py"	"20170"	"A5D33270B2E3B6E78F4A83EA8F4934CDBD9746D0B5292984D26BC9A2726B9850"
"04_CODE\D_7.22_CODE_AND_DOCS\evidence_expansion_v2_working\tools\python_v61\numpy\polynomial\tests\test_laguerre.py"	"18744"	"7F27E197CB6621BD93F73076BFD292AA194E859A56463920D9D99065F96602A5"
"04_CODE\D_7.22_CODE_AND_DOCS\evidence_expansion_v2_working\tools\python_v61\numpy\polynomial\tests\test_legendre.py"	"19943"	"2423F768C274A333CEE8BC780DD7EEB1F0C86DAC4A0739A2EC34F034FE9DB22A"
"04_CODE\D_7.22_CODE_AND_DOCS\evidence_expansion_v2_working\tools\python_v61\numpy\polynomial\tests\test_polynomial.py"	"24908"	"7DF582F73C8DA049E154A55972EC84DE99CEBB0EB53BDE57134D8729FBC5D597"
"04_CODE\D_7.22_CODE_AND_DOCS\evidence_expansion_v2_working\tools\python_v61\numpy\polynomial\tests\test_polyutils.py"	"3882"	"7E6676C6AA3AF9E6ACD7033E41E9421230769457B338F3EE015843B2EF9DA4A7"
"04_CODE\D_7.22_CODE_AND_DOCS\evidence_expansion_v2_working\tools\python_v61\numpy\polynomial\tests\test_printing.py"	"22183"	"5B394DAB7DC04C0354CB7875E206B2A884AA17161E232BD0CEFE13CDA25D8640"
"04_CODE\D_7.22_CODE_AND_DOCS\evidence_expansion_v2_working\tools\python_v61\numpy\polynomial\tests\test_symbol.py"	"5592"	"24D174CADE719941118DF94B3B2746D69328EB03112ED68F0DC61492F5DC0FEA"
"04_CODE\D_7.22_CODE_AND_DOCS\evidence_expansion_v2_working\tools\python_v61\numpy\random\__init__.py"	"7693"	"F21E391916D7A4BD74C49CEAC3F9FA5E09E6E9263F254602A87E92A5E0A7A946"
"04_CODE\D_7.22_CODE_AND_DOCS\evidence_expansion_v2_working\tools\python_v61\numpy\random\_examples\cffi\extending.py"	"926"	"36B894A6D429CD70EF6445DB25B4FF0440EAE6B03049E1AD695ABB95234623B0"
"04_CODE\D_7.22_CODE_AND_DOCS\evidence_expansion_v2_working\tools\python_v61\numpy\random\_examples\cffi\parse.py"	"1803"	"DA1CB9EF7EACFA82F9B98BE541FFDA729A3BB2B042F167DF7CB52131C9B6D7C7"
"04_CODE\D_7.22_CODE_AND_DOCS\evidence_expansion_v2_working\tools\python_v61\numpy\random\_examples\numba\extending.py"	"2045"	"9A8D28E1533E2B5BD4431365FD4AABDF901C8FD51EC27920952EFE7455FCCAEC"
"04_CODE\D_7.22_CODE_AND_DOCS\evidence_expansion_v2_working\tools\python_v61\numpy\random\_examples\numba\extending_distributions.py"	"2103"	"BD076184EA6E1A5A46F2193E98A5AFECB8B7FABC2F7A5BFED5CEBBA1DBABB7DA"
"04_CODE\D_7.22_CODE_AND_DOCS\evidence_expansion_v2_working\tools\python_v61\numpy\random\_pickle.py"	"2830"	"F1F994720CC786AFC5FDEC9EB0D51D163574EC1AF5CB32C12EC7DEF865B242B1"
"04_CODE\D_7.22_CODE_AND_DOCS\evidence_expansion_v2_working\tools\python_v61\numpy\random\LICENSE.md"	"3582"	"B4BC2F4FA1C95778F1ED3DD8F14706BECE399475B978F9F34B5D3CD72521B48A"
"04_CODE\D_7.22_CODE_AND_DOCS\evidence_expansion_v2_working\tools\python_v61\numpy\random\tests\__init__.py"	"0"	"E3B0C44298FC1C149AFBF4C8996FB92427AE41E4649B934CA495991B7852B855"
"04_CODE\D_7.22_CODE_AND_DOCS\evidence_expansion_v2_working\tools\python_v61\numpy\random\tests\data\__init__.py"	"0"	"E3B0C44298FC1C149AFBF4C8996FB92427AE41E4649B934CA495991B7852B855"
"04_CODE\D_7.22_CODE_AND_DOCS\evidence_expansion_v2_working\tools\python_v61\numpy\random\tests\test_direct.py"	"21472"	"901E266F2C4E3B7E6310A9B9D10B77687039CB77B311D32E5F93EE33944F8BFF"
"04_CODE\D_7.22_CODE_AND_DOCS\evidence_expansion_v2_working\tools\python_v61\numpy\random\tests\test_extending.py"	"4718"	"BFB35633465DF0406FBED0AABDCEAEA15A2DBD0BC08E30A04BD13B88DCEC303C"
"04_CODE\D_7.22_CODE_AND_DOCS\evidence_expansion_v2_working\tools\python_v61\numpy\random\tests\test_generator_mt19937.py"	"121865"	"BBE1C12FBCA39B679C482EAD046B167D51A56C664965636299ADBE897D8CEF53"
"04_CODE\D_7.22_CODE_AND_DOCS\evidence_expansion_v2_working\tools\python_v61\numpy\random\tests\test_generator_mt19937_regressions.py"	"9568"	"12D22FECBB47FE643EF6A7EF8D5480D68FDA197BB4B6A3CD9D6BEF5A39C3F9E7"
"04_CODE\D_7.22_CODE_AND_DOCS\evidence_expansion_v2_working\tools\python_v61\numpy\random\tests\test_random.py"	"72954"	"541C4C5BE2AE76235EC8798FF04374496502D9C523AEF6A9330BEE34A1F5F071"
"04_CODE\D_7.22_CODE_AND_DOCS\evidence_expansion_v2_working\tools\python_v61\numpy\random\tests\test_randomstate.py"	"89800"	"5DABF0DF2B18B033977BAFC970BDFD481500970011067143A2F9A6F68F68A4C0"
"04_CODE\D_7.22_CODE_AND_DOCS\evidence_expansion_v2_working\tools\python_v61\numpy\random\tests\test_randomstate_regression.py"	"9568"	"E595DACCB4E630AB7F0800D564A07B76641CB0479B9D458A557D025C7E5802AD"
"04_CODE\D_7.22_CODE_AND_DOCS\evidence_expansion_v2_working\tools\python_v61\numpy\random\tests\test_regression.py"	"6418"	"26A077B0113A32E4E92C8216C4B9A17E01797FBB5D749578427130EBA67EBF3E"
"04_CODE\D_7.22_CODE_AND_DOCS\evidence_expansion_v2_working\tools\python_v61\numpy\random\tests\test_seed_sequence.py"	"4075"	"E1557C7E0A1399F0AB05D164A61CA7A5A579BBD89D534160D230729486EA809A"
"04_CODE\D_7.22_CODE_AND_DOCS\evidence_expansion_v2_working\tools\python_v61\numpy\random\tests\test_smoke.py"	"30821"	"6FA0CBFAD684C3B83AF53D0CE660FB37FEC1D471A0414BF45704DED1B5F27169"
"04_CODE\D_7.22_CODE_AND_DOCS\evidence_expansion_v2_working\tools\python_v61\numpy\rec\__init__.py"	"85"	"72069962AEB0E2A368F3535918EF84E2F9128FD7923B84A034C3AA88B825A789"
"04_CODE\D_7.22_CODE_AND_DOCS\evidence_expansion_v2_working\tools\python_v61\numpy\strings\__init__.py"	"85"	"2732942185631B8C11CEC29501583D5D6AEADAF8E3762EBBF4265CFD3C5F9F8C"
"04_CODE\D_7.22_CODE_AND_DOCS\evidence_expansion_v2_working\tools\python_v61\numpy\testing\__init__.py"	"603"	"D10933D084DF3CA1C37BD90E6CA4C4C777DD0C601BF6D7CC8A4A5D3EE89AA720"
"04_CODE\D_7.22_CODE_AND_DOCS\evidence_expansion_v2_working\tools\python_v61\numpy\testing\_private\__init__.py"	"0"	"E3B0C44298FC1C149AFBF4C8996FB92427AE41E4649B934CA495991B7852B855"
"04_CODE\D_7.22_CODE_AND_DOCS\evidence_expansion_v2_working\tools\python_v61\numpy\testing\_private\extbuild.py"	"7757"	"8C229A59C019742ABA52D97916A0C51D0182891296038A75BF144AFC4093802D"
"04_CODE\D_7.22_CODE_AND_DOCS\evidence_expansion_v2_working\tools\python_v61\numpy\testing\_private\utils.py"	"104289"	"B74466B5E87C9525033393E32C2C186C35DBD6F44DC6EDE6E7839737E0F2F217"
"04_CODE\D_7.22_CODE_AND_DOCS\evidence_expansion_v2_working\tools\python_v61\numpy\testing\overrides.py"	"2218"	"AE57664505DCE5CF6312CE218210D7BC7038B090FB1EE31CA5F18C9B348C2FD2"
"04_CODE\D_7.22_CODE_AND_DOCS\evidence_expansion_v2_working\tools\python_v61\numpy\testing\print_coercion_tables.py"	"6493"	"953F08748D7F95A9EDC05546D02D096A03B4994C679D7080E709CF23CD5CCD84"
"04_CODE\D_7.22_CODE_AND_DOCS\evidence_expansion_v2_working\tools\python_v61\numpy\testing\tests\__init__.py"	"0"	"E3B0C44298FC1C149AFBF4C8996FB92427AE41E4649B934CA495991B7852B855"
"04_CODE\D_7.22_CODE_AND_DOCS\evidence_expansion_v2_working\tools\python_v61\numpy\testing\tests\test_utils.py"	"83788"	"A08B9C8F6F8E6314CD43FF4F25425E265D1C3515AE2431838019A7A9B4F6B264"
"04_CODE\D_7.22_CODE_AND_DOCS\evidence_expansion_v2_working\tools\python_v61\numpy\tests\__init__.py"	"0"	"E3B0C44298FC1C149AFBF4C8996FB92427AE41E4649B934CA495991B7852B855"
"04_CODE\D_7.22_CODE_AND_DOCS\evidence_expansion_v2_working\tools\python_v61\numpy\tests\test__all__.py"	"232"	"C59929DD16CC369C786C54EF20B295F0A4C4321E65BC877BC5CAE1412E0B4DED"
"04_CODE\D_7.22_CODE_AND_DOCS\evidence_expansion_v2_working\tools\python_v61\numpy\tests\test_configtool.py"	"1863"	"CE27858E7156A8EB322DBB4925820874C31D4E19039BE825BCD1AF377FF2EE8C"
"04_CODE\D_7.22_CODE_AND_DOCS\evidence_expansion_v2_working\tools\python_v61\numpy\tests\test_ctypeslib.py"	"13950"	"F2AF0656A997827F859051A6CB387B31D40EFA9FD3B5D15089D46F43C424FE62"
"04_CODE\D_7.22_CODE_AND_DOCS\evidence_expansion_v2_working\tools\python_v61\numpy\tests\test_lazyloading.py"	"1164"	"FDC811F63BB5C3AAC8CB95A5B687F56580D6090D6B2CDB51A3CC5A8F9EE53DEC"
"04_CODE\D_7.22_CODE_AND_DOCS\evidence_expansion_v2_working\tools\python_v61\numpy\tests\test_matlib.py"	"1913"	"2A604CA3733B200441F0AE4D2D893AD7546DB1F5B5D3F2E00901018DD2C433D8"
"04_CODE\D_7.22_CODE_AND_DOCS\evidence_expansion_v2_working\tools\python_v61\numpy\tests\test_numpy_config.py"	"1364"	"F2D4CB7508B7E31575413670E5375A0D0F72DB94D59DC1A3BDC99C5E74363C42"
"04_CODE\D_7.22_CODE_AND_DOCS\evidence_expansion_v2_working\tools\python_v61\numpy\tests\test_numpy_version.py"	"1798"	"1210C01446A63429910222445121AD3DADB5222A4E0D6ADFE8C37605E9B46B3F"
"04_CODE\D_7.22_CODE_AND_DOCS\evidence_expansion_v2_working\tools\python_v61\numpy\tests\test_public_api.py"	"25761"	"6AFFF688266B95F8AFEFE2AD890EF98B67379F0B1A823082A0A63982250838D8"
"04_CODE\D_7.22_CODE_AND_DOCS\evidence_expansion_v2_working\tools\python_v61\numpy\tests\test_reloading.py"	"2622"	"99D670F2A40F9F3954C649076A84E3A1FE7A3A1BF6B50BA454DB5CB3B9069DAB"
"04_CODE\D_7.22_CODE_AND_DOCS\evidence_expansion_v2_working\tools\python_v61\numpy\tests\test_scripts.py"	"1519"	"1B1010C4C93D026C19BE714D26237AEE885172F3E23BE621732B0BF12AAAA4DE"
"04_CODE\D_7.22_CODE_AND_DOCS\evidence_expansion_v2_working\tools\python_v61\numpy\tests\test_warnings.py"	"2627"	"BDFB1E106400183DB9489CA40126E82212FE5E6AD5145E9ABCC457D582FCD76F"
"04_CODE\D_7.22_CODE_AND_DOCS\evidence_expansion_v2_working\tools\python_v61\numpy\typing\__init__.py"	"7041"	"B38A648B9199EBB337BEB89C085E3A136270D7CB60C7060357119CDBD9CA882C"
"04_CODE\D_7.22_CODE_AND_DOCS\evidence_expansion_v2_working\tools\python_v61\numpy\typing\mypy_plugin.py"	"7035"	"2DCDF4DA4BF3F2BEEB1D2621C1B3C720CB4A763791CF9AB0067773549C3447AA"
"04_CODE\D_7.22_CODE_AND_DOCS\evidence_expansion_v2_working\tools\python_v61\numpy\typing\tests\__init__.py"	"0"	"E3B0C44298FC1C149AFBF4C8996FB92427AE41E4649B934CA495991B7852B855"
"04_CODE\D_7.22_CODE_AND_DOCS\evidence_expansion_v2_working\tools\python_v61\numpy\typing\tests\data\pass\arithmetic.py"	"8548"	"766B0C08F564E7A1A512FE7EC25DCE08E596190E7E35E3BA34E6DB2EA51B3197"
"04_CODE\D_7.22_CODE_AND_DOCS\evidence_expansion_v2_working\tools\python_v61\numpy\typing\tests\data\pass\array_constructors.py"	"2584"	"C3B6EE5445111CE599AE8EB62F6F44CADD086B805AF90A5591C136183A6823C7"
"04_CODE\D_7.22_CODE_AND_DOCS\evidence_expansion_v2_working\tools\python_v61\numpy\typing\tests\data\pass\array_like.py"	"976"	"6ECCCF261816B3CAD8B37F5D5AD4C73E3EE31BB75D339CE87CAACF37F0C0A952"
"04_CODE\D_7.22_CODE_AND_DOCS\evidence_expansion_v2_working\tools\python_v61\numpy\typing\tests\data\pass\arrayprint.py"	"803"	"353C35809F6FDD30D5C11A2FE33B20FF6EEB23E9DD2AE1B898389D05610A5727"
"04_CODE\D_7.22_CODE_AND_DOCS\evidence_expansion_v2_working\tools\python_v61\numpy\typing\tests\data\pass\arrayterator.py"	"422"	"A8FC8323FDFC335E796EB2D6DB90B25677FAFB665F9F43049E3F0DA9A7691200"
"04_CODE\D_7.22_CODE_AND_DOCS\evidence_expansion_v2_working\tools\python_v61\numpy\typing\tests\data\pass\bitwise_ops.py"	"1090"	"8B934780A9A0DAADBBCFA9A50A32A33B785AC9D1913D99942F726CFB98C0B76D"
"04_CODE\D_7.22_CODE_AND_DOCS\evidence_expansion_v2_working\tools\python_v61\numpy\typing\tests\data\pass\comparisons.py"	"3721"	"013EDC4F722CEFD8315561792BCBC1C708785C18D7B72E46D547F144703134EE"
"04_CODE\D_7.22_CODE_AND_DOCS\evidence_expansion_v2_working\tools\python_v61\numpy\typing\tests\data\pass\dtype.py"	"1127"	"611B13C0A110E6226D74A084408C9B53F9CBF33F16ABD854F8166610EEC78D01"
"04_CODE\D_7.22_CODE_AND_DOCS\evidence_expansion_v2_working\tools\python_v61\numpy\typing\tests\data\pass\einsumfunc.py"	"1406"	"09774BBD0B14DA20EA41CEDDD93451092C20B90CC9D12243167DB748378E3AE6"
"04_CODE\D_7.22_CODE_AND_DOCS\evidence_expansion_v2_working\tools\python_v61\numpy\typing\tests\data\pass\flatiter.py"	"288"	"2561B9810F51A920EB83D5762A54A01AD00D9C1EC90D114933D7B5E3027463F8"
"04_CODE\D_7.22_CODE_AND_DOCS\evidence_expansion_v2_working\tools\python_v61\numpy\typing\tests\data\pass\fromnumeric.py"	"4263"	"6CFD211106184093A7EFE71ED2B01FF1CBEEC595F725AE86492942B4D8440543"
"04_CODE\D_7.22_CODE_AND_DOCS\evidence_expansion_v2_working\tools\python_v61\numpy\typing\tests\data\pass\index_tricks.py"	"1466"	"CA652B4DB1DCA5846000F5718707571747FFD5A1410C1644A7F51EDC1C5D7591"
"04_CODE\D_7.22_CODE_AND_DOCS\evidence_expansion_v2_working\tools\python_v61\numpy\typing\tests\data\pass\lib_user_array.py"	"640"	"AAF0A6AB7DAE6658062FBEAEF2CCA0BE0B81893A612EBB7C5FE9956989DEC740"
"04_CODE\D_7.22_CODE_AND_DOCS\evidence_expansion_v2_working\tools\python_v61\numpy\typing\tests\data\pass\lib_utils.py"	"336"	"5C4734BFB6F0112F82E43E069122504924D2025E6783BB6AEAD0968F78F16C23"
"04_CODE\D_7.22_CODE_AND_DOCS\evidence_expansion_v2_working\tools\python_v61\numpy\typing\tests\data\pass\lib_version.py"	"317"	"4E52D92BCB1E902326FFF596A36D8565F65CE34CE973310D7FACBF4CD8C1A42C"
"04_CODE\D_7.22_CODE_AND_DOCS\evidence_expansion_v2_working\tools\python_v61\numpy\typing\tests\data\pass\literal.py"	"1525"	"F264DBAEAD8B324AA0E783536B8D2DEB8314A53F87E99BA8F285D4ADC1B820A9"
"04_CODE\D_7.22_CODE_AND_DOCS\evidence_expansion_v2_working\tools\python_v61\numpy\typing\tests\data\pass\ma.py"	"4093"	"B63F92A1CBDD20FE3DFAE9B728E05224B8F0BFFC41A1B5B66DBC8A5089A8DE11"
"04_CODE\D_7.22_CODE_AND_DOCS\evidence_expansion_v2_working\tools\python_v61\numpy\typing\tests\data\pass\mod.py"	"1720"	"2196E946F1F5F54E216CB25F9B408ACB28A127D6EFFA0E7AD5C62BEF86C395AA"
"04_CODE\D_7.22_CODE_AND_DOCS\evidence_expansion_v2_working\tools\python_v61\numpy\typing\tests\data\pass\modules.py"	"670"	"6EECCBBAB6ADE13206989B96DE61AC1A4EDD28D9A90437D03965905C57DBF547"
"04_CODE\D_7.22_CODE_AND_DOCS\evidence_expansion_v2_working\tools\python_v61\numpy\typing\tests\data\pass\multiarray.py"	"1456"	"38653F007E7BD6FDB6F8BFC81C635175DE1771BAA5657B592F164B61976206AB"
"04_CODE\D_7.22_CODE_AND_DOCS\evidence_expansion_v2_working\tools\python_v61\numpy\typing\tests\data\pass\ndarray_conversion.py"	"1530"	"E52CBF48644BFCD91BF63D3286C8F40ED37D6DAE1A05CFCA44BB1464AD52C8D0"
"04_CODE\D_7.22_CODE_AND_DOCS\evidence_expansion_v2_working\tools\python_v61\numpy\typing\tests\data\pass\ndarray_misc.py"	"3607"	"AD8070F3CE521BBAAFFB8DAA08669CA3793AEEDE4D0B4F4C4FB5EB9302632BF6"
"04_CODE\D_7.22_CODE_AND_DOCS\evidence_expansion_v2_working\tools\python_v61\numpy\typing\tests\data\pass\ndarray_shape_manipulation.py"	"855"	"A8D187F1704548F95E04C830D6D0FF8481B0066A4BB41E995445D3FFF62334E9"
"04_CODE\D_7.22_CODE_AND_DOCS\evidence_expansion_v2_working\tools\python_v61\numpy\typing\tests\data\pass\nditer.py"	"67"	"D70A518AD08D64A082DD6255AC54A1DB66750FC8CFD95C5000CB731FC35CA55F"
"04_CODE\D_7.22_CODE_AND_DOCS\evidence_expansion_v2_working\tools\python_v61\numpy\typing\tests\data\pass\numeric.py"	"1582"	"656377316F0B93FA9EAB1DD50BD70C39E9052B6D68D36C67929509AD35987942"
"04_CODE\D_7.22_CODE_AND_DOCS\evidence_expansion_v2_working\tools\python_v61\numpy\typing\tests\data\pass\numerictypes.py"	"348"	"25A0A3938CD03CE23AED7CEA1B28B7748F8650C14CD80BC3BA78B0CD243BFD19"
"04_CODE\D_7.22_CODE_AND_DOCS\evidence_expansion_v2_working\tools\python_v61\numpy\typing\tests\data\pass\random.py"	"63323"	"CCC84FB126D85234A8BBA3E0802AA9DD0FA1603619CAD4FB21E17EC01001E51D"
"04_CODE\D_7.22_CODE_AND_DOCS\evidence_expansion_v2_working\tools\python_v61\numpy\typing\tests\data\pass\recfunctions.py"	"5138"	"F27AB0FA3F296E350DA3A7FDD9F1630309B9EF3CC32CFD8FAD8E837A1996BFC9"
"04_CODE\D_7.22_CODE_AND_DOCS\evidence_expansion_v2_working\tools\python_v61\numpy\typing\tests\data\pass\scalars.py"	"4409"	"7894B7ECC3EC7C229E909871596634E4226F54FA27AF1F1B536A8A9B24945414"
"04_CODE\D_7.22_CODE_AND_DOCS\evidence_expansion_v2_working\tools\python_v61\numpy\typing\tests\data\pass\shape.py"	"458"	"A12911D1A90568806B5C5717E03D78662476630D6B1EC652A0B2852FF4236AFF"
"04_CODE\D_7.22_CODE_AND_DOCS\evidence_expansion_v2_working\tools\python_v61\numpy\typing\tests\data\pass\simple.py"	"2925"	"17A422ECE2EB6D4ADC6498811863C48EECAF93533B8E939A2327B04C22555B91"
"04_CODE\D_7.22_CODE_AND_DOCS\evidence_expansion_v2_working\tools\python_v61\numpy\typing\tests\data\pass\ufunc_config.py"	"1269"	"8263133EBABC80B5C9652050A0EA49720CC8CD680CC7E93F7AD28F5782924C99"
"04_CODE\D_7.22_CODE_AND_DOCS\evidence_expansion_v2_working\tools\python_v61\numpy\typing\tests\data\pass\ufunclike.py"	"1403"	"F6DFBA4746FB1E61398DCCC9A7475C34E3FB233F73694134F75F008057DE25F6"
"04_CODE\D_7.22_CODE_AND_DOCS\evidence_expansion_v2_working\tools\python_v61\numpy\typing\tests\data\pass\ufuncs.py"	"438"	"82F75C08DA0651F3740A74269FA9358FA82176DF331A425D71172072D994E3C0"
"04_CODE\D_7.22_CODE_AND_DOCS\evidence_expansion_v2_working\tools\python_v61\numpy\typing\tests\data\pass\warnings_and_errors.py"	"167"	"AB77354A633087260B610B0B8CAD36017A61937FBDE9896D4937537EB1252734"
"04_CODE\D_7.22_CODE_AND_DOCS\evidence_expansion_v2_working\tools\python_v61\numpy\typing\tests\test_isfile.py"	"989"	"C7EED50422C80F83C05937802313E2B9360B87E0FF1DB643E121123562302FB2"
"04_CODE\D_7.22_CODE_AND_DOCS\evidence_expansion_v2_working\tools\python_v61\numpy\typing\tests\test_runtime.py"	"3217"	"B0F1A2BF75EB9A5BDC6F6207DFD09485B7B8C3D2E6652604812A11C3F8400AF4"
"04_CODE\D_7.22_CODE_AND_DOCS\evidence_expansion_v2_working\tools\python_v61\numpy\typing\tests\test_typing.py"	"6627"	"C3BFC5BCBF0262FFE1728EEA3AFDB60AA767CD1FFFD4E8EE1D4104DF3501F6D9"
"04_CODE\D_7.22_CODE_AND_DOCS\evidence_expansion_v2_working\tools\python_v61\numpy\version.py"	"304"	"3318DCCDCC15CE17BAFD08756A01A5BF55E24C0F33B15EB690959011F913A70E"
"04_CODE\D_7.22_CODE_AND_DOCS\evidence_expansion_v2_working\tools\python_v61\numpy-2.5.1.dist-info\licenses\numpy\_core\src\npysort\x86-simd-sort\LICENSE.md"	"1542"	"A732977853530066790C42817087F4829B518DD98D340C916ACBFD227E39D3CB"
"04_CODE\D_7.22_CODE_AND_DOCS\evidence_expansion_v2_working\tools\python_v61\numpy-2.5.1.dist-info\licenses\numpy\fft\pocketfft\LICENSE.md"	"1523"	"8DB000E158C162E7249787852D8C69764706502CCEE725C06641B31C1E95C8AF"
"04_CODE\D_7.22_CODE_AND_DOCS\evidence_expansion_v2_working\tools\python_v61\numpy-2.5.1.dist-info\licenses\numpy\random\LICENSE.md"	"3582"	"B4BC2F4FA1C95778F1ED3DD8F14706BECE399475B978F9F34B5D3CD72521B48A"
"04_CODE\D_7.22_CODE_AND_DOCS\evidence_expansion_v2_working\tools\python_v61\numpy-2.5.1.dist-info\licenses\numpy\random\src\distributions\LICENSE.md"	"2805"	"CF5619F25B112D5CE7C896EFFFC8E610BCB345DFADCC19F2C1460AA48FFF2C9E"
"04_CODE\D_7.22_CODE_AND_DOCS\evidence_expansion_v2_working\tools\python_v61\numpy-2.5.1.dist-info\licenses\numpy\random\src\mt19937\LICENSE.md"	"2986"	"92C10699884321F1C2947FE2A70AB23B0FBF1507F756D89DD08F38C61FC3D4FA"
"04_CODE\D_7.22_CODE_AND_DOCS\evidence_expansion_v2_working\tools\python_v61\numpy-2.5.1.dist-info\licenses\numpy\random\src\pcg64\LICENSE.md"	"1176"	"41190663B77BEE5302386495A07B7EABFBFA571AA0AE2F11DA6764162062FC4F"
"04_CODE\D_7.22_CODE_AND_DOCS\evidence_expansion_v2_working\tools\python_v61\numpy-2.5.1.dist-info\licenses\numpy\random\src\philox\LICENSE.md"	"1540"	"322AC46D870C8AEEAD6C53ADCCCC839296FB3C8E456EAE155081297DAF7F8013"
"04_CODE\D_7.22_CODE_AND_DOCS\evidence_expansion_v2_working\tools\python_v61\numpy-2.5.1.dist-info\licenses\numpy\random\src\sfc64\LICENSE.md"	"1253"	"28CAD82CE1379DC529DF30DA78EC012D7D0D1D576B03DDCB93388AEE53659F59"
"04_CODE\D_7.22_CODE_AND_DOCS\evidence_expansion_v2_working\tools\python_v61\numpy-2.5.1.dist-info\licenses\numpy\random\src\splitmix64\LICENSE.md"	"340"	"454EC7350E478E037061850B67395753B425B1CB0A34BBC26290B020BF89D763"
"04_CODE\D_7.22_CODE_AND_DOCS\evidence_expansion_v2_working\tools\python_v61\PIL\__init__.py"	"2122"	"3FFFFF8502F4B59CA61D39CCE713D55FFEF046954262FCE1ABAC3E97F3803734"
"04_CODE\D_7.22_CODE_AND_DOCS\evidence_expansion_v2_working\tools\python_v61\PIL\__main__.py"	"140"	"5FC788A469661DF9E9EF36B3A7999D6AFDB6F08B5C7F696488C3F4B4B53A5FD7"
"04_CODE\D_7.22_CODE_AND_DOCS\evidence_expansion_v2_working\tools\python_v61\PIL\_binary.py"	"2664"	"BA6DC47FA221E747297EE81AFCBDAEF2EA9BE664C7A4B51F5382563132E0B20B"
"04_CODE\D_7.22_CODE_AND_DOCS\evidence_expansion_v2_working\tools\python_v61\PIL\_deprecate.py"	"2106"	"522AC3970B3279FEAEEAC2FFAE51379A72AD45FD666AF9A7864B7FD4F03B43C0"
"04_CODE\D_7.22_CODE_AND_DOCS\evidence_expansion_v2_working\tools\python_v61\PIL\_tkinter_finder.py"	"558"	"1F5530DDD57B8161C88FFA2C527245C56875691B10D8C74AA4D3F7BD0C10716D"
"04_CODE\D_7.22_CODE_AND_DOCS\evidence_expansion_v2_working\tools\python_v61\PIL\_typing.py"	"964"	"B7E3154B97FFA5174BF8CD3BD9866A957141FC3F33D4A3A5F0470AB13FDDF6CE"
"04_CODE\D_7.22_CODE_AND_DOCS\evidence_expansion_v2_working\tools\python_v61\PIL\_util.py"	"713"	"78FF087E658999B13F3EA6D425BE2A4EA18D2E2E334F44D369DAEBAA6CA483B6"
"04_CODE\D_7.22_CODE_AND_DOCS\evidence_expansion_v2_working\tools\python_v61\PIL\_version.py"	"91"	"8367607A728DC206DA64E3DE6B24F826F3030D7F3C053F25C3B3A1FDE94FB9D7"
"04_CODE\D_7.22_CODE_AND_DOCS\evidence_expansion_v2_working\tools\python_v61\PIL\AvifImagePlugin.py"	"9596"	"80733B71D411630EA63C782333DE241A12BD83F0F1CAFCD8CCDE4516BED4B5A1"
"04_CODE\D_7.22_CODE_AND_DOCS\evidence_expansion_v2_working\tools\python_v61\PIL\BdfFontFile.py"	"3463"	"2C54F5932A79E45789CD0B1FBD64694F2F53009F5485E3FE7BD95E2DDF77CF35"
"04_CODE\D_7.22_CODE_AND_DOCS\evidence_expansion_v2_working\tools\python_v61\PIL\BlpImagePlugin.py"	"17048"	"522B1467BDC20F8EDFD8B19346573E4DF6F10DDA93915B72A3B8EFE6F6104C17"
"04_CODE\D_7.22_CODE_AND_DOCS\evidence_expansion_v2_working\tools\python_v61\PIL\BmpImagePlugin.py"	"20377"	"E23760527CF54EBB06B6E56D73BE70FF896666C04F55FDD1047BF99434F9DA63"
"04_CODE\D_7.22_CODE_AND_DOCS\evidence_expansion_v2_working\tools\python_v61\PIL\BufrStubImagePlugin.py"	"1757"	"3B2A82334B9422E153315099108F4FDA20377A83785D540F7C57CDB835BFC9E4"
"04_CODE\D_7.22_CODE_AND_DOCS\evidence_expansion_v2_working\tools\python_v61\PIL\ContainerIO.py"	"4777"	"23AC8EFD814412A30A035724804133176AFF224E69FC68CCF91AD63896234A56"
"04_CODE\D_7.22_CODE_AND_DOCS\evidence_expansion_v2_working\tools\python_v61\PIL\CurImagePlugin.py"	"2814"	"3AAB7FA3BA3B1D758A01E368073544BE1C4A14CBF75B751CF390A73A842E8612"
"04_CODE\D_7.22_CODE_AND_DOCS\evidence_expansion_v2_working\tools\python_v61\PIL\DcxImagePlugin.py"	"2264"	"2F6D5CDE0557E883E6938CEE7FF96DB779807917DCB8209C5E1902569B9E7765"
"04_CODE\D_7.22_CODE_AND_DOCS\evidence_expansion_v2_working\tools\python_v61\PIL\DdsImagePlugin.py"	"19733"	"EAE2016BB3476BE917FF549086C18B89D8E911D0F6D3F0900486A90FE2808CAC"
"04_CODE\D_7.22_CODE_AND_DOCS\evidence_expansion_v2_working\tools\python_v61\PIL\EpsImagePlugin.py"	"17253"	"3582AF51B5623FC766008FA1E3DF028A918AAF7073F4F6435FC5D1607F3DEB2C"
"04_CODE\D_7.22_CODE_AND_DOCS\evidence_expansion_v2_working\tools\python_v61\PIL\ExifTags.py"	"10339"	"362CAFB665044FBF41322A248A3313A7FABC75E596CE9C9DB5371305F272F0A1"
"04_CODE\D_7.22_CODE_AND_DOCS\evidence_expansion_v2_working\tools\python_v61\PIL\features.py"	"11118"	"CBF7A5342CE007A46030FF4031FDC274E3F78DDA0DE21A38BF1A122B383A7967"
"04_CODE\D_7.22_CODE_AND_DOCS\evidence_expansion_v2_working\tools\python_v61\PIL\FitsImagePlugin.py"	"4875"	"2FF9142B7F02394B95F65A13E64F4366A12DF74A3600245D64F63696FB1ED0BD"
"04_CODE\D_7.22_CODE_AND_DOCS\evidence_expansion_v2_working\tools\python_v61\PIL\FliImagePlugin.py"	"5113"	"2F5BDFE108EC68C57479141399FCB5C27A89F65F61195E65BD320B5BBCE7CC3F"
"04_CODE\D_7.22_CODE_AND_DOCS\evidence_expansion_v2_working\tools\python_v61\PIL\FontFile.py"	"4419"	"A424A370FDF10ADC8E780110F3E12F9366E0E479EC49C560400E715108FF0554"
"04_CODE\D_7.22_CODE_AND_DOCS\evidence_expansion_v2_working\tools\python_v61\PIL\FpxImagePlugin.py"	"7724"	"B3610E701E56459102379804ABD517A576A44E2DFC905322133D8CCD1029C7F5"
"04_CODE\D_7.22_CODE_AND_DOCS\evidence_expansion_v2_working\tools\python_v61\PIL\FtexImagePlugin.py"	"3685"	"FB32AFBE131373351EDE8D1FE07A430BDFC32BA94A1D3E4B0017F4AF9FB797EE"
"04_CODE\D_7.22_CODE_AND_DOCS\evidence_expansion_v2_working\tools\python_v61\PIL\GbrImagePlugin.py"	"3156"	"21BFF2DF967334E98CA86D92B8ECA3C518773B1B78D90A5C11C80B6BA0619AD0"
"04_CODE\D_7.22_CODE_AND_DOCS\evidence_expansion_v2_working\tools\python_v61\PIL\GdImageFile.py"	"2951"	"ACE96A8EA2945FC25827A18B1B3A8792CF85A4033BDB43B2A1D1C636222E9283"
"04_CODE\D_7.22_CODE_AND_DOCS\evidence_expansion_v2_working\tools\python_v61\PIL\GifImagePlugin.py"	"43596"	"0CF9DD837BA23B412C95765AEA4422BBF6E7C2210C6EEFDE91EAB43D4308B0D5"
"04_CODE\D_7.22_CODE_AND_DOCS\evidence_expansion_v2_working\tools\python_v61\PIL\GimpGradientFile.py"	"4137"	"CEC216D4C915EA4A39964E072555DE8121D4DF250FC16D695329D1B39CF48990"
"04_CODE\D_7.22_CODE_AND_DOCS\evidence_expansion_v2_working\tools\python_v61\PIL\GimpPaletteFile.py"	"1935"	"126047710F44C42E1FE3BB5A0FB4BB1BA55A324AFD1E3CA7955F0D7535D5E624"
"04_CODE\D_7.22_CODE_AND_DOCS\evidence_expansion_v2_working\tools\python_v61\PIL\GribStubImagePlugin.py"	"1786"	"73C88F12A40E48171616A756122B9CB9B8DA5F061F6520761A365761568F0313"
"04_CODE\D_7.22_CODE_AND_DOCS\evidence_expansion_v2_working\tools\python_v61\PIL\Hdf5StubImagePlugin.py"	"1768"	"AC831D7FBB83B248C9AB07BA0AF18BC3FB6325F875828E6F2929E67ED05D08A8"
"04_CODE\D_7.22_CODE_AND_DOCS\evidence_expansion_v2_working\tools\python_v61\PIL\IcnsImagePlugin.py"	"12798"	"4E8092CB968527BFFA9E266CCC53917C232BF3F5393BABE0775447315AFF27FA"
"04_CODE\D_7.22_CODE_AND_DOCS\evidence_expansion_v2_working\tools\python_v61\PIL\IcoImagePlugin.py"	"13499"	"0D9A018F6CCABFBE9293DE8F2AAF1E97D69900CD89DF050B56A3DEA27A3FD33D"
"04_CODE\D_7.22_CODE_AND_DOCS\evidence_expansion_v2_working\tools\python_v61\PIL\Image.py"	"158171"	"59F1B98ED7BFD7B516B9F13FFD9DD3BC0AA1A495042ACCDB5AE4609B41C329D5"
"04_CODE\D_7.22_CODE_AND_DOCS\evidence_expansion_v2_working\tools\python_v61\PIL\ImageChops.py"	"8257"	"859F043D43E5408CEE82C11E755F2DAE4297D230420C66FA0ACCE66BA65E3194"
"04_CODE\D_7.22_CODE_AND_DOCS\evidence_expansion_v2_working\tools\python_v61\PIL\ImageCms.py"	"41773"	"0EFFEEECADC71257D6EABCBD4CF43277FF35C6AEDA0E7BA4C60AB67676BF49DE"
"04_CODE\D_7.22_CODE_AND_DOCS\evidence_expansion_v2_working\tools\python_v61\PIL\ImageColor.py"	"9761"	"295FAEEC79D95ABACBDF3B8100E2EA7AB23EEEF15C5D3C5D2DEA1A6158EC9F02"
"04_CODE\D_7.22_CODE_AND_DOCS\evidence_expansion_v2_working\tools\python_v61\PIL\ImageDraw.py"	"36421"	"98AA4388D2629866AAD9DD734BEC67AD3F9981AB1ED4390281B4C17BE9027CF6"
"04_CODE\D_7.22_CODE_AND_DOCS\evidence_expansion_v2_working\tools\python_v61\PIL\ImageDraw2.py"	"7470"	"1B4388CFBB0E5BF4E7AF5B431EE8D3C8F54476AA216FB33838E3ADE19424550C"
"04_CODE\D_7.22_CODE_AND_DOCS\evidence_expansion_v2_working\tools\python_v61\PIL\ImageEnhance.py"	"3740"	"BA00D4D2C963691FF369389BB6E9A54EF7FEA851F5C755BA97640CA5CDFCE975"
"04_CODE\D_7.22_CODE_AND_DOCS\evidence_expansion_v2_working\tools\python_v61\PIL\ImageFile.py"	"30828"	"E972C9D8785AD1FD44F860A375D8719F3FDFF8E46DA1CC311950699F93E4F539"
"04_CODE\D_7.22_CODE_AND_DOCS\evidence_expansion_v2_working\tools\python_v61\PIL\ImageFilter.py"	"19714"	"1702A1B8F1C497A99F816A3AA94509B2BA2CE357EC480308C015E406C6BCC15E"
"04_CODE\D_7.22_CODE_AND_DOCS\evidence_expansion_v2_working\tools\python_v61\PIL\ImageFont.py"	"65080"	"E9601111F8817E8387FD792B3643E709A5A11FEBEA43CB49DE1732E776BA5F60"
"04_CODE\D_7.22_CODE_AND_DOCS\evidence_expansion_v2_working\tools\python_v61\PIL\ImageGrab.py"	"8475"	"B0DF963537D02A3F90A20B6385EDD5338EFC7B6B28EE2248F30DE562D1358530"
"04_CODE\D_7.22_CODE_AND_DOCS\evidence_expansion_v2_working\tools\python_v61\PIL\ImageMath.py"	"10659"	"D39D8FD05608B184178F75263FF0B04A0509DE58E8E6945F14DFE4EAC85E4496"
"04_CODE\D_7.22_CODE_AND_DOCS\evidence_expansion_v2_working\tools\python_v61\PIL\ImageMode.py"	"2480"	"50B900FA3B02806C31563AF62CF48FE367439A3EA759A424F4BE142A3ECA7D28"
"04_CODE\D_7.22_CODE_AND_DOCS\evidence_expansion_v2_working\tools\python_v61\PIL\ImageMorph.py"	"10673"	"56BD50401E6F198A4655F7D11894287781FBFC095098EDE5F81961A5A61E0F22"
"04_CODE\D_7.22_CODE_AND_DOCS\evidence_expansion_v2_working\tools\python_v61\PIL\ImageOps.py"	"26446"	"AD146C4C218335150D4099E851F1F78C582F5DF6C46648893F0AB56DEA38A3E4"
"04_CODE\D_7.22_CODE_AND_DOCS\evidence_expansion_v2_working\tools\python_v61\PIL\ImagePalette.py"	"9498"	"F4A973FBB23A253494A7695F64933A5740F270540A926E91C5FC970D3E14FE7C"
"04_CODE\D_7.22_CODE_AND_DOCS\evidence_expansion_v2_working\tools\python_v61\PIL\ImagePath.py"	"391"	"6679C9BAF40DB5B2918429ABEB54C4984875BD5579FFDD163043CBF0EA72E65F"
"04_CODE\D_7.22_CODE_AND_DOCS\evidence_expansion_v2_working\tools\python_v61\PIL\ImageQt.py"	"6903"	"4A9C4778F81687981D8D5206342E061B9BFD577B26426FE73E224372B8671D77"
"04_CODE\D_7.22_CODE_AND_DOCS\evidence_expansion_v2_working\tools\python_v61\PIL\ImageSequence.py"	"2341"	"82E64751DA56AF39F3664718D0E6290F3B85D2E15794212EDBAD283FEEDEFDF2"
"04_CODE\D_7.22_CODE_AND_DOCS\evidence_expansion_v2_working\tools\python_v61\PIL\ImageShow.py"	"10684"	"D660D3B5502FB540E2D414A9EEEFA85541C368DEECD916C99196F07D0EB62082"
"04_CODE\D_7.22_CODE_AND_DOCS\evidence_expansion_v2_working\tools\python_v61\PIL\ImageStat.py"	"5662"	"5B4B946BC60D0BABE1A3095EAD2CD923013B46EF8AA76AD6BAA18D2C114B672A"
"04_CODE\D_7.22_CODE_AND_DOCS\evidence_expansion_v2_working\tools\python_v61\PIL\ImageText.py"	"19087"	"082C1145853CADD845F42775D7AC896B6CC63D9B2E80572CF579ACB6FCC01D54"
"04_CODE\D_7.22_CODE_AND_DOCS\evidence_expansion_v2_working\tools\python_v61\PIL\ImageTk.py"	"8398"	"4F1D337FD913681B801AF66EA342401EB35B9379FA7B0AF86677569D6C592B44"
"04_CODE\D_7.22_CODE_AND_DOCS\evidence_expansion_v2_working\tools\python_v61\PIL\ImageTransform.py"	"4052"	"66EEA8C925C436DABBD76FA792A14BA9A7D83EF891020B209337CB586D0ADD5F"
"04_CODE\D_7.22_CODE_AND_DOCS\evidence_expansion_v2_working\tools\python_v61\PIL\ImageWin.py"	"8345"	"7D018C99917DC076F4F6D33C7697CCB8DE5AC75BFE1C3D38389A645CE6B1DDC7"
"04_CODE\D_7.22_CODE_AND_DOCS\evidence_expansion_v2_working\tools\python_v61\PIL\ImImagePlugin.py"	"11992"	"5FD881490E31EEB6AEC5B3889FBDA3EEFE9301481995DA580F970073A67530D0"
"04_CODE\D_7.22_CODE_AND_DOCS\evidence_expansion_v2_working\tools\python_v61\PIL\ImtImagePlugin.py"	"2768"	"AFE643CF75E38BA10117C7949CAEA2B8211912D965A74C4B452210D3F875E141"
"04_CODE\D_7.22_CODE_AND_DOCS\evidence_expansion_v2_working\tools\python_v61\PIL\IptcImagePlugin.py"	"6663"	"E05B6E7B88DD6BBA546342E1DBBD8E0DF84E0488893992B4410D9ED0F610C228"
"04_CODE\D_7.22_CODE_AND_DOCS\evidence_expansion_v2_working\tools\python_v61\PIL\Jpeg2KImagePlugin.py"	"15088"	"00E20588471F2455CAA9018885D958480C3D23E6D8F087EB421450FC0F6B3C18"
"04_CODE\D_7.22_CODE_AND_DOCS\evidence_expansion_v2_working\tools\python_v61\PIL\JpegImagePlugin.py"	"32223"	"049FC12CF436B101A5622456A1B83BA8B28B54CF8106D3953AED751BB0C08F3F"
"04_CODE\D_7.22_CODE_AND_DOCS\evidence_expansion_v2_working\tools\python_v61\PIL\JpegPresets.py"	"12621"	"51422C2B3BF2CDD3F3B2774E0DDF747AEFE5B8CA9AB86D4F261D7450EB90BE68"
"04_CODE\D_7.22_CODE_AND_DOCS\evidence_expansion_v2_working\tools\python_v61\PIL\McIdasImagePlugin.py"	"1955"	"3FD77592BE12B5ED10564C5FAA2C77D6C7C60FCB169FE7959982B4C20E83BC8C"
"04_CODE\D_7.22_CODE_AND_DOCS\evidence_expansion_v2_working\tools\python_v61\PIL\MicImagePlugin.py"	"2702"	"B82C463389652053E37EED8A8E2FB34A73DA727AA2194646AACFC3B5BDC992D2"
"04_CODE\D_7.22_CODE_AND_DOCS\evidence_expansion_v2_working\tools\python_v61\PIL\MpegImagePlugin.py"	"2094"	"91E9BDCE87EC06D22AEB194C25CB0590E5D370908F1080A4F657214DF47DA432"
"04_CODE\D_7.22_CODE_AND_DOCS\evidence_expansion_v2_working\tools\python_v61\PIL\MpoImagePlugin.py"	"6987"	"FFC580B1881E62444336AB32D08FF2C38A72C3471A75DADFD4C5940CD2808636"
"04_CODE\D_7.22_CODE_AND_DOCS\evidence_expansion_v2_working\tools\python_v61\PIL\MspImagePlugin.py"	"6072"	"BB75DC1140D81926046847543A19E3867A64650264A537520781251E9C4E3E58"
"04_CODE\D_7.22_CODE_AND_DOCS\evidence_expansion_v2_working\tools\python_v61\PIL\PaletteFile.py"	"1270"	"41D11AF7D8CB0BE3CF844A86CBAFF87C3B9AF13CCA4925339007987029455FB3"
"04_CODE\D_7.22_CODE_AND_DOCS\evidence_expansion_v2_working\tools\python_v61\PIL\PalmImagePlugin.py"	"8965"	"2247AEEFA9DB5BA83130696A516C1B579EC12441ABD775465C842F9162B9E265"
"04_CODE\D_7.22_CODE_AND_DOCS\evidence_expansion_v2_working\tools\python_v61\PIL\PcdImagePlugin.py"	"1842"	"819B027170C8A845532B6CFE1962A9B53DB9A455350143A0A6BDC9D3A7233C28"
"04_CODE\D_7.22_CODE_AND_DOCS\evidence_expansion_v2_working\tools\python_v61\PIL\PcfFontFile.py"	"7240"	"50F65BCA80F8295AF7DF1B6DA0F6A2DB5D63CE8F8F0E92386DC9F26CB0EEE75E"
"04_CODE\D_7.22_CODE_AND_DOCS\evidence_expansion_v2_working\tools\python_v61\PIL\PcxImagePlugin.py"	"6596"	"5E6F1423FE7F01006C89693B07C489ADD784FFCCFB0D20405269CDA636E79396"
"04_CODE\D_7.22_CODE_AND_DOCS\evidence_expansion_v2_working\tools\python_v61\PIL\PdfImagePlugin.py"	"9720"	"3C3F19E0EA596E3F572F479BED0D9B18BC3846552D77C74F2C2E14E86FF60036"
"04_CODE\D_7.22_CODE_AND_DOCS\evidence_expansion_v2_working\tools\python_v61\PIL\PdfParser.py"	"39753"	"C5E04F3C748CC2B7F711208A1689B7C3AF0E61E11CB454EE06A209FB5217B901"
"04_CODE\D_7.22_CODE_AND_DOCS\evidence_expansion_v2_working\tools\python_v61\PIL\PixarImagePlugin.py"	"1830"	"F919EE2521A1185F0CB14B221D9AB757307157E04D9CADF99018C97E1633C17B"
"04_CODE\D_7.22_CODE_AND_DOCS\evidence_expansion_v2_working\tools\python_v61\PIL\PngImagePlugin.py"	"53977"	"26E6495EDC516F7589DEA911C330D7F16D4EC96EED78AF838DA00902E77E6040"
"04_CODE\D_7.22_CODE_AND_DOCS\evidence_expansion_v2_working\tools\python_v61\PIL\PpmImagePlugin.py"	"12719"	"22331D42C009691D13C90BB591DDEBE28EAAD28E49295C2AE21475D0E7804715"
"04_CODE\D_7.22_CODE_AND_DOCS\evidence_expansion_v2_working\tools\python_v61\PIL\PsdImagePlugin.py"	"9249"	"B3CE408B7129BC190D12CE0DB3AD408E114A048B134669021878A7E72AFB372D"
"04_CODE\D_7.22_CODE_AND_DOCS\evidence_expansion_v2_working\tools\python_v61\PIL\PSDraw.py"	"7230"	"EEC05F0067C19AA9D958C4E445F2E6E28057B519415C0B984FFFCD3F71AD1F0D"
"04_CODE\D_7.22_CODE_AND_DOCS\evidence_expansion_v2_working\tools\python_v61\PIL\QoiImagePlugin.py"	"8831"	"C25FEB0CC7E1C9C5AAE865C1157F31CE8235D5728C6567AFD9629288CE2DF372"
"04_CODE\D_7.22_CODE_AND_DOCS\evidence_expansion_v2_working\tools\python_v61\PIL\report.py"	"105"	"EA6ECD3AFD5ADB8E7BED9889A315FCF62A7925E3A07F63B517DE5FEBED4AE5A3"
"04_CODE\D_7.22_CODE_AND_DOCS\evidence_expansion_v2_working\tools\python_v61\PIL\SgiImagePlugin.py"	"6602"	"4F0891938BAA8E0836D7E3A2154066044D893D63A30C716654F8141FBBCE3B75"
"04_CODE\D_7.22_CODE_AND_DOCS\evidence_expansion_v2_working\tools\python_v61\PIL\SpiderImagePlugin.py"	"10626"	"B0087770827CBC65AEE9619DE92721C9CA2AEC36A338FA25680A31ABBEA5B68C"
"04_CODE\D_7.22_CODE_AND_DOCS\evidence_expansion_v2_working\tools\python_v61\PIL\SunImagePlugin.py"	"4734"	"60A604BEE1B84149227ACDF838AB5758A4D8499F14DEACDC13FBDD4EB3AE46CC"
"04_CODE\D_7.22_CODE_AND_DOCS\evidence_expansion_v2_working\tools\python_v61\PIL\TarIO.py"	"1503"	"2BAB4B9050DC69AAF7BDBE84C986FB1B8A15101E35C7F2CCB8625E513F70E434"
"04_CODE\D_7.22_CODE_AND_DOCS\evidence_expansion_v2_working\tools\python_v61\PIL\TgaImagePlugin.py"	"8017"	"52BBC8363A079783087F2C5FE5B2F75519425AF38DEEE0E92507E6CF7C939588"
"04_CODE\D_7.22_CODE_AND_DOCS\evidence_expansion_v2_working\tools\python_v61\PIL\TiffImagePlugin.py"	"88301"	"7C7C771B1358C4096239C5973199672870C7E4CC34C4CE33A391695A7E251DF7"
"04_CODE\D_7.22_CODE_AND_DOCS\evidence_expansion_v2_working\tools\python_v61\PIL\TiffTags.py"	"17772"	"16C76A6C8409388EE2846ECC67F2B8614403678CE8FAB6986E28550DEE3653D1"
"04_CODE\D_7.22_CODE_AND_DOCS\evidence_expansion_v2_working\tools\python_v61\PIL\WalImageFile.py"	"5891"	"70B442298CAC9C4D2FE59FD47745DED180DE338988C45197A83231F157AE31C6"
"04_CODE\D_7.22_CODE_AND_DOCS\evidence_expansion_v2_working\tools\python_v61\PIL\WebPImagePlugin.py"	"10289"	"C7022669E4536810944B2D1A5A69A18DC7176706CBD36363994B0FCC2003D69C"
"04_CODE\D_7.22_CODE_AND_DOCS\evidence_expansion_v2_working\tools\python_v61\PIL\WmfImagePlugin.py"	"5390"	"136D180C964920AAD44327ED3A6AC9AC0B97BA60C6662C231F237620A282C9B8"
"04_CODE\D_7.22_CODE_AND_DOCS\evidence_expansion_v2_working\tools\python_v61\PIL\XbmImagePlugin.py"	"2767"	"C1CD0DA5F4F3952871F589A2D33C28D1A5598C36B8FC1ECD1221B64E008EEB94"
"04_CODE\D_7.22_CODE_AND_DOCS\evidence_expansion_v2_working\tools\python_v61\PIL\XpmImagePlugin.py"	"4539"	"232F0AC0E8E7546541C5F4F6C6D0F737050A52DCEC0F678753B3AEB48461A9D9"
"04_CODE\D_7.22_CODE_AND_DOCS\evidence_expansion_v2_working\tools\python_v61\PIL\XVThumbImagePlugin.py"	"2209"	"384B448508022CB82FC7C275888F75D533338C9E624E538EA90A4B431D5BCD0E"
"04_CODE\D_7.22_CODE_AND_DOCS\evidence_expansion_v2_working\tools\python_v61\rdkit\__init__.py"	"2233"	"63D00A2E6A7B6F41C69CE1ACCC48446AC99963121F90764AF55A4BC6877083F0"
"04_CODE\D_7.22_CODE_AND_DOCS\evidence_expansion_v2_working\tools\python_v61\rdkit\Avalon\__init__.py"	"0"	"E3B0C44298FC1C149AFBF4C8996FB92427AE41E4649B934CA495991B7852B855"
"04_CODE\D_7.22_CODE_AND_DOCS\evidence_expansion_v2_working\tools\python_v61\rdkit\Chem\__init__.py"	"10221"	"6B3672F0FF5A51E7FE44A43DE080BAE7FAD586D8A10A23C7AB34CF633806430F"
"04_CODE\D_7.22_CODE_AND_DOCS\evidence_expansion_v2_working\tools\python_v61\rdkit\Chem\AllChem.py"	"17483"	"8A947244C4F38303DA809A285B37E642DBA2C2F0D8217DE31A8047B09046DF2F"
"04_CODE\D_7.22_CODE_AND_DOCS\evidence_expansion_v2_working\tools\python_v61\rdkit\Chem\AtomPairs\__init__.py"	"0"	"E3B0C44298FC1C149AFBF4C8996FB92427AE41E4649B934CA495991B7852B855"
"04_CODE\D_7.22_CODE_AND_DOCS\evidence_expansion_v2_working\tools\python_v61\rdkit\Chem\AtomPairs\Pairs.py"	"5867"	"45EA618572930958A055DC8F1F0FBEC91D238F62BF1B362937F1E22BCE2CC1A9"
"04_CODE\D_7.22_CODE_AND_DOCS\evidence_expansion_v2_working\tools\python_v61\rdkit\Chem\AtomPairs\Sheridan.py"	"3857"	"B153298F987B309F6DBCD198952064F19314C7DC5A3CC5B974E5DB75A49B8B2D"
"04_CODE\D_7.22_CODE_AND_DOCS\evidence_expansion_v2_working\tools\python_v61\rdkit\Chem\AtomPairs\Torsions.py"	"5612"	"99D18B95627FCE4C6CF189EEBB360BBD1BB5CFA86CD52BC1540412870A313255"
"04_CODE\D_7.22_CODE_AND_DOCS\evidence_expansion_v2_working\tools\python_v61\rdkit\Chem\AtomPairs\Utils.py"	"7882"	"14E3511012A9E68E19114C46628066AE4D23CE687DAB53BF91933B1FAEAD9623"
"04_CODE\D_7.22_CODE_AND_DOCS\evidence_expansion_v2_working\tools\python_v61\rdkit\Chem\BRICS.py"	"34393"	"9B2CF27DEA01302B3F640B352F05B96BEDB045AC65D658694463974192526EAC"
"04_CODE\D_7.22_CODE_AND_DOCS\evidence_expansion_v2_working\tools\python_v61\rdkit\Chem\BuildFragmentCatalog.py"	"19660"	"929C44212C823CD9409B016ACBCF2883B0E7026BC0BD54C60AADCE42BEDF41A1"
"04_CODE\D_7.22_CODE_AND_DOCS\evidence_expansion_v2_working\tools\python_v61\rdkit\Chem\ChemicalFeatures.py"	"741"	"C5CA6BCC789D351C2C7CF97E51554A82D8C4662B7F270B6909069D07E79BE95B"
"04_CODE\D_7.22_CODE_AND_DOCS\evidence_expansion_v2_working\tools\python_v61\rdkit\Chem\ChemicalForceFields.py"	"374"	"98EA86F3C7EC1DD471CA52DFE6C3A9BC9C65A5157D6489CF743FBBBA150261FE"
"04_CODE\D_7.22_CODE_AND_DOCS\evidence_expansion_v2_working\tools\python_v61\rdkit\Chem\ChemUtils\__init__.py"	"0"	"E3B0C44298FC1C149AFBF4C8996FB92427AE41E4649B934CA495991B7852B855"
"04_CODE\D_7.22_CODE_AND_DOCS\evidence_expansion_v2_working\tools\python_v61\rdkit\Chem\ChemUtils\AlignDepict.py"	"3014"	"DA2B3058C473C9B2A2BF9F0469CF12EB089A3AA171267606C9CF1E7C5287BAB0"
"04_CODE\D_7.22_CODE_AND_DOCS\evidence_expansion_v2_working\tools\python_v61\rdkit\Chem\ChemUtils\BulkTester.py"	"2046"	"DB66127372CF9F2812F646BE0EA4582E272AF6E1C1FB6BCA6A1281618608D504"
"04_CODE\D_7.22_CODE_AND_DOCS\evidence_expansion_v2_working\tools\python_v61\rdkit\Chem\ChemUtils\DescriptorUtilities.py"	"1871"	"BFA03FD51BFB3B6CBEAB795EC4B34A83F4022CFFB8CD96DBA49F844B0F17A7D1"
"04_CODE\D_7.22_CODE_AND_DOCS\evidence_expansion_v2_working\tools\python_v61\rdkit\Chem\ChemUtils\SDFToCSV.py"	"2593"	"F850CD2B34B1CAB040717766E3C27AC8B022FDEF15A744F0E4895D8D2D52B1E2"
"04_CODE\D_7.22_CODE_AND_DOCS\evidence_expansion_v2_working\tools\python_v61\rdkit\Chem\ChemUtils\TemplateExpand.py"	"14789"	"1E2940F867AA004D3EAD07877D2D46A35DFEBAE27224244A673D7E4784F9C6B0"
"04_CODE\D_7.22_CODE_AND_DOCS\evidence_expansion_v2_working\tools\python_v61\rdkit\Chem\Crippen.py"	"6311"	"C8271706DAF7044C05850C27DAD340756AC0CBF9A7A3E7345BD875F21E168D2E"
"04_CODE\D_7.22_CODE_AND_DOCS\evidence_expansion_v2_working\tools\python_v61\rdkit\Chem\Descriptors.py"	"9399"	"7F4131135CD465D684BD8CA7B243DE875E0EAD46A7365263B77D4B81934E27DA"
"04_CODE\D_7.22_CODE_AND_DOCS\evidence_expansion_v2_working\tools\python_v61\rdkit\Chem\Descriptors3D.py"	"7435"	"E749FFCC1E56B2ED1FBB627F83DD67FFBB8C4072804FE79BD3C4C3026DE880AB"
"04_CODE\D_7.22_CODE_AND_DOCS\evidence_expansion_v2_working\tools\python_v61\rdkit\Chem\Draw\__init__.py"	"41610"	"D4C728081B651AF1F91CABFD1F2E1E054902E597FDCEEF87D827C29B5B5B9258"
"04_CODE\D_7.22_CODE_AND_DOCS\evidence_expansion_v2_working\tools\python_v61\rdkit\Chem\Draw\InteractiveRenderer.py"	"14649"	"360B0DD9E796A7B68D69274262E49FE03ECE36EEEF3D8A7FC12F0E460200C9D4"
"04_CODE\D_7.22_CODE_AND_DOCS\evidence_expansion_v2_working\tools\python_v61\rdkit\Chem\Draw\IPythonConsole.py"	"18723"	"AD5D1CD35C61DA3CF3DEDF9BDB9103F424376DA88CC738F455F4A6B4C34B7CC2"
"04_CODE\D_7.22_CODE_AND_DOCS\evidence_expansion_v2_working\tools\python_v61\rdkit\Chem\Draw\MolDrawing.py"	"22557"	"8A0ACFD795F3539C7DE41C7AA87572291B412DE06FE588B79532610AB254A73A"
"04_CODE\D_7.22_CODE_AND_DOCS\evidence_expansion_v2_working\tools\python_v61\rdkit\Chem\Draw\SimilarityMaps.py"	"19363"	"B936AE55DC0755BEE0E46C5E019A40D1015C0FEAB7FE5651B7E3F28FB239A029"
"04_CODE\D_7.22_CODE_AND_DOCS\evidence_expansion_v2_working\tools\python_v61\rdkit\Chem\DSViewer.py"	"12494"	"C77865222DE6E7872D173BA58DA48EE26E633EC56EF2F1584C4879471270A359"
"04_CODE\D_7.22_CODE_AND_DOCS\evidence_expansion_v2_working\tools\python_v61\rdkit\Chem\EnumerateHeterocycles.py"	"13470"	"EDAADB247A0598582AEC66415CAC9A05D5F1248BAFA1133BAEA5E60D26B5D67F"
"04_CODE\D_7.22_CODE_AND_DOCS\evidence_expansion_v2_working\tools\python_v61\rdkit\Chem\EnumerateStereoisomers.py"	"14965"	"615FA60F50A9820E04052D246C2A4C34D0D9DBAF010D892D6E2E24AB68193FC5"
"04_CODE\D_7.22_CODE_AND_DOCS\evidence_expansion_v2_working\tools\python_v61\rdkit\Chem\EState\__init__.py"	"400"	"A53953E17DFDDB39AF5C60E898F257B2D3521467AC593D4D49E7E1E995A063E0"
"04_CODE\D_7.22_CODE_AND_DOCS\evidence_expansion_v2_working\tools\python_v61\rdkit\Chem\EState\AtomTypes.py"	"4172"	"75AB98F8C0F294A1D97003C52FEA6229C5F5ABAC7074A11E181E888821741DF4"
"04_CODE\D_7.22_CODE_AND_DOCS\evidence_expansion_v2_working\tools\python_v61\rdkit\Chem\EState\EState.py"	"2611"	"8D588EE790841727EBF70AC56E6650A42232B55B8012FBD3EBE2838389B335AF"
"04_CODE\D_7.22_CODE_AND_DOCS\evidence_expansion_v2_working\tools\python_v61\rdkit\Chem\EState\EState_VSA.py"	"3691"	"FE5C00B5693B7AFB8B4C9FA1E1FDE0C66651AF0A942DD31AAC37FC93F09AD171"
"04_CODE\D_7.22_CODE_AND_DOCS\evidence_expansion_v2_working\tools\python_v61\rdkit\Chem\EState\Fingerprinter.py"	"2183"	"708516356EEE47D5B4EA5CEF34D2E269CF666FC1DA98A758CDD31F70F829753D"
"04_CODE\D_7.22_CODE_AND_DOCS\evidence_expansion_v2_working\tools\python_v61\rdkit\Chem\FastSDMolSupplier.py"	"509"	"B46EEB0AAC75D97BCB99D2D471EFB27C653304DB2D7441BC6458F41FE12D619E"
"04_CODE\D_7.22_CODE_AND_DOCS\evidence_expansion_v2_working\tools\python_v61\rdkit\Chem\FeatFinderCLI.py"	"3415"	"546F8B8A2FCAE4F1F6B1C747FD90DBD67822EAFB78D1F4E74BD18CA3E08BE18E"
"04_CODE\D_7.22_CODE_AND_DOCS\evidence_expansion_v2_working\tools\python_v61\rdkit\Chem\FeatMaps\__init__.py"	"0"	"E3B0C44298FC1C149AFBF4C8996FB92427AE41E4649B934CA495991B7852B855"
"04_CODE\D_7.22_CODE_AND_DOCS\evidence_expansion_v2_working\tools\python_v61\rdkit\Chem\FeatMaps\FeatMapParser.py"	"5239"	"6E31D6D8C3BBA854BE5D8722F27181A942DFEF7E22187BA282FF1313A19D49C4"
"04_CODE\D_7.22_CODE_AND_DOCS\evidence_expansion_v2_working\tools\python_v61\rdkit\Chem\FeatMaps\FeatMapPoint.py"	"3400"	"BEF9C167B3610EA5012AB9948E7F9A18445F48D5612F03AAA797C0E87BE629D8"
"04_CODE\D_7.22_CODE_AND_DOCS\evidence_expansion_v2_working\tools\python_v61\rdkit\Chem\FeatMaps\FeatMaps.py"	"7722"	"E9D99CF6391AABBE6494AD62D83A8DAE1E8D84DA243178634B325FC6F0FBAA3A"
"04_CODE\D_7.22_CODE_AND_DOCS\evidence_expansion_v2_working\tools\python_v61\rdkit\Chem\FeatMaps\FeatMapUtils.py"	"7564"	"42B67FA03CE9029C5E459B4928E73A6718F82E62EDFE657122B71BD8CC1BAA4F"
"04_CODE\D_7.22_CODE_AND_DOCS\evidence_expansion_v2_working\tools\python_v61\rdkit\Chem\Features\__init__.py"	"0"	"E3B0C44298FC1C149AFBF4C8996FB92427AE41E4649B934CA495991B7852B855"
"04_CODE\D_7.22_CODE_AND_DOCS\evidence_expansion_v2_working\tools\python_v61\rdkit\Chem\Features\FeatDirUtilsRD.py"	"12369"	"69894923E0FEC23C53482A22DA7EE12426EB6C8F25154E4F7F36EAB0300247CA"
"04_CODE\D_7.22_CODE_AND_DOCS\evidence_expansion_v2_working\tools\python_v61\rdkit\Chem\Features\ShowFeats.py"	"12186"	"8F15ABBF13C897259C40B8E12B61A6E65643C879AE147266E1C504D497BCA199"
"04_CODE\D_7.22_CODE_AND_DOCS\evidence_expansion_v2_working\tools\python_v61\rdkit\Chem\FilterCatalog.py"	"2254"	"C4EF50BC53D2495657AD591C286E0735F1E19E6D8C73ED5D3C42D1F00A3E4759"
"04_CODE\D_7.22_CODE_AND_DOCS\evidence_expansion_v2_working\tools\python_v61\rdkit\Chem\Fingerprints\__init__.py"	"70"	"5B2C4514E7968AA8AAF0399F646B075C2C8E2B1B057E8512BADAADE585AAE454"
"04_CODE\D_7.22_CODE_AND_DOCS\evidence_expansion_v2_working\tools\python_v61\rdkit\Chem\Fingerprints\ClusterMols.py"	"5891"	"A15A9A72B8AE76984766A144F4AD5F94FD2C57EE6224B59EB716B07DD729F590"
"04_CODE\D_7.22_CODE_AND_DOCS\evidence_expansion_v2_working\tools\python_v61\rdkit\Chem\Fingerprints\DbFpSupplier.py"	"4502"	"CAEC3A78A6D84C9C4EBD9AA5B4F0756BC880F3FEE1E5A45E1013FA904CEE8D49"
"04_CODE\D_7.22_CODE_AND_DOCS\evidence_expansion_v2_working\tools\python_v61\rdkit\Chem\Fingerprints\FingerprintMols.py"	"17021"	"904F9BE4910B5C5F9B3D5D0E588F487E9DA91D2356AB042F5C6AA1AEB720D0EA"
"04_CODE\D_7.22_CODE_AND_DOCS\evidence_expansion_v2_working\tools\python_v61\rdkit\Chem\Fingerprints\MolSimilarity.py"	"9879"	"7A13BD4CCD6F9E67C0F7D59ACC1F5157604D58D78DB32050A9B59DD65B5DBB1B"
"04_CODE\D_7.22_CODE_AND_DOCS\evidence_expansion_v2_working\tools\python_v61\rdkit\Chem\Fingerprints\SimilarityScreener.py"	"4854"	"E726C9383EADF0B925DD9B04276D3FEB9CDDA6B0F6DFBEE3B3A5DF00C5B9593C"
"04_CODE\D_7.22_CODE_AND_DOCS\evidence_expansion_v2_working\tools\python_v61\rdkit\Chem\fmcs\__init__.py"	"146"	"651BC1B62EF79BAA52BA9BECF7BD167EC828CF5AB2C864C5A86FA8435A465A57"
"04_CODE\D_7.22_CODE_AND_DOCS\evidence_expansion_v2_working\tools\python_v61\rdkit\Chem\fmcs\fmcs.py"	"108350"	"F6263734130170566A4727C2DAF673228C556E5EC22EEE8891394E6ABC323C2E"
"04_CODE\D_7.22_CODE_AND_DOCS\evidence_expansion_v2_working\tools\python_v61\rdkit\Chem\Fraggle\__init__.py"	"0"	"E3B0C44298FC1C149AFBF4C8996FB92427AE41E4649B934CA495991B7852B855"
"04_CODE\D_7.22_CODE_AND_DOCS\evidence_expansion_v2_working\tools\python_v61\rdkit\Chem\Fraggle\FraggleSim.py"	"14744"	"D458D87D321A3C1B90A116A3F82459DFC0D722FFEE7B2ECDC28991C59A6AFBA8"
"04_CODE\D_7.22_CODE_AND_DOCS\evidence_expansion_v2_working\tools\python_v61\rdkit\Chem\FragmentCatalog.py"	"2506"	"086B896ECBC079CD6CE86FAD5B421B66AF3EFB7B53FA6080FFFBEA90727143EE"
"04_CODE\D_7.22_CODE_AND_DOCS\evidence_expansion_v2_working\tools\python_v61\rdkit\Chem\FragmentMatcher.py"	"2385"	"6B42D734F364CC909D490D99566671150F6F8BEB84C95FAE415FCAFABC012EB1"
"04_CODE\D_7.22_CODE_AND_DOCS\evidence_expansion_v2_working\tools\python_v61\rdkit\Chem\Fragments.py"	"1666"	"F3A278A3FD6EE5B7A7561AC9D842F05F29A3C8A0A278927DD72549FEF907A6D8"
"04_CODE\D_7.22_CODE_AND_DOCS\evidence_expansion_v2_working\tools\python_v61\rdkit\Chem\FunctionalGroups.py"	"5194"	"E81BCAE46AF320B182E92C544CDC958424674E123B998E77E980FA5EC14FE35D"
"04_CODE\D_7.22_CODE_AND_DOCS\evidence_expansion_v2_working\tools\python_v61\rdkit\Chem\GraphDescriptors.py"	"21343"	"C1B1755F4E76C784597002FB01BB6AA1914A6285237A157DBA077C94C9B4CBA0"
"04_CODE\D_7.22_CODE_AND_DOCS\evidence_expansion_v2_working\tools\python_v61\rdkit\Chem\Graphs.py"	"1340"	"088B6EED8A3C7BA4E8AFEE2A3423A07C5AA6D13B0E6923BEEA885013B0177524"
"04_CODE\D_7.22_CODE_AND_DOCS\evidence_expansion_v2_working\tools\python_v61\rdkit\Chem\inchi.py"	"14588"	"B6FF0FC5075E18CA91883B27985775A0B1521E4A14F0A285B78359FD219D10E5"
"04_CODE\D_7.22_CODE_AND_DOCS\evidence_expansion_v2_working\tools\python_v61\rdkit\Chem\Lipinski.py"	"4458"	"59E98581AD651630C88ABBB286442009CF2A9FBDF2A35DE4FCCA894EB1F9003E"
"04_CODE\D_7.22_CODE_AND_DOCS\evidence_expansion_v2_working\tools\python_v61\rdkit\Chem\MACCSkeys.py"	"12049"	"F9417408A60BAFFCC475054AAAA785C9D7C3FB09292D04C8513C4CD2A85C4821"
"04_CODE\D_7.22_CODE_AND_DOCS\evidence_expansion_v2_working\tools\python_v61\rdkit\Chem\MCS.py"	"17703"	"099C89755ADBEB90C171EB659A387EE8956E3024B066CB85751154FB306440CE"
"04_CODE\D_7.22_CODE_AND_DOCS\evidence_expansion_v2_working\tools\python_v61\rdkit\Chem\MolCatalog.py"	"78"	"C51ED0C881630E1470F0314657393D780A8DCFE111DFBADA89BEC9AA343B42A4"
"04_CODE\D_7.22_CODE_AND_DOCS\evidence_expansion_v2_working\tools\python_v61\rdkit\Chem\MolDb\__init__.py"	"0"	"E3B0C44298FC1C149AFBF4C8996FB92427AE41E4649B934CA495991B7852B855"
"04_CODE\D_7.22_CODE_AND_DOCS\evidence_expansion_v2_working\tools\python_v61\rdkit\Chem\MolDb\FingerprintUtils.py"	"3549"	"B3F8C807491448BF6383D504A8A96CAA3270C19B5BC0606B8C93E6D8428373E0"
"04_CODE\D_7.22_CODE_AND_DOCS\evidence_expansion_v2_working\tools\python_v61\rdkit\Chem\MolDb\Loader.py"	"412"	"313B2F17339EDF090528D7E7499947D59EF12377DE31BE13735628451C6E413B"
"04_CODE\D_7.22_CODE_AND_DOCS\evidence_expansion_v2_working\tools\python_v61\rdkit\Chem\MolDb\Loader_orig.py"	"6767"	"C5357F21A921D6FABE85AD8596ACB9534BD901B08ED6A3C353E75D6297F6F758"
"04_CODE\D_7.22_CODE_AND_DOCS\evidence_expansion_v2_working\tools\python_v61\rdkit\Chem\MolDb\Loader_sa.py"	"6157"	"2CF224A1916BE48713E34106E14B39B0D9C05E7A9D678EB4B2AED5AA55873165"
"04_CODE\D_7.22_CODE_AND_DOCS\evidence_expansion_v2_working\tools\python_v61\rdkit\Chem\MolKey\__init__.py"	"0"	"E3B0C44298FC1C149AFBF4C8996FB92427AE41E4649B934CA495991B7852B855"
"04_CODE\D_7.22_CODE_AND_DOCS\evidence_expansion_v2_working\tools\python_v61\rdkit\Chem\MolKey\InchiInfo.py"	"7246"	"B0963CC409410D9C8C7CB679DF654DCA3437192AC0FC5ED7D34ABCCAECE5AB23"
"04_CODE\D_7.22_CODE_AND_DOCS\evidence_expansion_v2_working\tools\python_v61\rdkit\Chem\MolKey\MolKey.py"	"15492"	"27EDE75E85CB1AD6ADECB2DCBF4170EF8798B1BA1A02C5DF35FA4C3B490493AF"
"04_CODE\D_7.22_CODE_AND_DOCS\evidence_expansion_v2_working\tools\python_v61\rdkit\Chem\MolStandardize\__init__.py"	"937"	"B65F630EA0DC1B204BB63AF4FC87DE10D95AF474F9D8E0FDCBC458301231D141"
"04_CODE\D_7.22_CODE_AND_DOCS\evidence_expansion_v2_working\tools\python_v61\rdkit\Chem\MolSurf.py"	"15124"	"53F67B80545BDF297AAF9B8DB1B6F3B93AC71CC3B2E6ACF47D7854413A4CFE50"
"04_CODE\D_7.22_CODE_AND_DOCS\evidence_expansion_v2_working\tools\python_v61\rdkit\Chem\PandasPatcher.py"	"10500"	"1124F9D8DAFDA0090F3E4F17C4C48461D6E32DC334E9FD792C3F9AAD9E999F46"
"04_CODE\D_7.22_CODE_AND_DOCS\evidence_expansion_v2_working\tools\python_v61\rdkit\Chem\PandasTools.py"	"29866"	"BF06946DCD69765B08DB5DE54BCA7EB80E15DB6A4E318DE54C5D01A71ADDAB53"
"04_CODE\D_7.22_CODE_AND_DOCS\evidence_expansion_v2_working\tools\python_v61\rdkit\Chem\Pharm2D\__init__.py"	"1046"	"21D17EEB80B41E22FA480856AD27530608B7E51488669DC8289A3114EF5FBD89"
"04_CODE\D_7.22_CODE_AND_DOCS\evidence_expansion_v2_working\tools\python_v61\rdkit\Chem\Pharm2D\Generate.py"	"5141"	"72A637917AADB523EA712EC47A34F7588E34654D4FD84B03E1319CA465738583"
"04_CODE\D_7.22_CODE_AND_DOCS\evidence_expansion_v2_working\tools\python_v61\rdkit\Chem\Pharm2D\Gobbi_Pharm2D.py"	"1963"	"D826E714BE7989956BB55B00C5914E7A0D7EDF5537642111A82DC47460ACDD85"
"04_CODE\D_7.22_CODE_AND_DOCS\evidence_expansion_v2_working\tools\python_v61\rdkit\Chem\Pharm2D\LazyGenerator.py"	"4423"	"91762458DBE966870797C587FA596D11A27BF98B166DA207FDFC8E1571FB1ACC"
"04_CODE\D_7.22_CODE_AND_DOCS\evidence_expansion_v2_working\tools\python_v61\rdkit\Chem\Pharm2D\Matcher.py"	"4176"	"96921BB5FC788CB91B36714BA279D80200ACEB9166C4A9DBA94E1D2AD85D404F"
"04_CODE\D_7.22_CODE_AND_DOCS\evidence_expansion_v2_working\tools\python_v61\rdkit\Chem\Pharm2D\SigFactory.py"	"10574"	"6FBEABA4B9CBC84666750169376F12FB87267FA8C0FAE3843B55FE03CB314231"
"04_CODE\D_7.22_CODE_AND_DOCS\evidence_expansion_v2_working\tools\python_v61\rdkit\Chem\Pharm2D\Utils.py"	"13457"	"C3FC80DF0FFDFE82F7526ABDF48F7CAE3EE55E4C19A862BE239108FED187DFBD"
"04_CODE\D_7.22_CODE_AND_DOCS\evidence_expansion_v2_working\tools\python_v61\rdkit\Chem\Pharm3D\__init__.py"	"0"	"E3B0C44298FC1C149AFBF4C8996FB92427AE41E4649B934CA495991B7852B855"
"04_CODE\D_7.22_CODE_AND_DOCS\evidence_expansion_v2_working\tools\python_v61\rdkit\Chem\Pharm3D\EmbedLib.py"	"42481"	"AEF247B5D86D5175F46FDCB72F2BE81C60ED70C29B6E7CA4B0152AB2B0ECA4B3"
"04_CODE\D_7.22_CODE_AND_DOCS\evidence_expansion_v2_working\tools\python_v61\rdkit\Chem\Pharm3D\ExcludedVolume.py"	"953"	"9F13577A752F72BB41A2DD08C12F07DE12BD0C5FF5945BE07D75331A686D53D7"
"04_CODE\D_7.22_CODE_AND_DOCS\evidence_expansion_v2_working\tools\python_v61\rdkit\Chem\Pharm3D\Pharmacophore.py"	"6138"	"66B98035B471CC2495E6AFFC0DD0699D9437AE074070077ED3721E9D3016C65A"
"04_CODE\D_7.22_CODE_AND_DOCS\evidence_expansion_v2_working\tools\python_v61\rdkit\Chem\PropertyMol.py"	"3292"	"5B44E31734C796242CC577D4DDA370DCDC3BBD84105A82D2ED180EA9DEB7CB4C"
"04_CODE\D_7.22_CODE_AND_DOCS\evidence_expansion_v2_working\tools\python_v61\rdkit\Chem\PyMol.py"	"8677"	"87D7B70321BB1425145E398DBEECB7A4E2F3FA64240DBA4FE9E43FF21CDF0BCB"
"04_CODE\D_7.22_CODE_AND_DOCS\evidence_expansion_v2_working\tools\python_v61\rdkit\Chem\QED.py"	"11721"	"E465598A522DF115865546B9DD2FC72E882753053230706166862406E479E0E2"
"04_CODE\D_7.22_CODE_AND_DOCS\evidence_expansion_v2_working\tools\python_v61\rdkit\Chem\Randomize.py"	"1090"	"95A83FE5BE3FFA9F964476501F781CC95C4102BBADA3022148569313AB2D7B57"
"04_CODE\D_7.22_CODE_AND_DOCS\evidence_expansion_v2_working\tools\python_v61\rdkit\Chem\Recap.py"	"21271"	"56AF22A1BE761D66BF642268626D733C0C115368872301C8FA9F4525A9871D66"
"04_CODE\D_7.22_CODE_AND_DOCS\evidence_expansion_v2_working\tools\python_v61\rdkit\Chem\ReducedGraphs.py"	"577"	"9DBBDA4744A4B1FA6EAF2851C3B5E1754840CCCF4FD45642E328F3FCFA19CBAC"
"04_CODE\D_7.22_CODE_AND_DOCS\evidence_expansion_v2_working\tools\python_v61\rdkit\Chem\RegistrationHash.py"	"13953"	"92F5CA4DC1C5C68B0B204B3EEE8922CA0CAF305CBD862E45D994D11197A9DE72"
"04_CODE\D_7.22_CODE_AND_DOCS\evidence_expansion_v2_working\tools\python_v61\rdkit\Chem\SaltRemover.py"	"10519"	"B05E7CC1E301E5A8FE802FF2DB55D85FB8840EFAD907AB4B8B71D61517FA5955"
"04_CODE\D_7.22_CODE_AND_DOCS\evidence_expansion_v2_working\tools\python_v61\rdkit\Chem\SATIS.py"	"2894"	"1CD3F5CD9177EBD464E6B7925D099B42B4817DCC08BC6B9208636FD4845CA30F"
"04_CODE\D_7.22_CODE_AND_DOCS\evidence_expansion_v2_working\tools\python_v61\rdkit\Chem\Scaffolds\__init__.py"	"0"	"E3B0C44298FC1C149AFBF4C8996FB92427AE41E4649B934CA495991B7852B855"
"04_CODE\D_7.22_CODE_AND_DOCS\evidence_expansion_v2_working\tools\python_v61\rdkit\Chem\Scaffolds\MurckoScaffold.py"	"4331"	"1B005E76FFB313814EB1D833F65019A26DD6673DC6E21DB0B8AAF95C42E92E0D"
"04_CODE\D_7.22_CODE_AND_DOCS\evidence_expansion_v2_working\tools\python_v61\rdkit\Chem\ShowMols.py"	"957"	"DB0DE2FC5B40A3E0330C96AA5A6102E7562601FCB62756A9570A13B15B994995"
"04_CODE\D_7.22_CODE_AND_DOCS\evidence_expansion_v2_working\tools\python_v61\rdkit\Chem\SimpleEnum\__init__.py"	"0"	"E3B0C44298FC1C149AFBF4C8996FB92427AE41E4649B934CA495991B7852B855"
"04_CODE\D_7.22_CODE_AND_DOCS\evidence_expansion_v2_working\tools\python_v61\rdkit\Chem\SimpleEnum\Enumerator.py"	"9356"	"1DE8C58EA445840BDF8E4407883F357E23C8B52A6C7191FFFA5DFD9B042DCF0E"
"04_CODE\D_7.22_CODE_AND_DOCS\evidence_expansion_v2_working\tools\python_v61\rdkit\Chem\SpacialScore.py"	"7286"	"4CCC7E0A98FFC04240ED5D6406311C91084CCF303876FC6476A93C3988F16539"
"04_CODE\D_7.22_CODE_AND_DOCS\evidence_expansion_v2_working\tools\python_v61\rdkit\Chem\Subshape\__init__.py"	"0"	"E3B0C44298FC1C149AFBF4C8996FB92427AE41E4649B934CA495991B7852B855"
"04_CODE\D_7.22_CODE_AND_DOCS\evidence_expansion_v2_working\tools\python_v61\rdkit\Chem\Subshape\BuilderUtils.py"	"11210"	"756F4034C5197CB0FE49435943B9A958F47C5EB0AD3351CD7F09E952D5D5B7B7"
"04_CODE\D_7.22_CODE_AND_DOCS\evidence_expansion_v2_working\tools\python_v61\rdkit\Chem\Subshape\demoCombined.py"	"1853"	"66DA2CE157DA50EA5D1AC850B13A6A22F464279B47B08AA2B576EBDEA4331390"
"04_CODE\D_7.22_CODE_AND_DOCS\evidence_expansion_v2_working\tools\python_v61\rdkit\Chem\Subshape\SubshapeAligner.py"	"13708"	"44FDF20A1D1D730B066F9CC7657CC20F0B5EF23FD6A9FD2EBE43A577F7E03009"
"04_CODE\D_7.22_CODE_AND_DOCS\evidence_expansion_v2_working\tools\python_v61\rdkit\Chem\Subshape\SubshapeBuilder.py"	"4330"	"220B40DAC406F09F238E84285B33D958412B769E92AD17BB2C0E27A426AF0F9D"
"04_CODE\D_7.22_CODE_AND_DOCS\evidence_expansion_v2_working\tools\python_v61\rdkit\Chem\Subshape\SubshapeObjects.py"	"2539"	"6DCE27ACE34311D716A74DBC7BE010045D170239FECDFE2CBA641933F4607496"
"04_CODE\D_7.22_CODE_AND_DOCS\evidence_expansion_v2_working\tools\python_v61\rdkit\Chem\Suppliers\__init__.py"	"0"	"E3B0C44298FC1C149AFBF4C8996FB92427AE41E4649B934CA495991B7852B855"
"04_CODE\D_7.22_CODE_AND_DOCS\evidence_expansion_v2_working\tools\python_v61\rdkit\Chem\Suppliers\DbMolSupplier.py"	"4161"	"F1ADBC18318282182EFF9B29898D1571EBAE4CB71DAABF7AF2CDAE484DCC563D"
"04_CODE\D_7.22_CODE_AND_DOCS\evidence_expansion_v2_working\tools\python_v61\rdkit\Chem\Suppliers\MolSupplier.py"	"894"	"E3FF73823F8F7CF21904988AFA2ACBB65AEE13422A4CF992D843DDC63CDAB0B9"
"04_CODE\D_7.22_CODE_AND_DOCS\evidence_expansion_v2_working\tools\python_v61\rdkit\Chem\TemplateAlign.py"	"3292"	"CAACF330EDD529C14B433C42A831AA48533AB32BAE7664CEEE6D9828563E066B"
"04_CODE\D_7.22_CODE_AND_DOCS\evidence_expansion_v2_working\tools\python_v61\rdkit\Chem\TorsionFingerprints.py"	"27281"	"02807C14267E8244E0CB7C748951F9EBE9FB29973F0C918A41B932E5163A9A73"
"04_CODE\D_7.22_CODE_AND_DOCS\evidence_expansion_v2_working\tools\python_v61\rdkit\conftest.py"	"607"	"B877A6CED902DC6FC37B0A4771154839E84E5DAC1D8D2BABB5E8AD85536E07D5"
"04_CODE\D_7.22_CODE_AND_DOCS\evidence_expansion_v2_working\tools\python_v61\rdkit\Contrib\AtomAtomSimilarity\AtomAtomPathSimilarity.py"	"14613"	"6BDFBD19EEA39F6F288A509E0CFDEFC98AE5E642D737E5F792A4DAA720D6BA7B"
"04_CODE\D_7.22_CODE_AND_DOCS\evidence_expansion_v2_working\tools\python_v61\rdkit\Contrib\CalcLigRMSD\CalcLigRMSD.py"	"3431"	"31A56FF41C9F28E66023CC90E64AD1F3CC11E41574D2C9354BB47009080EB057"
"04_CODE\D_7.22_CODE_AND_DOCS\evidence_expansion_v2_working\tools\python_v61\rdkit\Contrib\CalcLigRMSD\README.md"	"4028"	"5EBCC523F5E97CECEFA226BDEE8A61EC52BE77E22ECA282622E01FE7BF99DBC2"
"04_CODE\D_7.22_CODE_AND_DOCS\evidence_expansion_v2_working\tools\python_v61\rdkit\Contrib\ChiralPairs\ChiralDescriptors.py"	"16455"	"62D05D9484F7906FE50786CC388207B0840143F36D4228D0DE72B148DCB2DA5A"
"04_CODE\D_7.22_CODE_AND_DOCS\evidence_expansion_v2_working\tools\python_v61\rdkit\Contrib\ConformerParser\Wrap\testConformerParser.py"	"1274"	"21408BFBD3CA33494C220C66A2D7338E7423DC74B20CBC27D611EE4F67F92D09"
"04_CODE\D_7.22_CODE_AND_DOCS\evidence_expansion_v2_working\tools\python_v61\rdkit\Contrib\efgs\ch33query.sql"	"839"	"6A84F8A38733A4F874A0D1900482F0B79993C471317EE20E623DCF58B5BFEC32"
"04_CODE\D_7.22_CODE_AND_DOCS\evidence_expansion_v2_working\tools\python_v61\rdkit\Contrib\efgs\efgs.py"	"26913"	"682FB8FAAEFF0CD917BFFC82BB369CC2FFB6E90A80507CB1D2D1DF1D7CA85A32"
"04_CODE\D_7.22_CODE_AND_DOCS\evidence_expansion_v2_working\tools\python_v61\rdkit\Contrib\efgs\README.md"	"994"	"8A40158208E8CC08CEF8F84436F48C06B64C7EF04F5E57C6F985FC7314C2C4B9"
"04_CODE\D_7.22_CODE_AND_DOCS\evidence_expansion_v2_working\tools\python_v61\rdkit\Contrib\efgs\try_efgs.py"	"8906"	"73BE0C009D3628B6C557A9DCE8142027D3E1B148031B5260B29A7D61C2B884FE"
"04_CODE\D_7.22_CODE_AND_DOCS\evidence_expansion_v2_working\tools\python_v61\rdkit\Contrib\Fastcluster\fastcluster.py"	"2396"	"7C93574B944384FF43A8744A70262C82D1DD88025EE0C962F733FFF2EEA8D3C3"
"04_CODE\D_7.22_CODE_AND_DOCS\evidence_expansion_v2_working\tools\python_v61\rdkit\Contrib\Fastcluster\README.md"	"1592"	"B2ADAC2434AFD6C8A32218A9E20D676683FE8E8EA9D3CE882AB7D81480B4DB61"
"04_CODE\D_7.22_CODE_AND_DOCS\evidence_expansion_v2_working\tools\python_v61\rdkit\Contrib\Fastcluster\testdata\sdf2smi.py"	"372"	"0D5FACF1281C5DBFC597DF726C9440F9E78853C7E71C69B3C127F9AEAA825BBD"
"04_CODE\D_7.22_CODE_AND_DOCS\evidence_expansion_v2_working\tools\python_v61\rdkit\Contrib\fraggle\atomcontrib.py"	"5170"	"57DC62F1DCBFBE070C0FBDB3697C2354B80D3FAEC488B1CCAEF7797EDDF43CE4"
"04_CODE\D_7.22_CODE_AND_DOCS\evidence_expansion_v2_working\tools\python_v61\rdkit\Contrib\fraggle\cxn_tversky.py"	"4253"	"40B75E616766F35573554C7013AF4E85B7A1699EEC698F130786ED52A343CAB4"
"04_CODE\D_7.22_CODE_AND_DOCS\evidence_expansion_v2_working\tools\python_v61\rdkit\Contrib\fraggle\fraggle.py"	"2717"	"3B3CD53DD4E0E8E8172DB7122E0A71C9989A40B6E04C13F6A8CB7CDA258AD81E"
"04_CODE\D_7.22_CODE_AND_DOCS\evidence_expansion_v2_working\tools\python_v61\rdkit\Contrib\fraggle\rdkit_tversky.py"	"3973"	"818B52DF21901936871B229FD57F209D3B521536C0B122D51DDC5265A797AD89"
"04_CODE\D_7.22_CODE_AND_DOCS\evidence_expansion_v2_working\tools\python_v61\rdkit\Contrib\FreeWilson\freewilson.py"	"26195"	"A925E42E2035F846EC057DD371BBF87CFCCFE19C112711142D5C6A2F5FA37B50"
"04_CODE\D_7.22_CODE_AND_DOCS\evidence_expansion_v2_working\tools\python_v61\rdkit\Contrib\FreeWilson\README.md"	"4815"	"36A0E55BE4D1888459DCCD148B55DB85998E2606C02A62F5644B2CED3B369DE3"
"04_CODE\D_7.22_CODE_AND_DOCS\evidence_expansion_v2_working\tools\python_v61\rdkit\Contrib\FreeWilson\setup.py"	"358"	"F511BE38FAE1026FAE8A4F61662D5EF6D2C6496A4404897860426B0F28B7D041"
"04_CODE\D_7.22_CODE_AND_DOCS\evidence_expansion_v2_working\tools\python_v61\rdkit\Contrib\FreeWilson\test\test_freewilson.py"	"3363"	"D033B94D034F47D4C620B4DC7EB1C1D02C33BBABC8CF54A7103D83A03D959C2E"
"04_CODE\D_7.22_CODE_AND_DOCS\evidence_expansion_v2_working\tools\python_v61\rdkit\Contrib\Glare\glare.py"	"16726"	"6250365A775B2E6911F8575E0FEFFA62477DA378605F04B74BAAFB54D7751531"
"04_CODE\D_7.22_CODE_AND_DOCS\evidence_expansion_v2_working\tools\python_v61\rdkit\Contrib\IFG\ifg.py"	"4108"	"92B97A341B5B0CA3A774ED89D7D2EE3B1D06F23EC30055BCCB849F4CFDE9BA60"
"04_CODE\D_7.22_CODE_AND_DOCS\evidence_expansion_v2_working\tools\python_v61\rdkit\Contrib\LEF\AddLabels.py"	"3165"	"812D42947A5D0F5E2B2263460622C320EF3BACBE14829F30CE2DC9AC6AAC2EBD"
"04_CODE\D_7.22_CODE_AND_DOCS\evidence_expansion_v2_working\tools\python_v61\rdkit\Contrib\LEF\ClusterFps.py"	"2840"	"8E8EB2A009EA84CEE6EFCDE890FC260DBED62DB553F06F6D9CCF3BCD1E62AE5B"
"04_CODE\D_7.22_CODE_AND_DOCS\evidence_expansion_v2_working\tools\python_v61\rdkit\Contrib\LEF\CreateFps.py"	"4680"	"7F03C0AD99879972EB406FEC9BC622F11C6E35A7D192A6D25E5059442887CD16"
"04_CODE\D_7.22_CODE_AND_DOCS\evidence_expansion_v2_working\tools\python_v61\rdkit\Contrib\LEF\DistancePlot.py"	"4090"	"10F5DBB6B5041D0D29148C24A6C6FCF2AB5EE4353895E234D9B22916BBFCBB3C"
"04_CODE\D_7.22_CODE_AND_DOCS\evidence_expansion_v2_working\tools\python_v61\rdkit\Contrib\LEF\DistancePredict.py"	"7392"	"265F582AF4CE67EF3B5D33A86A60E6BDD2CCCAD83F9FDEF169D356667997C2AA"
"04_CODE\D_7.22_CODE_AND_DOCS\evidence_expansion_v2_working\tools\python_v61\rdkit\Contrib\M_Kossner\Frames.py"	"6635"	"40B634085BF96A362DA1BD04906FA73A393483CF03B6D2C7181111AB58CAC3DB"
"04_CODE\D_7.22_CODE_AND_DOCS\evidence_expansion_v2_working\tools\python_v61\rdkit\Contrib\mmpa\cansmirk.py"	"2980"	"E2D6C289D522468538F22CDB722BF46BD7C8B0CAB43BA9189BDECED5788DEA76"
"04_CODE\D_7.22_CODE_AND_DOCS\evidence_expansion_v2_working\tools\python_v61\rdkit\Contrib\mmpa\create_mmp_db.py"	"10409"	"8C82F3F5AEAE33FCEE533E67DAEB58283BA7770E7012E656A5A5BCA6C9B53481"
"04_CODE\D_7.22_CODE_AND_DOCS\evidence_expansion_v2_working\tools\python_v61\rdkit\Contrib\mmpa\indexing.py"	"19462"	"E059C832D8004883ECEC1332677FA2C6402D831FFA8C9B586067045F1F5CD53D"
"04_CODE\D_7.22_CODE_AND_DOCS\evidence_expansion_v2_working\tools\python_v61\rdkit\Contrib\mmpa\mol_transform.py"	"4476"	"855608A718B86B80D1B7034B3B56826A3051CC3EAF86DDFD7BE9F8F5BF339301"
"04_CODE\D_7.22_CODE_AND_DOCS\evidence_expansion_v2_working\tools\python_v61\rdkit\Contrib\mmpa\rfrag.py"	"8304"	"4111D3D76D97F066B05EFF852B5983BFB3DC039DF09EA9B9F553FBA67451D948"
"04_CODE\D_7.22_CODE_AND_DOCS\evidence_expansion_v2_working\tools\python_v61\rdkit\Contrib\mmpa\search_mmp_db.py"	"16719"	"0754B6455CEA1467C361227F7D0A7950FC47900CF10ABC7A4A3A8C6D069E59B4"
"04_CODE\D_7.22_CODE_AND_DOCS\evidence_expansion_v2_working\tools\python_v61\rdkit\Contrib\mmpa\test_rfrag.py"	"653"	"DD04E92427FCFC6F0A9BF973EA9570E4412F2B3DDEA7DA0E0293743486ACF7EF"
"04_CODE\D_7.22_CODE_AND_DOCS\evidence_expansion_v2_working\tools\python_v61\rdkit\Contrib\MolVS\molvs_cli.py"	"3762"	"4660ECEAF9771DD7A0A3A8860118E6D43F2BF675784151499B8E6301B8C064DB"
"04_CODE\D_7.22_CODE_AND_DOCS\evidence_expansion_v2_working\tools\python_v61\rdkit\Contrib\NIBRSubstructureFilters\assignSubstructureFilters.py"	"4898"	"5A5DCF306DB0525BA0163B3A48E1401EF640F5C1D05DE78E10F610CECDD14FC4"
"04_CODE\D_7.22_CODE_AND_DOCS\evidence_expansion_v2_working\tools\python_v61\rdkit\Contrib\NIBRSubstructureFilters\README.md"	"6633"	"49FA50009CAB92287CCD9D742FFDAE607CFBE8BCC12466BF8981E445DF85C7E4"
"04_CODE\D_7.22_CODE_AND_DOCS\evidence_expansion_v2_working\tools\python_v61\rdkit\Contrib\NP_Score\npscorer.py"	"4678"	"FF44E9BD6BEAA00ED83D222619919A6DE0F81D57AD13FCE57362DE92A563ED6E"
"04_CODE\D_7.22_CODE_AND_DOCS\evidence_expansion_v2_working\tools\python_v61\rdkit\Contrib\PBF\pbf.py"	"1818"	"367B806029900A6C492A64FEEB16CC296887E291D8CDE44597E44483EF1BA03B"
"04_CODE\D_7.22_CODE_AND_DOCS\evidence_expansion_v2_working\tools\python_v61\rdkit\Contrib\pzc\p_con.py"	"47065"	"5E0E1FE70B5C5DC6961CCBA0586A987B9350CE32A4578F4394BB05060433E24D"
"04_CODE\D_7.22_CODE_AND_DOCS\evidence_expansion_v2_working\tools\python_v61\rdkit\Contrib\pzc\readme.md"	"1534"	"BFFE89D933FCDD2F7BDF85519CEC6FCCFCF0A42A6225754497719D0E1CE899C9"
"04_CODE\D_7.22_CODE_AND_DOCS\evidence_expansion_v2_working\tools\python_v61\rdkit\Contrib\RxnRoleAssignment\__init__.py"	"0"	"E3B0C44298FC1C149AFBF4C8996FB92427AE41E4649B934CA495991B7852B855"
"04_CODE\D_7.22_CODE_AND_DOCS\evidence_expansion_v2_working\tools\python_v61\rdkit\Contrib\RxnRoleAssignment\identifyReactants.py"	"19675"	"5CD887ED4AD3CEE1C2EBF34D3F86E28D58A89B34D692D7139E7A7BB8FEF88D35"
"04_CODE\D_7.22_CODE_AND_DOCS\evidence_expansion_v2_working\tools\python_v61\rdkit\Contrib\RxnRoleAssignment\utils.py"	"3066"	"D8466C2F83BB477D4F87B2D11E5527D411B83E88E8D887BE60F5DE8F2841AAD0"
"04_CODE\D_7.22_CODE_AND_DOCS\evidence_expansion_v2_working\tools\python_v61\rdkit\Contrib\SA_Score\build_sascore_db.py"	"9348"	"7A79659705CE8A7016EA7251FFB2F879020E2E7568B59270A8EDF8C29A19C1A5"
"04_CODE\D_7.22_CODE_AND_DOCS\evidence_expansion_v2_working\tools\python_v61\rdkit\Contrib\SA_Score\sascorer.py"	"6105"	"EB27B3B3D92E024DAFCE02FA09F2C5AEB00BB9279933E8F8EB7D36BB5B3B0D51"
"04_CODE\D_7.22_CODE_AND_DOCS\evidence_expansion_v2_working\tools\python_v61\rdkit\Contrib\SA_Score\UnitTestSAScore.py"	"979"	"7EFF693487617C85A1B9D1378CA616F537E07C477587842F1C14CCF751D30D2F"
"04_CODE\D_7.22_CODE_AND_DOCS\evidence_expansion_v2_working\tools\python_v61\rdkit\Data\DTDs\validate.py"	"135"	"D176483593B49B191397C0AB2B6A5CCB32BD051EA6AD484A1207F6B6DD013172"
"04_CODE\D_7.22_CODE_AND_DOCS\evidence_expansion_v2_working\tools\python_v61\rdkit\Data\Fonts\font_dumper.py"	"1319"	"B7A9F27C10435426DFE961C669DC61C79711246E52C57EC8D1ED136CDC190A4E"
"04_CODE\D_7.22_CODE_AND_DOCS\evidence_expansion_v2_working\tools\python_v61\rdkit\Data\Pains\README.md"	"757"	"CF791AE6C364723614F5F53AC4E28C987C44F8C6F0A99DE531642C8E89E32D29"
"04_CODE\D_7.22_CODE_AND_DOCS\evidence_expansion_v2_working\tools\python_v61\rdkit\Data\Pains\test_data\run_tests.py"	"1270"	"709237522A722AE5B4AAA3D80FA9AF56271312EC43ED1D27D4956ED859F15AE8"
"04_CODE\D_7.22_CODE_AND_DOCS\evidence_expansion_v2_working\tools\python_v61\rdkit\Data\rddata.sql"	"50402"	"E2047D89C81DF04CD57EF7027224D9C74300504C2F5D794D9DC4D0FE38492BBA"
"04_CODE\D_7.22_CODE_AND_DOCS\evidence_expansion_v2_working\tools\python_v61\rdkit\Data\SmartsLib\tests\bench2.py"	"1321"	"5C1638265AB0F03A6EFDF33F5EC733C796445321E3965B90F077F67CE82BC1E3"
"04_CODE\D_7.22_CODE_AND_DOCS\evidence_expansion_v2_working\tools\python_v61\rdkit\DataManip\__init__.py"	"22"	"A64B2A6778F812F2534537037807B03FFDFB1BFC590E9CF779D8CBA8D4FE8085"
"04_CODE\D_7.22_CODE_AND_DOCS\evidence_expansion_v2_working\tools\python_v61\rdkit\DataManip\Metric\__init__.py"	"364"	"13289FD146C61A4CB6714E76DF49FE462978843D0CF5739F912E841A3AE89E37"
"04_CODE\D_7.22_CODE_AND_DOCS\evidence_expansion_v2_working\tools\python_v61\rdkit\DataStructs\__init__.py"	"2045"	"3FA6C4F80944D893022BB7123C0827D659563C760D8A0861C04270EF7B9B7055"
"04_CODE\D_7.22_CODE_AND_DOCS\evidence_expansion_v2_working\tools\python_v61\rdkit\DataStructs\BitEnsemble.py"	"1242"	"9331912AAE714D9AB95DC111F3155ED696AA0C80C2CA27CFE33204689FA45783"
"04_CODE\D_7.22_CODE_AND_DOCS\evidence_expansion_v2_working\tools\python_v61\rdkit\DataStructs\BitEnsembleDb.py"	"1619"	"D1327A4174573D3A0E89765146C3247BE18230CCBF1571824173F844CE8A3D08"
"04_CODE\D_7.22_CODE_AND_DOCS\evidence_expansion_v2_working\tools\python_v61\rdkit\DataStructs\BitUtils.py"	"1174"	"9FEC5A1893C8FFAE93FD4A5F63333CA7669E96EE3093691C3A735563C4A775B1"
"04_CODE\D_7.22_CODE_AND_DOCS\evidence_expansion_v2_working\tools\python_v61\rdkit\DataStructs\HierarchyVis.py"	"3989"	"DE852B644936F4A6765058FBB0E8569D6CE788EC8989F32AAAE84F27C3B0F0ED"
"04_CODE\D_7.22_CODE_AND_DOCS\evidence_expansion_v2_working\tools\python_v61\rdkit\DataStructs\LazySignature.py"	"1544"	"D92571FFC8F806AF28CFCAC7C4CE3DF436848CC8F70205796A9F5AF2472F3A0E"
"04_CODE\D_7.22_CODE_AND_DOCS\evidence_expansion_v2_working\tools\python_v61\rdkit\DataStructs\TopNContainer.py"	"2113"	"FB054234BE71B6E05C1EE94A2660EAA3AD2E8FEAF0738F911A62396B14DD69C4"
"04_CODE\D_7.22_CODE_AND_DOCS\evidence_expansion_v2_working\tools\python_v61\rdkit\DataStructs\VectCollection.py"	"6684"	"9E6E3E29B6553196CC394C9B03844E21781F7FFC85B65FBC535F305453B5DA95"
"04_CODE\D_7.22_CODE_AND_DOCS\evidence_expansion_v2_working\tools\python_v61\rdkit\Dbase\__init__.py"	"351"	"D6D7A7BA717ACBC2D8910297D07EA7232DB41FBC929239A985F98E1D7877A746"
"04_CODE\D_7.22_CODE_AND_DOCS\evidence_expansion_v2_working\tools\python_v61\rdkit\Dbase\DbConnection.py"	"8280"	"12648671A0B6D59E36245EEF9300FF420737B8EA8F7E35063EE74F3A01E3133E"
"04_CODE\D_7.22_CODE_AND_DOCS\evidence_expansion_v2_working\tools\python_v61\rdkit\Dbase\DbInfo.py"	"5530"	"0CAF5A09142A2E3F140C2A7B93108986861B05AAEF2A1042F0795927B02CC61F"
"04_CODE\D_7.22_CODE_AND_DOCS\evidence_expansion_v2_working\tools\python_v61\rdkit\Dbase\DbModule.py"	"2120"	"11A82C679FEC7FEDFDD8F904BF8A0EE82AA7E4342C69B34F4C26079FF4C111D2"
"04_CODE\D_7.22_CODE_AND_DOCS\evidence_expansion_v2_working\tools\python_v61\rdkit\Dbase\DbResultSet.py"	"6335"	"0F8A0D65FA079D9DF6D168A52D88BB35B618FB222252B04132193FA238114AB5"
"04_CODE\D_7.22_CODE_AND_DOCS\evidence_expansion_v2_working\tools\python_v61\rdkit\Dbase\DbUtils.py"	"13988"	"4F2D7B26E44107EA3378FD43CCBF9AEBC45B7443276A345E5F448398CCD41EEA"
"04_CODE\D_7.22_CODE_AND_DOCS\evidence_expansion_v2_working\tools\python_v61\rdkit\Dbase\StorageUtils.py"	"7899"	"DAB81BD8479364B437AD5AC0DDFFCC00D133BDD2E47EAC1C3454A0480A03C39C"
"04_CODE\D_7.22_CODE_AND_DOCS\evidence_expansion_v2_working\tools\python_v61\rdkit\DistanceGeometry\__init__.py"	"47"	"8999690BD83BC5A932E374F0D66D7651E2E6F2CA89FEBD7CF616A55439C998A4"
"04_CODE\D_7.22_CODE_AND_DOCS\evidence_expansion_v2_working\tools\python_v61\rdkit\ForceField\__init__.py"	"45"	"7FBECAEE9BDA955FD512DB8D9F612F0162320A6485467A4C5B4FB16BB17559FA"
"04_CODE\D_7.22_CODE_AND_DOCS\evidence_expansion_v2_working\tools\python_v61\rdkit\Geometry\__init__.py"	"114"	"D6EDE6C30711D2066DF2C06A9D8E0D127686F69BA40299A50D2F5AA98667F828"
"04_CODE\D_7.22_CODE_AND_DOCS\evidence_expansion_v2_working\tools\python_v61\rdkit\ML\__init__.py"	"350"	"DAA1FBC00CD467483C085E628D5DF721F477C46EE47C4DF5BC1F54E2CD4EE811"
"04_CODE\D_7.22_CODE_AND_DOCS\evidence_expansion_v2_working\tools\python_v61\rdkit\ML\Cluster\__init__.py"	"0"	"E3B0C44298FC1C149AFBF4C8996FB92427AE41E4649B934CA495991B7852B855"
"04_CODE\D_7.22_CODE_AND_DOCS\evidence_expansion_v2_working\tools\python_v61\rdkit\ML\Cluster\Butina.py"	"5691"	"23CF9266411D67B561FC52BB302347C9AE2B88124937168E92B81E72F02C638E"
"04_CODE\D_7.22_CODE_AND_DOCS\evidence_expansion_v2_working\tools\python_v61\rdkit\ML\Cluster\Clusters.py"	"8109"	"A078A0834FA952CA86059ECC15DED4DD69EC03412D6E074D9CF140456BA4DEAE"
"04_CODE\D_7.22_CODE_AND_DOCS\evidence_expansion_v2_working\tools\python_v61\rdkit\ML\Cluster\ClusterUtils.py"	"4586"	"1F77F61E1C51F709D37F36FBC9972283C5C252871D44F0D063AB39F862DAA7C2"
"04_CODE\D_7.22_CODE_AND_DOCS\evidence_expansion_v2_working\tools\python_v61\rdkit\ML\Cluster\ClusterVis.py"	"15827"	"80EB59D01399A3EAFBBAA1DB25C348735EC455AE0D48797D7036D3C37CEA8121"
"04_CODE\D_7.22_CODE_AND_DOCS\evidence_expansion_v2_working\tools\python_v61\rdkit\ML\Cluster\Murtagh.py"	"3213"	"034B79883CA75D0C7A7CA8DBD1583902CAE2C75230F93850661847AD85D659BB"
"04_CODE\D_7.22_CODE_AND_DOCS\evidence_expansion_v2_working\tools\python_v61\rdkit\ML\Cluster\murtagh_test.py"	"916"	"1BDC67C98B2BDE764620E57028B9EC06EECFCC042521A4DCF87DE5B09E7B07CF"
"04_CODE\D_7.22_CODE_AND_DOCS\evidence_expansion_v2_working\tools\python_v61\rdkit\ML\Cluster\Resemblance.py"	"3385"	"16B064D774795E2954EE1C307348313DBFE30DA7204F1E2ED415218AD31AD5F5"
"04_CODE\D_7.22_CODE_AND_DOCS\evidence_expansion_v2_working\tools\python_v61\rdkit\ML\Cluster\Standardize.py"	"694"	"FF9C0E0B99CB76633C20E748E895FF6F4B6041CA745937CE877328BD0B851F98"
"04_CODE\D_7.22_CODE_AND_DOCS\evidence_expansion_v2_working\tools\python_v61\rdkit\ML\Data\__init__.py"	"0"	"E3B0C44298FC1C149AFBF4C8996FB92427AE41E4649B934CA495991B7852B855"
"04_CODE\D_7.22_CODE_AND_DOCS\evidence_expansion_v2_working\tools\python_v61\rdkit\ML\Data\DataUtils.py"	"18364"	"36341E211AD926A5BCD781963CC7ACFC68A7972A36AE486E370076E576DA5CB7"
"04_CODE\D_7.22_CODE_AND_DOCS\evidence_expansion_v2_working\tools\python_v61\rdkit\ML\Data\FindQuantBounds.py"	"1720"	"5A5FF27171D36F615218B339FDECA7483F66C5F53B0FF51A11B5F72276D500DD"
"04_CODE\D_7.22_CODE_AND_DOCS\evidence_expansion_v2_working\tools\python_v61\rdkit\ML\Data\MLData.py"	"10794"	"91767BB2E499C7FE883BD443238091FC4984990586076EA1915A733AAA00C220"
"04_CODE\D_7.22_CODE_AND_DOCS\evidence_expansion_v2_working\tools\python_v61\rdkit\ML\Data\Quantize.py"	"10965"	"9861AD41E863A6BCB47CF56CD91E09DA85A9EF1FC4E11BDB91CD9AA8641321FF"
"04_CODE\D_7.22_CODE_AND_DOCS\evidence_expansion_v2_working\tools\python_v61\rdkit\ML\Data\SplitData.py"	"9121"	"44A4B621F198D644BA749DC27457C162F6A2BF15A3850F83F80C87F57DCADEDB"
"04_CODE\D_7.22_CODE_AND_DOCS\evidence_expansion_v2_working\tools\python_v61\rdkit\ML\Data\Stats.py"	"7307"	"22DA19C64B97770FCEC7277D2E9EDDCA0D071842B40A10FDFD5387ECDC894271"
"04_CODE\D_7.22_CODE_AND_DOCS\evidence_expansion_v2_working\tools\python_v61\rdkit\ML\Data\Transforms.py"	"928"	"407F3152612C3441CDA7D2289DA9AC215FBF503634B1F08F3CC95DCE3D307C16"
"04_CODE\D_7.22_CODE_AND_DOCS\evidence_expansion_v2_working\tools\python_v61\rdkit\ML\Descriptors\__init__.py"	"0"	"E3B0C44298FC1C149AFBF4C8996FB92427AE41E4649B934CA495991B7852B855"
"04_CODE\D_7.22_CODE_AND_DOCS\evidence_expansion_v2_working\tools\python_v61\rdkit\ML\Descriptors\CompoundDescriptors.py"	"14608"	"3BB15111742B2456D482DC58A078CB7D7070F0253B4F04720DB4EE98100088DF"
"04_CODE\D_7.22_CODE_AND_DOCS\evidence_expansion_v2_working\tools\python_v61\rdkit\ML\Descriptors\Descriptors.py"	"1620"	"047092D295936D786E294D37586C2294844000193531C7B3E37AEA9E1BE18054"
"04_CODE\D_7.22_CODE_AND_DOCS\evidence_expansion_v2_working\tools\python_v61\rdkit\ML\Descriptors\MoleculeDescriptors.py"	"3362"	"B8334AD71BF737D5B5BFA7895778577A1AB74CB26521795A8827998FD8D342D1"
"04_CODE\D_7.22_CODE_AND_DOCS\evidence_expansion_v2_working\tools\python_v61\rdkit\ML\Descriptors\Parser.py"	"12881"	"12789D1A523F5635A239938120F30D04F2788DD61563657F1B09C4CF578ECAD4"
"04_CODE\D_7.22_CODE_AND_DOCS\evidence_expansion_v2_working\tools\python_v61\rdkit\ML\files.py"	"2593"	"79F8456B80258890DC922F1670E39AFE945BDC317105F8FDD2D7C282EAC523F5"
"04_CODE\D_7.22_CODE_AND_DOCS\evidence_expansion_v2_working\tools\python_v61\rdkit\ML\InfoTheory\__init__.py"	"93"	"5953DA9A49F688204C95C2288546589E90EE100A7232AEA6AD292DE0F5C9ABEF"
"04_CODE\D_7.22_CODE_AND_DOCS\evidence_expansion_v2_working\tools\python_v61\rdkit\ML\InfoTheory\BitClusterer.py"	"2395"	"CBEDD0476AD724E174E477848A62846C359847436C2EA7C91B35D36B2D676FD1"
"04_CODE\D_7.22_CODE_AND_DOCS\evidence_expansion_v2_working\tools\python_v61\rdkit\ML\InfoTheory\BitRank.py"	"5682"	"D96B9AF9E61F66218EB9136F88CF710D42B6A85F17A7F3070BA6309C22D112EA"
"04_CODE\D_7.22_CODE_AND_DOCS\evidence_expansion_v2_working\tools\python_v61\rdkit\ML\InfoTheory\entropy.py"	"2922"	"C9D992EF6F355583E6DB596ED8718A0340615D11EDDD1F90DDFA15769EA92D9B"
"04_CODE\D_7.22_CODE_AND_DOCS\evidence_expansion_v2_working\tools\python_v61\rdkit\ML\MatOps.py"	"794"	"CA49E559D9E179BF8D59A4C0DBC2D7EFBD168D8EDECA28AC9260731B7FF3A1CD"
"04_CODE\D_7.22_CODE_AND_DOCS\evidence_expansion_v2_working\tools\python_v61\rdkit\ML\MLUtils\__init__.py"	"0"	"E3B0C44298FC1C149AFBF4C8996FB92427AE41E4649B934CA495991B7852B855"
"04_CODE\D_7.22_CODE_AND_DOCS\evidence_expansion_v2_working\tools\python_v61\rdkit\ML\MLUtils\VoteImg.py"	"6254"	"62096418E41F76861DCACD18354834B25BCD8F5CB5418573E98829CE72424D26"
"04_CODE\D_7.22_CODE_AND_DOCS\evidence_expansion_v2_working\tools\python_v61\rdkit\ML\Scoring\__init__.py"	"0"	"E3B0C44298FC1C149AFBF4C8996FB92427AE41E4649B934CA495991B7852B855"
"04_CODE\D_7.22_CODE_AND_DOCS\evidence_expansion_v2_working\tools\python_v61\rdkit\ML\Scoring\Scoring.py"	"6589"	"9F94622DFEAA85313A48887B5EA5CD60A8F993AA6D11FC5E08A2A9765E700D0F"
"04_CODE\D_7.22_CODE_AND_DOCS\evidence_expansion_v2_working\tools\python_v61\rdkit\ML\SLT\__init__.py"	"0"	"E3B0C44298FC1C149AFBF4C8996FB92427AE41E4649B934CA495991B7852B855"
"04_CODE\D_7.22_CODE_AND_DOCS\evidence_expansion_v2_working\tools\python_v61\rdkit\ML\SLT\Risk.py"	"3200"	"9420631C6118C0043745B85814E55D177DAA4F828A352CA68A84F5B8E929F3C7"
"04_CODE\D_7.22_CODE_AND_DOCS\evidence_expansion_v2_working\tools\python_v61\rdkit\Numerics\__init__.py"	"95"	"B5FED8DAB97874F799440058552E83D95C10DE0280FA21D2AE2976885C000BA0"
"04_CODE\D_7.22_CODE_AND_DOCS\evidence_expansion_v2_working\tools\python_v61\rdkit\RDConfig.py"	"2241"	"8313EA753B726417CE83BBF62D4D7F8ECA7D242EF19A026F7988DDDA804CA65A"
"04_CODE\D_7.22_CODE_AND_DOCS\evidence_expansion_v2_working\tools\python_v61\rdkit\RDLogger.py"	"1659"	"712453550F0EB06DC45B631ADDD54ADF713A22FF00171896024010CD1BB36933"
"04_CODE\D_7.22_CODE_AND_DOCS\evidence_expansion_v2_working\tools\python_v61\rdkit\RDPaths.py"	"475"	"D332343389A4803D75B737F380ACF3BA73AF23A4102A892DA8A428ED5D673894"
"04_CODE\D_7.22_CODE_AND_DOCS\evidence_expansion_v2_working\tools\python_v61\rdkit\RDRandom.py"	"1648"	"219934B70EAE70EB052FF72E27B65106E68A93E725871D7F55D905DF5F74B3D0"
"04_CODE\D_7.22_CODE_AND_DOCS\evidence_expansion_v2_working\tools\python_v61\rdkit\SimDivFilters\__init__.py"	"264"	"6CE2FC6571147BEC7D98439CF8C778B4116944262B54714F28CC153F547DE974"
"04_CODE\D_7.22_CODE_AND_DOCS\evidence_expansion_v2_working\tools\python_v61\rdkit\SimDivFilters\SimilarityPickers.py"	"7581"	"A6D20D7D89D4A1AFF6070A293AE555F441C2402CAF92B856B7758880BDC71E96"
"04_CODE\D_7.22_CODE_AND_DOCS\evidence_expansion_v2_working\tools\python_v61\rdkit\sping\__init__.py"	"159"	"F49C060BA92A44F64E872C5961678D4C3AA1648F3CCBCB7F763C9AD6BE8A01C1"
"04_CODE\D_7.22_CODE_AND_DOCS\evidence_expansion_v2_working\tools\python_v61\rdkit\sping\colors.py"	"7161"	"A75E2629A2BEC7AFD8616823EE13A16FE3788167FC4FCF35A66DC4C8CE9D710A"
"04_CODE\D_7.22_CODE_AND_DOCS\evidence_expansion_v2_working\tools\python_v61\rdkit\sping\examples\formatted-strings.py"	"1314"	"2A76633B38ED94399190C3B2089258CA9C5D16B7D33085C1036F5333AED2F3D7"
"04_CODE\D_7.22_CODE_AND_DOCS\evidence_expansion_v2_working\tools\python_v61\rdkit\sping\examples\tkCanvasPIL-with-scrollbars.py"	"2678"	"35DB5A01125A19553A6DC1D5728ED6DEC75BBCFCE082B675B445A0E0498F8047"
"04_CODE\D_7.22_CODE_AND_DOCS\evidence_expansion_v2_working\tools\python_v61\rdkit\sping\examples\tkCanvas-with-scrollbars.py"	"2686"	"394210A16AE6F0E1ADA0899F108FA473319025C99AB6739BA2655AFD09017808"
"04_CODE\D_7.22_CODE_AND_DOCS\evidence_expansion_v2_working\tools\python_v61\rdkit\sping\pagesizes.py"	"629"	"4E86EA99BCD643AA4EA33D3FB501A065A3A2678027E1C97A4E9639BD66E7DBF1"
"04_CODE\D_7.22_CODE_AND_DOCS\evidence_expansion_v2_working\tools\python_v61\rdkit\sping\PDF\__init__.py"	"23"	"3FFD246516BAE2F75071597360EEAE4E176D75D3A2FC7CAFFC03CD115CB7D2D1"
"04_CODE\D_7.22_CODE_AND_DOCS\evidence_expansion_v2_working\tools\python_v61\rdkit\sping\PDF\pdfdoc.py"	"16077"	"28A3D10E4F0B1C1F923C8422DCA41068193BD179941BDBC5884C0B27D70CCC1B"
"04_CODE\D_7.22_CODE_AND_DOCS\evidence_expansion_v2_working\tools\python_v61\rdkit\sping\PDF\pdfgen.py"	"39221"	"E7EC711FC09EFDE00375CCD596396C8EA653DE787656B47801018D75474D8A02"
"04_CODE\D_7.22_CODE_AND_DOCS\evidence_expansion_v2_working\tools\python_v61\rdkit\sping\PDF\pdfgeom.py"	"2482"	"EAE77FBEFD5BE863832D86B4B31A137DD56526E17DE35F47D2B54158289C28B2"
"04_CODE\D_7.22_CODE_AND_DOCS\evidence_expansion_v2_working\tools\python_v61\rdkit\sping\PDF\pdfmetrics.py"	"20876"	"436FE16041478A06730CA198F515EDCD01ED50EE238556F6CAA56FEF0A9B839D"
"04_CODE\D_7.22_CODE_AND_DOCS\evidence_expansion_v2_working\tools\python_v61\rdkit\sping\PDF\pdfutils.py"	"10108"	"4763EAA3E94762B393FD3F9E49416CE261DB1540AD77D0FBBF0AF845DAB15352"
"04_CODE\D_7.22_CODE_AND_DOCS\evidence_expansion_v2_working\tools\python_v61\rdkit\sping\PDF\pidPDF.py"	"23794"	"6E531FF96902790D38A64AAB896FB4877F929436478ED774246E93E965AC01E4"
"04_CODE\D_7.22_CODE_AND_DOCS\evidence_expansion_v2_working\tools\python_v61\rdkit\sping\pid.py"	"22137"	"14CD11028D5BF8BD521E08C399448834B314252AF6C4A760E690B47A590F4E73"
"04_CODE\D_7.22_CODE_AND_DOCS\evidence_expansion_v2_working\tools\python_v61\rdkit\sping\PIL\__init__.py"	"34"	"BDB776D042F8F2DEF5EA2CB2A190D240AADC20209C90E6018A0DDF4FD3C90AFF"
"04_CODE\D_7.22_CODE_AND_DOCS\evidence_expansion_v2_working\tools\python_v61\rdkit\sping\PIL\pidPIL.py"	"14770"	"90D9A5A14FA50B4CA4D476772F911F08FB33C2092990BC1A4DCBD2BA6CBA1161"
"04_CODE\D_7.22_CODE_AND_DOCS\evidence_expansion_v2_working\tools\python_v61\rdkit\sping\PIL\pilfonts\removemedium.py"	"220"	"830321BF54DDB6B03D82A568487B4956C4E8B1829078038F364926181E91F263"
"04_CODE\D_7.22_CODE_AND_DOCS\evidence_expansion_v2_working\tools\python_v61\rdkit\sping\PS\__init__.py"	"33"	"7D39B3D2E95E12D2E1545AF64A8F72A6898164D573E1154CCBD9B6FE50FCE279"
"04_CODE\D_7.22_CODE_AND_DOCS\evidence_expansion_v2_working\tools\python_v61\rdkit\sping\PS\fontinfo.py"	"342"	"756A440605492227C66B372A7B63C6A047B27A7DC3D4F37F9551865195C685F9"
"04_CODE\D_7.22_CODE_AND_DOCS\evidence_expansion_v2_working\tools\python_v61\rdkit\sping\PS\latin1MetricsCache.py"	"19304"	"D848A5C9E1EB3F30BEF455E293D66138EACCCBA39602AC1754C38B5914D3BCA0"
"04_CODE\D_7.22_CODE_AND_DOCS\evidence_expansion_v2_working\tools\python_v61\rdkit\sping\PS\pidPS.py"	"35749"	"9DA4CF2652E00A7B5A825E1DC7AB8C98B6F2B872AB70346B9E736DB7FFA42F0D"
"04_CODE\D_7.22_CODE_AND_DOCS\evidence_expansion_v2_working\tools\python_v61\rdkit\sping\PS\psmetrics.py"	"17868"	"AE753D9B88735B8FBC59E0E163B661FA14B3B17516475E23C49B68F7D844BF03"
"04_CODE\D_7.22_CODE_AND_DOCS\evidence_expansion_v2_working\tools\python_v61\rdkit\sping\Pyart\__init__.py"	"43"	"B574FE04BD048CBCC3B2B1681AB3494A63CD37C90A8D9E5F65C606AA79003016"
"04_CODE\D_7.22_CODE_AND_DOCS\evidence_expansion_v2_working\tools\python_v61\rdkit\sping\Pyart\Fontmapping.py"	"3266"	"4DE50CD1B3348C162092E69EC0E691D15A35AD4649A1465CA42089AB9D627DDC"
"04_CODE\D_7.22_CODE_AND_DOCS\evidence_expansion_v2_working\tools\python_v61\rdkit\sping\Pyart\pidPyart.py"	"8553"	"A587490E514BC1D3D7CBB27A3033F96A464F61A107E593FEA4FA6AA283809FDD"
"04_CODE\D_7.22_CODE_AND_DOCS\evidence_expansion_v2_working\tools\python_v61\rdkit\sping\Qt\__init__.py"	"0"	"E3B0C44298FC1C149AFBF4C8996FB92427AE41E4649B934CA495991B7852B855"
"04_CODE\D_7.22_CODE_AND_DOCS\evidence_expansion_v2_working\tools\python_v61\rdkit\sping\Qt\pidQt.py"	"11607"	"782CBA3E4972A697EEAAD0AFD1ACFDEFFE602C9C532F3E239EB169829B48C7DD"
"04_CODE\D_7.22_CODE_AND_DOCS\evidence_expansion_v2_working\tools\python_v61\rdkit\sping\Qt\pidQt4.py"	"11049"	"F9FC524887F60CCE1D7439D95113E57B8B4091FF540B945DA8E0B133FAC2005E"
"04_CODE\D_7.22_CODE_AND_DOCS\evidence_expansion_v2_working\tools\python_v61\rdkit\sping\ReportLab\__init__.py"	"0"	"E3B0C44298FC1C149AFBF4C8996FB92427AE41E4649B934CA495991B7852B855"
"04_CODE\D_7.22_CODE_AND_DOCS\evidence_expansion_v2_working\tools\python_v61\rdkit\sping\ReportLab\pidReportLab.py"	"10722"	"AD0628382CDA8173660F4155E80AADF2D833371FABE9B758387C334FDFA045BD"
"04_CODE\D_7.22_CODE_AND_DOCS\evidence_expansion_v2_working\tools\python_v61\rdkit\sping\stringformat.py"	"18489"	"583CB45A7847B85011D31FAF78CE00656A80BB2FDF9144DD9FC070E19E9596B8"
"04_CODE\D_7.22_CODE_AND_DOCS\evidence_expansion_v2_working\tools\python_v61\rdkit\sping\SVG\__init__.py"	"47"	"0CA3C9F8804954E287FA1A0D111A3E95F2FA0FB2879511F039A1EE1CBC681A65"
"04_CODE\D_7.22_CODE_AND_DOCS\evidence_expansion_v2_working\tools\python_v61\rdkit\sping\SVG\pidSVG.py"	"24423"	"E2FDF29FC2810A2C320D2A617F813305B96763A8264CEA68A7C5CE0273D3CA28"
"04_CODE\D_7.22_CODE_AND_DOCS\evidence_expansion_v2_working\tools\python_v61\rdkit\sping\tests\__init__.py"	"27"	"2F29A84957854FFD6951EF369E663FB6168A24D57DEF525D8FF1B4A79E2423C1"
"04_CODE\D_7.22_CODE_AND_DOCS\evidence_expansion_v2_working\tools\python_v61\rdkit\sping\tests\pidtest.py"	"14943"	"8FDA29EB4874409E72764E58D260B1EE1B4694C4B469FD59EA85A99DCFAC2917"
"04_CODE\D_7.22_CODE_AND_DOCS\evidence_expansion_v2_working\tools\python_v61\rdkit\sping\tests\pstests.py"	"451"	"262D7A48A066009AE0D094030B780469BFF76D528D9C91463D38CC0657AB1C71"
"04_CODE\D_7.22_CODE_AND_DOCS\evidence_expansion_v2_working\tools\python_v61\rdkit\sping\tests\testallps.py"	"1019"	"D783D63A9BA26F3F35D5E5D46A479E1E5796F15CBB65E387987FE7A80055CB89"
"04_CODE\D_7.22_CODE_AND_DOCS\evidence_expansion_v2_working\tools\python_v61\rdkit\sping\TK\__init__.py"	"21"	"D4C656733B3800CB4F42F23902368688E0E2EE57D578B2164815772D207E69ED"
"04_CODE\D_7.22_CODE_AND_DOCS\evidence_expansion_v2_working\tools\python_v61\rdkit\sping\TK\pidTK.py"	"16887"	"732A3D6BD999D372B1BF9CF6747F82221347C531C2189A9B9A6FFA238E4C366D"
"04_CODE\D_7.22_CODE_AND_DOCS\evidence_expansion_v2_working\tools\python_v61\rdkit\sping\util\__init__.py"	"17"	"906F6B06D8637FD3A203A96D904E61F71B40ADF4CFA78D5E8941BBA24763AF00"
"04_CODE\D_7.22_CODE_AND_DOCS\evidence_expansion_v2_working\tools\python_v61\rdkit\sping\util\HTMLPiddler.py"	"12895"	"15F6BC7F85CF6FB819AC89F500274FED4B1598FE5E1C38A66921540B8A7FE8B9"
"04_CODE\D_7.22_CODE_AND_DOCS\evidence_expansion_v2_working\tools\python_v61\rdkit\sping\utils.py"	"330"	"92FA815013E38A3B99E0E167069E3EF13D37DA8147FDB210F92AFB0F90D9997D"
"04_CODE\D_7.22_CODE_AND_DOCS\evidence_expansion_v2_working\tools\python_v61\rdkit\sping\WX\__init__.py"	"21"	"7227DDD4D00F0392ACA64A1302670BE9FAED878306487E7175CF2377FA757028"
"04_CODE\D_7.22_CODE_AND_DOCS\evidence_expansion_v2_working\tools\python_v61\rdkit\sping\WX\pidWX.py"	"13158"	"E60D9A6F9A20EA4F2B827893AE95606C466B7581857DAC2C2F495F09B0484063"
"04_CODE\D_7.22_CODE_AND_DOCS\evidence_expansion_v2_working\tools\python_v61\rdkit\sping\WX\pidWxDc.py"	"9034"	"01D1C87DDEC77A04E43A234080E36119ECE27F915AD6E9CC1714EEBF97035C04"
"04_CODE\D_7.22_CODE_AND_DOCS\evidence_expansion_v2_working\tools\python_v61\rdkit\TestRunner.py"	"3736"	"499C85B6C620FE5E48C88EED1A3AA3731B53490FA1872C445D0BF96C8779BB52"
"04_CODE\D_7.22_CODE_AND_DOCS\evidence_expansion_v2_working\tools\python_v61\rdkit\utils\__init__.py"	"0"	"E3B0C44298FC1C149AFBF4C8996FB92427AE41E4649B934CA495991B7852B855"
"04_CODE\D_7.22_CODE_AND_DOCS\evidence_expansion_v2_working\tools\python_v61\rdkit\utils\cactvs.py"	"1855"	"40EBAA9110D9C900890AD23842F42DAB8FE7E1AF0695CD04E3F44F1B93717C34"
"04_CODE\D_7.22_CODE_AND_DOCS\evidence_expansion_v2_working\tools\python_v61\rdkit\utils\chemdraw.py"	"12280"	"823441C6116576A7629F7DF12D69FBCF5402C3C72282C8E65A37898CD4E3A23E"
"04_CODE\D_7.22_CODE_AND_DOCS\evidence_expansion_v2_working\tools\python_v61\rdkit\utils\chemdraw_qax.py"	"2566"	"31EA97E3593F202DCA8AC736EEBD0D82776A0BDC5C7B59C96C1B888CD81D9BA7"
"04_CODE\D_7.22_CODE_AND_DOCS\evidence_expansion_v2_working\tools\python_v61\rdkit\utils\chemutils.py"	"4797"	"712E753931C89A2F090FF1F66797E37717D3B8DA9526EB8E842D2E45354A1782"
"04_CODE\D_7.22_CODE_AND_DOCS\evidence_expansion_v2_working\tools\python_v61\rdkit\utils\fileutils.py"	"1049"	"7CE562BF8789D9A760C0735A721DB052D97915B5928596116F01AACBF39F0A9D"
"04_CODE\D_7.22_CODE_AND_DOCS\evidence_expansion_v2_working\tools\python_v61\rdkit\utils\listutils.py"	"1253"	"65B72207E14ADCBA7AC7C811A15E598760DC9F50DD56E381CD9D9FE3C6CA84A8"
"04_CODE\D_7.22_CODE_AND_DOCS\evidence_expansion_v2_working\tools\python_v61\rdkit\utils\spiral.py"	"1887"	"2421CAE3DC9A4858442D9018A1823E534EDEF641AF7315C56B5F817AF25DE624"
"04_CODE\D_7.22_CODE_AND_DOCS\evidence_expansion_v2_working\tools\python_v61\rdkit\VLib\__init__.py"	"14"	"0ABC22DF692CB0BC6CCD8488A9FF7B1B897E2CA753CEE33E9B12A75AF95B2DBF"
"04_CODE\D_7.22_CODE_AND_DOCS\evidence_expansion_v2_working\tools\python_v61\rdkit\VLib\Filter.py"	"2845"	"FB0C41E6F97BAA9ECAFA42F5D5B700AE000346E9DDC4858D9A45B6404345CCAE"
"04_CODE\D_7.22_CODE_AND_DOCS\evidence_expansion_v2_working\tools\python_v61\rdkit\VLib\Node.py"	"4759"	"A5FEFFB4BDAE09544F247943209417E6C742F3257803D7E8AD5AF30D935337AB"
"04_CODE\D_7.22_CODE_AND_DOCS\evidence_expansion_v2_working\tools\python_v61\rdkit\VLib\NodeLib\__init__.py"	"96"	"0FE6B20A64D887F28BDBC94328A97043935E9F576D3DAAB512A67193976858CF"
"04_CODE\D_7.22_CODE_AND_DOCS\evidence_expansion_v2_working\tools\python_v61\rdkit\VLib\NodeLib\DbMolSupply.py"	"1754"	"FB61684E6E348F0EC29E5F9D7DFFD57689C1593CA5A698B123D151386CE7B73D"
"04_CODE\D_7.22_CODE_AND_DOCS\evidence_expansion_v2_working\tools\python_v61\rdkit\VLib\NodeLib\DbPickleSupplier.py"	"5958"	"596A4891D6F2FDD5757228589BE2310B5E951C7A88A18EFC99A7A232DA84E098"
"04_CODE\D_7.22_CODE_AND_DOCS\evidence_expansion_v2_working\tools\python_v61\rdkit\VLib\NodeLib\demo.py"	"2042"	"D86F1D1C05F6647D5ED37FCD69B64920426247D384869EF47151B8B18F06EE2D"
"04_CODE\D_7.22_CODE_AND_DOCS\evidence_expansion_v2_working\tools\python_v61\rdkit\VLib\NodeLib\SDSupply.py"	"1462"	"E97F745EA3E5978890F9102E2640CA71129EED152279880AC2FC4E628CA864E1"
"04_CODE\D_7.22_CODE_AND_DOCS\evidence_expansion_v2_working\tools\python_v61\rdkit\VLib\NodeLib\SmartsMolFilter.py"	"2772"	"8E6E35CDBCD1E60A60B8CC40E3AA4B62A0B6B95FC2854AEBDD3C4CB3C232AD17"
"04_CODE\D_7.22_CODE_AND_DOCS\evidence_expansion_v2_working\tools\python_v61\rdkit\VLib\NodeLib\SmartsRemover.py"	"4034"	"0D0E29352405A57F3E68117B76F8D835C654964A093390184884B95B23DE767F"
"04_CODE\D_7.22_CODE_AND_DOCS\evidence_expansion_v2_working\tools\python_v61\rdkit\VLib\NodeLib\SmilesDupeFilter.py"	"1567"	"BD58B242E1EAC45D448F06B1425FA6AF1DAB6BD298E906211C909E85A52903CA"
"04_CODE\D_7.22_CODE_AND_DOCS\evidence_expansion_v2_working\tools\python_v61\rdkit\VLib\NodeLib\SmilesOutput.py"	"2077"	"ADC582110875575F58DC041D6B2805C51FE742E8E8D63ED0BAECD207A8B196E7"
"04_CODE\D_7.22_CODE_AND_DOCS\evidence_expansion_v2_working\tools\python_v61\rdkit\VLib\NodeLib\SmilesSupply.py"	"1974"	"20DD3A14F7791A40DFF7251084C69AFE87344B41957934D4ECFE40BD9AB3590D"
"04_CODE\D_7.22_CODE_AND_DOCS\evidence_expansion_v2_working\tools\python_v61\rdkit\VLib\Output.py"	"1726"	"C0A4DEB183033037B1ED13CFB0E63A5B50395DA3EFE799B2D7192296E1902518"
"04_CODE\D_7.22_CODE_AND_DOCS\evidence_expansion_v2_working\tools\python_v61\rdkit\VLib\Supply.py"	"1577"	"620A4625C09CF1CB74DCCB69A039CAFEBA0332A7851270F532D131189BC4F350"
"04_CODE\D_7.22_CODE_AND_DOCS\evidence_expansion_v2_working\tools\python_v61\rdkit\VLib\Transform.py"	"2126"	"E36B61852C72C1E439860538523FF2FDAAFC02D0A5B5F55A05C4C1959D126E21"
"04_CODE\D_7.22_CODE_AND_DOCS\evidence_expansion_v2_working\tools\python_v61\rdkit-2026.3.4.dist-info\LICENSE.md"	"1098"	"F4845FB8A7907BEFF122616D398E936D0FF1C7B915E173C92FA4928270B2DB08"
"04_CODE\D_7.22_CODE_AND_DOCS\evidence_expansion_v2_working\tools\python_v61\rdkit-stubs\__init__.py"	"325"	"3548485A6C03FCC294F8F4E6BCFC806881C276726AF4E2B91F3753DF10FDB132"
"04_CODE\D_7.22_CODE_AND_DOCS\figure_revision_v2_physicochemical\build_revised_panels_v2.py"	"45084"	"840EB37EA270CA8BB5B533F409698CC87B2623531304E4BCE3108B66DA98D3C1"
"04_CODE\D_7.22_CODE_AND_DOCS\figure_revision_v2_physicochemical\CAPTIONS_REVISED_TRIAL_v1.md"	"3315"	"C38A096F6DE8381AE332F47CF0D5D17BBF0A42957488BD849D3D9D404691AA78"
"04_CODE\D_7.22_CODE_AND_DOCS\figure_revision_v2_physicochemical\CAPTIONS_REVISED_TRIAL_v2.md"	"3315"	"C38A096F6DE8381AE332F47CF0D5D17BBF0A42957488BD849D3D9D404691AA78"
"04_CODE\D_7.22_CODE_AND_DOCS\membrane_master_v5_working\configs\release_tiers.yaml"	"1159"	"546EAEF204F2C6DFD7910022D6E52E02DF561BF37F2169C4FC84C029E7F330A7"
"04_CODE\D_7.22_CODE_AND_DOCS\membrane_master_v5_working\raw\membranome_main.js"	"7874978"	"018395DA0F04535E969BEBA7D8A030B1AF1D964E1E0D429C642E90FFBC4539E0"
"04_CODE\D_7.22_CODE_AND_DOCS\membrane_master_v5_working\raw\opm_main.js"	"7231706"	"440E5363FC0180A43B041D58B43A0A5D4A80BAE040E1B47201B2BAACA2D26D1E"
"04_CODE\D_7.22_CODE_AND_DOCS\membrane_master_v5_working\release\COMPLETENESS_REPORT_v5.md"	"1550"	"A5A0D6F101E672D85A214330A5CEFB3E70D775E7559F49F9FECE08C862143F93"
"04_CODE\D_7.22_CODE_AND_DOCS\membrane_master_v5_working\release\DATA_DICTIONARY_v5.md"	"1854"	"69BFC02079223EFB15EE09AA0BAD51765D99911F5B5730AB5408BFA0552BB095"
"04_CODE\D_7.22_CODE_AND_DOCS\membrane_master_v5_working\release\INCLUSION_POLICY_v5.md"	"718"	"87BDB7A69DE955E661FC25B968260F7DAF96350B9E7E9632F28EFDBF29A702F7"
"04_CODE\D_7.22_CODE_AND_DOCS\membrane_master_v5_working\release\METHODS_v5.md"	"2677"	"5EA9F5AC8071E08414D86D780E640C6F70B7E99AECC387BFFE61530E5A2493AC"
"04_CODE\D_7.22_CODE_AND_DOCS\membrane_master_v5_working\release\README_v5.md"	"2817"	"9FA18F831BA51204D444FE0B55CD9BD0D13DDEB71062794A11F9320430821123"
"04_CODE\D_7.22_CODE_AND_DOCS\membrane_master_v5_working\releases\release_v5\COMPLETENESS_REPORT_v5.md"	"1550"	"A5A0D6F101E672D85A214330A5CEFB3E70D775E7559F49F9FECE08C862143F93"
"04_CODE\D_7.22_CODE_AND_DOCS\membrane_master_v5_working\releases\release_v5\DATA_DICTIONARY_v5.md"	"1854"	"69BFC02079223EFB15EE09AA0BAD51765D99911F5B5730AB5408BFA0552BB095"
"04_CODE\D_7.22_CODE_AND_DOCS\membrane_master_v5_working\releases\release_v5\INCLUSION_POLICY_v5.md"	"718"	"87BDB7A69DE955E661FC25B968260F7DAF96350B9E7E9632F28EFDBF29A702F7"
"04_CODE\D_7.22_CODE_AND_DOCS\membrane_master_v5_working\releases\release_v5\METHODS_v5.md"	"2677"	"5EA9F5AC8071E08414D86D780E640C6F70B7E99AECC387BFFE61530E5A2493AC"
"04_CODE\D_7.22_CODE_AND_DOCS\membrane_master_v5_working\releases\release_v5\README_PACKAGE.md"	"1142"	"9F85931115EEED275F577EB3C81642CE615673FC4A6EE498858765C52F579968"
"04_CODE\D_7.22_CODE_AND_DOCS\membrane_master_v5_working\releases\release_v5\README_v5.md"	"2817"	"9FA18F831BA51204D444FE0B55CD9BD0D13DDEB71062794A11F9320430821123"
"04_CODE\D_7.22_CODE_AND_DOCS\membrane_master_v5_working\releases\release_v5\reproducibility\configs\release_tiers.yaml"	"1159"	"546EAEF204F2C6DFD7910022D6E52E02DF561BF37F2169C4FC84C029E7F330A7"
"04_CODE\D_7.22_CODE_AND_DOCS\membrane_master_v5_working\releases\release_v5\reproducibility\scripts\bootstrap_v5.py"	"1810"	"13A84A73E330C3D69DD385187A74495C681036EBFB4037B0BCCB966A5CD8603C"
"04_CODE\D_7.22_CODE_AND_DOCS\membrane_master_v5_working\releases\release_v5\reproducibility\scripts\build_v5_master.py"	"53947"	"7CC8B7EC423FD934B06FA1092393520C62A20F1AE530B25A06E3693C443CD8A2"
"04_CODE\D_7.22_CODE_AND_DOCS\membrane_master_v5_working\releases\release_v5\reproducibility\scripts\build_v5_workbook.mjs"	"21281"	"BE0A618B4EF242A0A2920C34AB5822669A8335EEBA0B8C7D0AFA6CB40A771FBE"
"04_CODE\D_7.22_CODE_AND_DOCS\membrane_master_v5_working\releases\release_v5\reproducibility\scripts\download_v5_sources.ps1"	"3608"	"700325139E21365FB5F979C04889EDAB658DD98D039BA6D3742F7901C1B2B8FA"
"04_CODE\D_7.22_CODE_AND_DOCS\membrane_master_v5_working\releases\release_v5\reproducibility\scripts\package_v5_release.py"	"4922"	"D306280DE4B4861570DC30557EBAF8565AB7EB8643196174E46288A3BC20E621"
"04_CODE\D_7.22_CODE_AND_DOCS\membrane_master_v5_working\releases\release_v5\reproducibility\scripts\validate_v5.py"	"6079"	"5C8479EC57E78EAD61301DE761D6E59F6C49D04431BF5F350AEDFCA082BB540B"
"04_CODE\D_7.22_CODE_AND_DOCS\membrane_master_v5_working\releases\release_v5\reproducibility\scripts\write_v5_docs.py"	"17233"	"75A7AF15EC81F816D829C0C3B0B6FA403D243DFD51565EBFB3FB8FC617E30EA2"
"04_CODE\D_7.22_CODE_AND_DOCS\membrane_master_v5_working\releases\release_v5_1\DATA_DICTIONARY_v5_1.md"	"1068"	"A1BE3CEC7075D8A32E5A72C13C97D321DC973A3D95193768F3A725DB5344159A"
"04_CODE\D_7.22_CODE_AND_DOCS\membrane_master_v5_working\releases\release_v5_1\INCLUSION_POLICY_v5_1.md"	"1491"	"4E16822EEB9B855FB058E67D582568D5932E97C263C63EDCBD0660801243905D"
"04_CODE\D_7.22_CODE_AND_DOCS\membrane_master_v5_working\releases\release_v5_1\METHODS_v5_1.md"	"1582"	"BAC2A659ECC5626808184959E1527BD1497B805E28796386AAEE6B29F054F63B"
"04_CODE\D_7.22_CODE_AND_DOCS\membrane_master_v5_working\releases\release_v5_1\README_v5_1.md"	"1683"	"20C584D37C2253CBEEF77C7A24AD1FC08ED5034350F180F86DEE7F515DC6BF20"
"04_CODE\D_7.22_CODE_AND_DOCS\membrane_master_v5_working\releases\release_v5_1\reproducibility\scripts\build_v51_preliminary_review.py"	"32066"	"641EF24101FDF6C5887AD510B52B9C1320EF54FBD7F9C569C213AEB306540451"
"04_CODE\D_7.22_CODE_AND_DOCS\membrane_master_v5_working\releases\release_v5_1\reproducibility\scripts\build_v51_release.py"	"17753"	"C85E5A8177357B40D61D7579EA7BB75A721B4609135B9330AE67AA6D463BAD51"
"04_CODE\D_7.22_CODE_AND_DOCS\membrane_master_v5_working\releases\release_v5_1\reproducibility\scripts\download_v51_aux_sources.py"	"4129"	"E0B191356685B4E90A2BFD4C35D6298376378AD5C33C7460C3A581F8AC4A4A1F"
"04_CODE\D_7.22_CODE_AND_DOCS\membrane_master_v5_working\releases\release_v5_1\reproducibility\scripts\download_v51_pdbe_mappings.py"	"9669"	"8396BEA9715692713F42A752FC68E57B72C9BCD85BD980694A48D1D459765532"
"04_CODE\D_7.22_CODE_AND_DOCS\membrane_master_v5_working\releases\release_v5_1\reproducibility\scripts\download_v51_review_sources.py"	"5902"	"965D1D21CEF9DA444348B046322389AC654BC2A8448A97BBE0348DC0F931CE51"
"04_CODE\D_7.22_CODE_AND_DOCS\membrane_master_v5_working\releases\release_v5_1\reproducibility\scripts\finalize_v51_review.py"	"10129"	"78DE7EF1BD349511CB3901C5D5B26093917CC0B0E362C4C1EACC535BE5366EE2"
"04_CODE\D_7.22_CODE_AND_DOCS\membrane_master_v5_working\releases\release_v5_1\reproducibility\scripts\validate_package_v51.py"	"9274"	"10E4ED5B9B19DC29CE3EBE696C438C96F8CB0B9CADBD2F7A485EFECAFAA63998"
"04_CODE\D_7.22_CODE_AND_DOCS\membrane_master_v5_working\releases\release_v5_1\REVIEW_REPORT_v5_1.md"	"474"	"05056F681193B660CD3701BDAA58EED32228D097334086120BFF933BC4967C9B"
"04_CODE\D_7.22_CODE_AND_DOCS\membrane_master_v5_working\releases\release_v5_2_evidence_tiered\DATA_DICTIONARY_v5_2.md"	"594"	"B87043687D7B57C6CECD902CD45645534FEB7112AF7A46238C09851C9BA0B29E"
"04_CODE\D_7.22_CODE_AND_DOCS\membrane_master_v5_working\releases\release_v5_2_evidence_tiered\EVIDENCE_POLICY_v5_2.md"	"1265"	"103B75742E7A3CBDDA9A5A3DC6FA424E2F8706A03EEE645D0242DBE36CACF2A7"
"04_CODE\D_7.22_CODE_AND_DOCS\membrane_master_v5_working\releases\release_v5_2_evidence_tiered\README_v5_2.md"	"1067"	"8645E428BE00727FB84D34FB9C8E6CDBB386C61532464CD231BFE2BB93AB0285"
"04_CODE\D_7.22_CODE_AND_DOCS\membrane_master_v5_working\releases\release_v5_2_evidence_tiered\reproducibility\scripts\build_v52_evidence_tiers.py"	"14542"	"8991735D6F981490BFDCABCDDF4EA2DA623E44DB27544DA6D577BB1568352F03"
"04_CODE\D_7.22_CODE_AND_DOCS\membrane_master_v5_working\releases\release_v5_2_evidence_tiered\reproducibility\scripts\validate_package_v52.py"	"9511"	"431A5EAA9DAC40D593FB3D8A90DB7E7DD7AC80CAB7E75514666E4EBD3CA3C9B3"
"04_CODE\D_7.22_CODE_AND_DOCS\membrane_master_v5_working\releases\release_v5_3_sequences\DATA_DICTIONARY_v5_3.md"	"875"	"0256B250BE1A75393FF2A6C49E6FE877C506DC366F905918039B73E0E5699334"
"04_CODE\D_7.22_CODE_AND_DOCS\membrane_master_v5_working\releases\release_v5_3_sequences\EVIDENCE_POLICY_v5_2.md"	"1265"	"103B75742E7A3CBDDA9A5A3DC6FA424E2F8706A03EEE645D0242DBE36CACF2A7"
"04_CODE\D_7.22_CODE_AND_DOCS\membrane_master_v5_working\releases\release_v5_3_sequences\README_v5_3.md"	"1043"	"EEBFA79AB8D6B7C12C7B7BD98733169D23CC5814F229660C4914299A17DF8838"
"04_CODE\D_7.22_CODE_AND_DOCS\membrane_master_v5_working\releases\release_v5_3_sequences\reproducibility\scripts\build_v52_evidence_tiers.py"	"14542"	"8991735D6F981490BFDCABCDDF4EA2DA623E44DB27544DA6D577BB1568352F03"
"04_CODE\D_7.22_CODE_AND_DOCS\membrane_master_v5_working\releases\release_v5_3_sequences\reproducibility\scripts\build_v53_sequence_release.py"	"12189"	"812BF64124451AA7FCB0DE9BE043D0EED85B0D1195B765E9B2344C42D7E24F84"
"04_CODE\D_7.22_CODE_AND_DOCS\membrane_master_v5_working\releases\release_v5_3_sequences\reproducibility\scripts\build_v53_workbook.mjs"	"17333"	"126C1BF47D6B59E945A298B14B7180EEBD2653D9FCC788630F48ABA6FE604DE2"
"04_CODE\D_7.22_CODE_AND_DOCS\membrane_master_v5_working\releases\release_v5_3_sequences\reproducibility\scripts\fetch_uniprot_sequences_v53.py"	"10602"	"C0BD70467C811989E3383F86306DDAF6B0779DC073B484D4CC87902AA1E6E60D"
"04_CODE\D_7.22_CODE_AND_DOCS\membrane_master_v5_working\releases\release_v5_3_sequences\reproducibility\scripts\validate_package_v53.py"	"15199"	"6CB93119884825A3C14F660D35A924491C848148087E6151ACA5175261B1B2B0"
"04_CODE\D_7.22_CODE_AND_DOCS\membrane_master_v5_working\releases\release_v5_3_sequences\SEQUENCE_POLICY_v5_3.md"	"1011"	"9D4AA1A113CF25B2DA85017A6EE31A49C0F7F4E7BC315F84E9DE3621D0945712"
"04_CODE\D_7.22_CODE_AND_DOCS\membrane_master_v5_working\releases\release_v5_4_pgd_binding\DATA_DICTIONARY_v5_4.md"	"2966"	"5279A9F1DA206165D33C879C5D1B4471CC7F15B9C6693C66FA9A0BD344DC96F8"
"04_CODE\D_7.22_CODE_AND_DOCS\membrane_master_v5_working\releases\release_v5_4_pgd_binding\INCLUSION_POLICY_v5_4.md"	"2542"	"9579A5E0E2CCF1EDDD18022C2D372DF475FA905453D1353E0E9B51FC90E086E9"
"04_CODE\D_7.22_CODE_AND_DOCS\membrane_master_v5_working\releases\release_v5_4_pgd_binding\METHODS_v5_4.md"	"2186"	"799CCF45A3DF27EDBC314B1290EF514F838D15977580FC802FB261260AAA1227"
"04_CODE\D_7.22_CODE_AND_DOCS\membrane_master_v5_working\releases\release_v5_4_pgd_binding\README_v5_4.md"	"1898"	"0BC7E2C7820575DE5734B36945E1E939DD1B7349487978287610EAC45A1C28C5"
"04_CODE\D_7.22_CODE_AND_DOCS\membrane_master_v5_working\scripts\bootstrap_v5.py"	"1810"	"13A84A73E330C3D69DD385187A74495C681036EBFB4037B0BCCB966A5CD8603C"
"04_CODE\D_7.22_CODE_AND_DOCS\membrane_master_v5_working\scripts\build_v5_master.py"	"53947"	"7CC8B7EC423FD934B06FA1092393520C62A20F1AE530B25A06E3693C443CD8A2"
"04_CODE\D_7.22_CODE_AND_DOCS\membrane_master_v5_working\scripts\build_v51_preliminary_review.py"	"32066"	"641EF24101FDF6C5887AD510B52B9C1320EF54FBD7F9C569C213AEB306540451"
"04_CODE\D_7.22_CODE_AND_DOCS\membrane_master_v5_working\scripts\build_v51_release.py"	"17753"	"C85E5A8177357B40D61D7579EA7BB75A721B4609135B9330AE67AA6D463BAD51"
"04_CODE\D_7.22_CODE_AND_DOCS\membrane_master_v5_working\scripts\build_v52_evidence_tiers.py"	"14542"	"8991735D6F981490BFDCABCDDF4EA2DA623E44DB27544DA6D577BB1568352F03"
"04_CODE\D_7.22_CODE_AND_DOCS\membrane_master_v5_working\scripts\build_v53_sequence_release.py"	"12189"	"812BF64124451AA7FCB0DE9BE043D0EED85B0D1195B765E9B2344C42D7E24F84"
"04_CODE\D_7.22_CODE_AND_DOCS\membrane_master_v5_working\scripts\download_v5_sources.ps1"	"3608"	"700325139E21365FB5F979C04889EDAB658DD98D039BA6D3742F7901C1B2B8FA"
"04_CODE\D_7.22_CODE_AND_DOCS\membrane_master_v5_working\scripts\download_v51_aux_sources.py"	"4129"	"E0B191356685B4E90A2BFD4C35D6298376378AD5C33C7460C3A581F8AC4A4A1F"
"04_CODE\D_7.22_CODE_AND_DOCS\membrane_master_v5_working\scripts\download_v51_pdbe_mappings.py"	"9669"	"8396BEA9715692713F42A752FC68E57B72C9BCD85BD980694A48D1D459765532"
"04_CODE\D_7.22_CODE_AND_DOCS\membrane_master_v5_working\scripts\download_v51_review_sources.py"	"5902"	"965D1D21CEF9DA444348B046322389AC654BC2A8448A97BBE0348DC0F931CE51"
"04_CODE\D_7.22_CODE_AND_DOCS\membrane_master_v5_working\scripts\fetch_uniprot_sequences_v53.py"	"10602"	"C0BD70467C811989E3383F86306DDAF6B0779DC073B484D4CC87902AA1E6E60D"
"04_CODE\D_7.22_CODE_AND_DOCS\membrane_master_v5_working\scripts\finalize_v51_review.py"	"10129"	"78DE7EF1BD349511CB3901C5D5B26093917CC0B0E362C4C1EACC535BE5366EE2"
"04_CODE\D_7.22_CODE_AND_DOCS\membrane_master_v5_working\scripts\package_v5_release.py"	"4922"	"D306280DE4B4861570DC30557EBAF8565AB7EB8643196174E46288A3BC20E621"
"04_CODE\D_7.22_CODE_AND_DOCS\membrane_master_v5_working\scripts\validate_package_v51.py"	"9274"	"10E4ED5B9B19DC29CE3EBE696C438C96F8CB0B9CADBD2F7A485EFECAFAA63998"
"04_CODE\D_7.22_CODE_AND_DOCS\membrane_master_v5_working\scripts\validate_package_v52.py"	"9511"	"431A5EAA9DAC40D593FB3D8A90DB7E7DD7AC80CAB7E75514666E4EBD3CA3C9B3"
"04_CODE\D_7.22_CODE_AND_DOCS\membrane_master_v5_working\scripts\validate_package_v53.py"	"15199"	"6CB93119884825A3C14F660D35A924491C848148087E6151ACA5175261B1B2B0"
"04_CODE\D_7.22_CODE_AND_DOCS\membrane_master_v5_working\scripts\validate_v5.py"	"6079"	"5C8479EC57E78EAD61301DE761D6E59F6C49D04431BF5F350AEDFCA082BB540B"
"04_CODE\D_7.22_CODE_AND_DOCS\membrane_master_v5_working\scripts\write_v5_docs.py"	"17233"	"75A7AF15EC81F816D829C0C3B0B6FA403D243DFD51565EBFB3FB8FC617E30EA2"
"04_CODE\D_7.22_CODE_AND_DOCS\membrane_master_v5_working\spreadsheet_build\build_v5_workbook.mjs"	"21281"	"BE0A618B4EF242A0A2920C34AB5822669A8335EEBA0B8C7D0AFA6CB40A771FBE"
"04_CODE\D_7.22_CODE_AND_DOCS\membrane_master_v5_working\v54_pgd_binding_working\scripts\build_v54_integrated_data.py"	"55940"	"EC3F2CE07E725C07A78203387052899CE50F5DCDE55048242833FC3C7F90C853"
"04_CODE\D_7.22_CODE_AND_DOCS\membrane_master_v5_working\v54_pgd_binding_working\scripts\extend_chembl_target_index_v54.py"	"5690"	"F8A66F1FEF9B2D429EB5011F73B09418B6B6F45D8818BBF39E29970B68180C3F"
"04_CODE\D_7.22_CODE_AND_DOCS\membrane_master_v5_working\v54_pgd_binding_working\scripts\fetch_chembl_binding_activities_v54.py"	"9899"	"AF64E845405A9B4FA68425552D6264066681ADC5425101644B9AF1D2430F2D24"
"04_CODE\D_7.22_CODE_AND_DOCS\membrane_master_v5_working\v54_pgd_binding_working\scripts\fetch_chembl_binding_activities_v54_supplement.py"	"937"	"7486D0636CB8E8C83514FE28E3A9F144C814225F77C5B715B56BF5C23C97EEB7"
"04_CODE\D_7.22_CODE_AND_DOCS\membrane_master_v5_working\v54_pgd_binding_working\scripts\fetch_uniprot_disease_v54.py"	"6483"	"94C17878D45F49A5BF3936157718DF5AD1E858F01D9AD39DA92FA2F4B3E120AB"
"04_CODE\D_7.22_CODE_AND_DOCS\membrane_master_v5_working\v54_pgd_binding_working\scripts\package_release_v54.py"	"6233"	"181E56EF8F87A5045E0B763AAECF7F1DCB2E8BA35A07AE9BD9F5C48290B911C9"
"04_CODE\D_7.22_CODE_AND_DOCS\membrane_master_v5_working\v54_pgd_binding_working\scripts\parse_bindingdb_articles_v54.py"	"14820"	"1EE2E266939CFFAAB878292EA872650AE4897F5DEC9E7AF12319ED4CDFF82952"
"04_CODE\D_7.22_CODE_AND_DOCS\outputs\membrane_v51_20260724\analyze_candidates.mjs"	"2398"	"80FD1CD1E0607C82CAC9078732FA447C4CCE5A0B5AC8AA48CB769391D294487E"
"04_CODE\D_7.22_CODE_AND_DOCS\outputs\membrane_v51_20260724\build_v51_workbook.mjs"	"16104"	"40E6CEE85431A589B606DFAB1682BB784796DD7C941E799B9FF64378489F2FE1"
"04_CODE\D_7.22_CODE_AND_DOCS\outputs\membrane_v52_20260724\build_v52_workbook.mjs"	"14032"	"4D5186DC156F2C76899DDF12B0936081263405A2320E0F465A51473FCCEF5C7B"
"04_CODE\D_7.22_CODE_AND_DOCS\outputs\membrane_v53_sequences_20260724\build_v53_workbook.mjs"	"17333"	"126C1BF47D6B59E945A298B14B7180EEBD2653D9FCC788630F48ABA6FE604DE2"
"04_CODE\D_7.22_CODE_AND_DOCS\outputs\membrane_v54_pgd_binding_20260724\build_binding_v41_workbook.mjs"	"14392"	"656521DD8035618F4191D9161FD2ACDC544F637CCD20844E8E39B18FAB340FBC"
"04_CODE\D_7.22_CODE_AND_DOCS\outputs\membrane_v54_pgd_binding_20260724\build_protein_v54_workbook.mjs"	"16230"	"A171D1E644FD18ED7A338E4CBF5B99E70E84A86CCB780EBD18B86D44984DE65F"
"04_CODE\D_7.22_CODE_AND_DOCS\outputs\small_molecule_v1_0_20260727\build_small_molecule_v1_workbook.mjs"	"18973"	"1D09170E24EA99F4A8D6F6A3DCB1F672D966E577FA490EA2E626DF79A4F03A74"
"04_CODE\D_7.22_CODE_AND_DOCS\protein_annotation_v63_working\figures\CAPTION_M2_FIVE_AXIS_CLASSIFICATION.md"	"774"	"5CEDAE9D004F480BF60C8EF3A132C4B634B2F4CA1BC680C4BEF716C8CC3318D3"
"04_CODE\D_7.22_CODE_AND_DOCS\protein_annotation_v63_working\figures\CAPTION_M7_EVIDENCE_LINEAGE.md"	"733"	"167CBFE69EA8684CE59BB4D858BF911761F9B5583E2487FEDADF027D67059932"
"04_CODE\D_7.22_CODE_AND_DOCS\protein_annotation_v63_working\figures\CAPTION_M8_DOCKING_LINEAGE_RERANK.md"	"546"	"0F6798DBCDEC27F643C2001FF722C53A10112473187725DAE98310F17DAD1ACE"
"04_CODE\D_7.22_CODE_AND_DOCS\protein_annotation_v63_working\scripts\build_evidence_lineage_v63.py"	"18994"	"45BE3312BA26569CA069C85BE01D28E56E4054BAD32824BE2BABE9E521CCE4CA"
"04_CODE\D_7.22_CODE_AND_DOCS\protein_annotation_v63_working\scripts\build_protein_cross_classification_v63.py"	"23194"	"3CDE5819F1C53E8E9559220E4F8B0236B752A745B2A36F318A0090E967AB01A9"
"04_CODE\D_7.22_CODE_AND_DOCS\protein_annotation_v63_working\scripts\build_v63_m2_m4_figures.py"	"14431"	"F4C80CDAD421FB003F7B3D98BE71A05BE3052E21F073B8572884322F860329F0"
"04_CODE\D_7.22_CODE_AND_DOCS\protein_annotation_v63_working\scripts\build_v63_m7_m8_figures.py"	"10220"	"FC78D10104FD5A2EAC6AB9A12BF8D55D96C909C591A036EB524EC71F6DAF213E"
"04_CODE\D_7.22_CODE_AND_DOCS\protein_annotation_v63_working\scripts\run_protein_cross_classification_v63.py"	"579"	"00DE50AB8AC812639E356DDD7EF3B3E1B6A4B42F17FA6BA5A2AAF48654DF9DF9"
"04_CODE\D_7.22_CODE_AND_DOCS\protein_annotation_v63_working\scripts\run_v63_m7_m8_figures_v2.py"	"690"	"ADB24F7F412A796A254BE4FDC9A60F973B61D0EA126105B2F267F2A2FF5B9F90"
"04_CODE\D_7.22_CODE_AND_DOCS\protein_annotation_v63_working\scripts\run_v63_m7_m8_figures_v3.py"	"757"	"E078C19CB7FE3C91C902D40A710EC28EF9D0E076803B5A59393701186B7CE0B1"
"04_CODE\D_7.22_CODE_AND_DOCS\protein_annotation_v63_working\scripts\run_v63_m7_m8_figures_v4.py"	"750"	"9D31227B577E4829FACBC8DCD296311BBD3375226F742111F060906C760EB802"
"04_CODE\D_7.22_CODE_AND_DOCS\protein_isoform_v63_working\docs\README_zh.md"	"4617"	"8F3FA73EAA1912C89044716459A2D888A3EEE74B7FA410829BCA72EB61717D06"
"04_CODE\D_7.22_CODE_AND_DOCS\protein_isoform_v63_working\docs\REPRODUCE.md"	"1946"	"82EF104451036F14299660C61792056B9AC8590C494763BD0237003AEC29CE83"
"04_CODE\D_7.22_CODE_AND_DOCS\protein_isoform_v63_working\docs\REPRODUCE_FINAL.md"	"1161"	"E3562A21B97ED79629BCFFA2103018AFBD000FB908BA4ED20A373C7365D13C38"
"04_CODE\D_7.22_CODE_AND_DOCS\protein_isoform_v63_working\docs\SCHEMA.md"	"2031"	"CD6FB019A37459909C191A509790AAA2D5F013A4D33FE26B372229F86348FAA1"
"04_CODE\D_7.22_CODE_AND_DOCS\protein_isoform_v63_working\scripts\build_identity_layer.py"	"33618"	"A6D65A9F259B0CF116F02B92291AC09AF4FDEB859F74ED80E116A0DEE54DF419"
"04_CODE\D_7.22_CODE_AND_DOCS\protein_isoform_v63_working\scripts\build_review_workbook.mjs"	"15786"	"33964DC91ABCCC184FEEABD796B9F8D97101496E79D5259635507D022549F5A7"
"04_CODE\D_7.22_CODE_AND_DOCS\protein_isoform_v63_working\scripts\extend_complex_identity_v2.py"	"18472"	"5246426C9ED566B13D06413402887906ED7D6B5B66BD149C5608EECA182D5D71"
"04_CODE\D_7.22_CODE_AND_DOCS\protein_isoform_v63_working\scripts\fetch_explicit_isoforms.py"	"3525"	"6B596457DB5796F0364EFF113F5F2A6B1533727B38BC44B677BEAFE6CB7D2E74"
"04_CODE\D_7.22_CODE_AND_DOCS\protein_isoform_v63_working\scripts\fetch_missing_external_canonical.py"	"3062"	"AE15107F463ABFA2D727F3DFB07971361252593BADA68241401677ABF6D96ADB"
"04_CODE\D_7.22_CODE_AND_DOCS\protein_isoform_v63_working\scripts\finalize_identity_layer_v3.py"	"11250"	"EF4FE1E7BA88302214E3EB8970A8DA8DD4E1F54AF80EE877EA41C028AA100E0B"
"04_CODE\D_7.22_CODE_AND_DOCS\protein_isoform_v63_working\scripts\make_package_manifest.py"	"1756"	"C483E5A531A46A711A036522BA3A4953F392322681E29C9E69FEC85BC5B184E9"
"04_CODE\D_7.22_CODE_AND_DOCS\protein_isoform_v63_working\scripts\run_build_identity_fixed.py"	"382"	"D4DE54C66BD88BE36AF8F386CAB0CC1ED6832B5F7E8F08E105D86DCDBF6ACB3A"
"04_CODE\D_7.22_CODE_AND_DOCS\protein_isoform_v63_working\scripts\run_extend_complex_identity_v2_fixed.py"	"702"	"1474CA88B7A4C06D76E1772C4ED8C81CC771E0974CE0C5ACB02CDC149A0B6847"
"04_CODE\D_7.22_CODE_AND_DOCS\protein_isoform_v63_working\scripts\run_pipeline.ps1"	"3450"	"06AD3E7757B63CFCDDC464F15270470928B64582EE8482EE04D8E528410D69D5"
"04_CODE\D_7.22_CODE_AND_DOCS\protein_isoform_v63_working\scripts\verify_review_workbook.mjs"	"1562"	"F922FB80B890F6769B6B4D074228D4BDE9026CF00697F8079DBE3B58C7031135"
"04_CODE\D_7.22_CODE_AND_DOCS\small_molecule_v1_working\releases\release_small_molecule_v1_0\DATA_DICTIONARY_small_molecule_v1_0.md"	"1440"	"E9C72799D89BDDAB722D8C58EB21A6BF78A164C3C496750F49AE891CC905F406"
"04_CODE\D_7.22_CODE_AND_DOCS\small_molecule_v1_working\releases\release_small_molecule_v1_0\METHODS_small_molecule_v1_0.md"	"2486"	"CD6A907D5F1C32BF4EE1CE8C8BC52333D289174CE5960DAD136F4E97BA066B72"
"04_CODE\D_7.22_CODE_AND_DOCS\small_molecule_v1_working\releases\release_small_molecule_v1_0\README_small_molecule_v1_0.md"	"1964"	"63187FC50B2E0450CFCDBF3AC552E3371A5C69D110389F4BE6E53BEDA3E48731"
"04_CODE\D_7.22_CODE_AND_DOCS\small_molecule_v1_working\releases\release_small_molecule_v1_0\SCOPE_POLICY_small_molecule_v1_0.md"	"1016"	"128BB18ECA0DD387FF246506293C5696AA0766B02837302E18AE764CDB082F76"
"04_CODE\D_7.22_CODE_AND_DOCS\small_molecule_v1_working\scripts\add_missing_binding_compounds_v1.py"	"3329"	"F3CF1E5037A78C14457FD3FE6E9B43C32DB073467BB91672AA0AF14B18A81D9B"
"04_CODE\D_7.22_CODE_AND_DOCS\small_molecule_v1_working\scripts\build_small_molecule_release_v1.py"	"75662"	"D758A4C135E35B75F0FE61E20F5883BA04BD6335C1390CE710F08BA6525D3922"
"04_CODE\D_7.22_CODE_AND_DOCS\small_molecule_v1_working\scripts\extract_chebi_mapping_v1.py"	"8494"	"CFF5210EAE2AE1BFCF4AF9D254331D8241DA45C3CF499ACFA77518A95474B314"
"04_CODE\D_7.22_CODE_AND_DOCS\small_molecule_v1_working\scripts\extract_chembl37_structures_v1.py"	"2995"	"89DB09FFAA0CA8ED21C4E0D0BE3CF947BA5E8092BA4EEC23D9A93D49A959C5F8"
"04_CODE\D_7.22_CODE_AND_DOCS\small_molecule_v1_working\scripts\fetch_chembl37_metadata_v1.py"	"9214"	"972A743A43334533FD0DBC135F385B01DE0D1658D5350CCC2715DA4E4CCC4338"
"04_CODE\D_7.22_CODE_AND_DOCS\small_molecule_v1_working\scripts\fetch_pubchem_missing_v1.py"	"5660"	"28A4578680B32983F6DF929DF69B2CDC9452B92579895D4BFA05708393D5D113"
"04_CODE\D_7.22_CODE_AND_DOCS\small_molecule_v1_working\scripts\inspect_small_molecule_release_v1.py"	"2142"	"C3F61B23522766CA7BFDF2D4DAFAAC0926F5DABF7C8FD3FFF5B557F86EB4C3EF"
"04_CODE\D_7.22_CODE_AND_DOCS\small_molecule_v1_working\scripts\inventory_compounds_v1.py"	"5661"	"912C76740E697889744C2CABC499B7F7675AE5A319D557CB8791A9503E50FCAF"
"04_CODE\D_7.22_CODE_AND_DOCS\small_molecule_v1_working\scripts\package_small_molecule_release_v1.py"	"6038"	"10AC5FD1551DCD2EF57D2F3921769CEE94EE3775BCAED0396483FBAA0108D247"
"04_CODE\D_7.22_CODE_AND_DOCS\small_molecule_v1_working\scripts\standardize_compound_structures_v1.py"	"17838"	"59596D20D60F339FE9D34F2FF4068404D0CC09BF73AD023F1402E98F1B04C2DF"
"04_CODE\D_7.22_CODE_AND_DOCS\upload\normalized_tables\DATA_DICTIONARY.md"	"10740"	"FBFCCF845156087F720037D0E6C5B212E19A72BFE1141BDC89A461A8CE32C5C8"
"04_CODE\D_7.22_CODE_AND_DOCS\upload\normalized_tables\PROCESS_LOG.md"	"8291"	"CE33C0F5C583D3BD40B9A6051BEDF190F457B4F5AC085DFD2E1BA8F6A1664074"
"04_CODE\D_7.22_CODE_AND_DOCS\upload\normalized_tables\releases\partner_handoff_v3_1\docs\DATA_DICTIONARY.md"	"16620"	"235CEC5048C7BDB4DC7EB637E27F74F7A1B25BFD6D95994FEE6C4851AC26AE90"
"04_CODE\D_7.22_CODE_AND_DOCS\upload\normalized_tables\releases\partner_handoff_v3_1\docs\FULL_WORK_LOG.md"	"16649"	"51C61C756BE0E6A345C7CCDA85AEC8CD30D4EA6C69923C7994C033E91DC6298D"
"04_CODE\D_7.22_CODE_AND_DOCS\upload\normalized_tables\releases\partner_handoff_v3_1\docs\PROCESS_LOG.md"	"12499"	"7394053324C703EEA2229961A169D332E661AE99E4EA05D0B1C58F7932050FEF"
"04_CODE\D_7.22_CODE_AND_DOCS\upload\normalized_tables\releases\partner_handoff_v3_1\docs\SHEET2_SHEET3_COLUMN_GUIDE.md"	"12990"	"DD91CF428A22F1AF44FDFFB379C05CC54190D0DC16F5ED5D623DEF2CE1CA72DA"
"04_CODE\D_7.22_CODE_AND_DOCS\upload\normalized_tables\releases\partner_handoff_v3_1\PARTNER_HANDOFF.md"	"7867"	"24EFCB90CD4B09BC91EAD8F247236676975E1725FAF09B60C5D68ABFEA50A7ED"
"04_CODE\D_7.22_CODE_AND_DOCS\upload\normalized_tables\releases\partner_handoff_v3_1\scripts\build_v31_data.py"	"17495"	"636C3CEB9485DAE91FB9EBE2A2DF85AA5AE35285323810B6CAAF2F9D46B17703"
"04_CODE\D_7.22_CODE_AND_DOCS\upload\normalized_tables\releases\partner_handoff_v3_1\scripts\build_v31_xlsx_openpyxl.py"	"5240"	"5EE4012A3E0B8798E6167827598A85C14F38388BC9A1CD9A69A6BE8673B24F1A"
"04_CODE\D_7.22_CODE_AND_DOCS\upload\normalized_tables\releases\partner_handoff_v3_1\scripts\validate_v31.py"	"4555"	"6A80DB880496786C71882AA5FC46C9C00072BC87C13BA211F2752266F9B9C050"
"04_CODE\D_7.22_CODE_AND_DOCS\upload\normalized_tables\releases\partner_handoff_v3_1\scripts\validate_v31_xlsx_zip.py"	"4882"	"F250A249B048B53FD7838ADB6822161819FB25EA811B9FA5E31580376D1E7D05"
"04_CODE\D_7.22_CODE_AND_DOCS\upload\normalized_tables\releases\protein_gene_disease_v1\DATA_DICTIONARY.md"	"2159"	"72B0CF9172D5C8A88E1B81D9784CEFFAB62418418CE3456EA0322C01F0A90CCE"
"04_CODE\D_7.22_CODE_AND_DOCS\upload\normalized_tables\releases\protein_gene_disease_v1\METHODS.md"	"2162"	"191298B95295D318884655C0C025B4175C830669628CA3ED28B928657087CBFF"
"04_CODE\D_7.22_CODE_AND_DOCS\upload\normalized_tables\releases\protein_gene_disease_v1\README.md"	"2613"	"795306443BCF01A8B6F2C4591FBA4F8C45C1FED203E70A3A6E1B4C32B0B3498B"
"04_CODE\D_7.22_CODE_AND_DOCS\upload\normalized_tables\workflows\protein_gene_disease_mapping\config\config.yaml"	"1839"	"EE1357031B3F2FB65DE426D24F16FD634A6D758AE32A9AF3ED69B0E7DF9D5A98"
"04_CODE\D_7.22_CODE_AND_DOCS\upload\normalized_tables\workflows\protein_gene_disease_mapping\config\evidence_scoring_policy_abce_v1.yaml"	"1517"	"18F85569EDB2CB650DDAE3B14F256D09A7F456AD0EA198B5977B28A43D6EADB6"
"04_CODE\D_7.22_CODE_AND_DOCS\upload\normalized_tables\workflows\protein_gene_disease_mapping\config\evidence_source_policy.yaml"	"8142"	"75FE2E5637736D991D4AC8689AFB7F5990DF9A4B512DCF0F93AA65D9CBB29789"
"04_CODE\D_7.22_CODE_AND_DOCS\upload\normalized_tables\workflows\protein_gene_disease_mapping\README.md"	"1074"	"48B509706B2BD12B22D2A8C50E6CC37BDB717FF4B031DD90420F22B984A68342"
"04_CODE\D_7.22_CODE_AND_DOCS\upload\normalized_tables\workflows\protein_gene_disease_mapping\run_abce_release_v1_1.py"	"783"	"8448449FC4B15F0D40BE045021FE6A993B9C7CB4E8AE9E5D7A5B302D13CFD28B"
"04_CODE\D_7.22_CODE_AND_DOCS\upload\normalized_tables\workflows\protein_gene_disease_mapping\run_validate_abce_release_v1_1.py"	"740"	"B9A993C8B2D693D97B8FD7FADEA59933B2029BF81F279FB3575DE9FCFE0A23C2"
"04_CODE\D_7.22_CODE_AND_DOCS\upload\normalized_tables\workflows\protein_gene_disease_mapping\src\__init__.py"	"53"	"38837ED639FBC445C2783FF05462F1349A7330BE665B481972C2037153BB9775"
"04_CODE\D_7.22_CODE_AND_DOCS\upload\normalized_tables\workflows\protein_gene_disease_mapping\src\common.py"	"6156"	"096BFAEB6A2D15AAF092F2EE4B743C162EA710CC727992ABA60651BE2B46D8E4"
"04_CODE\D_7.22_CODE_AND_DOCS\upload\normalized_tables\workflows\protein_gene_disease_mapping\src\compare_evidence_filter_rules.py"	"23197"	"52307B11D8D96D293CA231DD71DA7BBAFE984B22067BE356D03F784233E6F3F7"
"04_CODE\D_7.22_CODE_AND_DOCS\upload\normalized_tables\workflows\protein_gene_disease_mapping\src\export_abce_release_v1_1.py"	"29085"	"84105874CC74AC7C90A7629CE27DB926DF356AA2B778447F604CCB48E5AE7F86"
"04_CODE\D_7.22_CODE_AND_DOCS\upload\normalized_tables\workflows\protein_gene_disease_mapping\src\export_balanced_two_source_v1_1.py"	"37268"	"5D7DD5FC021467E69F4A5B2142BE41FB63D5179594C80DE5DBED235558A4533F"
"04_CODE\D_7.22_CODE_AND_DOCS\upload\normalized_tables\workflows\protein_gene_disease_mapping\src\normalize_disease_entities.py"	"4375"	"D5B75D53F24A7933F8581DF41089DA788F92B83409D805B855F49B5605089EA6"
"04_CODE\D_7.22_CODE_AND_DOCS\upload\normalized_tables\workflows\protein_gene_disease_mapping\src\select_primary_disease.py"	"1912"	"BF4798866A7B1930FF0E843A424A8878DBC1CBB1243E896817EBCE39A5FB61DD"
"04_CODE\D_7.22_CODE_AND_DOCS\upload\normalized_tables\workflows\protein_gene_disease_mapping\src\validate_abce_release_v1_1.py"	"6594"	"F408403D442E63AD1363500109E47F8F39BF22C83373F5317ADF23C9A4638563"
"04_CODE\D_7.22_CODE_AND_DOCS\upload\normalized_tables\workflows\protein_gene_disease_mapping\tests\test_evidence_source_policy.py"	"1408"	"89CA23C0FF9EC6D98F21AE1C578CD0FEDA9901AD5D7FB5EC729A6A5350D6292D"
"04_CODE\D_7.22_CODE_AND_DOCS\upload\normalized_tables\workflows\protein_gene_disease_mapping\tests\test_logic.py"	"3668"	"4C1AFA3D5CD42508DC60B24DE6EB911C5C335C1C0B56D1CFDFE3873133F81B93"
"04_CODE\D_7.22_CODE_AND_DOCS\v4_working\configs\scope_policy.yaml"	"1303"	"855649C63C45C2002D71CA27CF0CF8A7BD9CA91DBCE15C1F83E5694A20F7605D"
"04_CODE\D_7.22_CODE_AND_DOCS\v4_working\configs\source_registry.yaml"	"1102"	"AB20257CA3F83DAEFEC4B6BE3B244551DB248B5FBA208581F12AE53B61A4397A"
"04_CODE\D_7.22_CODE_AND_DOCS\v4_working\DATA_DICTIONARY.md"	"2629"	"C36072A9056EC1A031F9FB172137785578D8BEA42CDB079C3A003046AFAB4C4A"
"04_CODE\D_7.22_CODE_AND_DOCS\v4_working\DATA_MODEL.md"	"1257"	"CBBB682CBCF6AEA75FF35E7FCB81FDC51891A781605C7F455CD440E85831155D"
"04_CODE\D_7.22_CODE_AND_DOCS\v4_working\INCLUSION_POLICY.md"	"2279"	"4CDCC2A01B52AC4812FBAEB02F44BF84C9EA70D7E37489122D9FF16DE6CEFC56"
"04_CODE\D_7.22_CODE_AND_DOCS\v4_working\METHODS.md"	"2172"	"E7963A71B49DBC32056CAF168A075EBD4FE95A3521A1F01480EDA1E1EA3D7BEB"
"04_CODE\D_7.22_CODE_AND_DOCS\v4_working\outputs\v4_excel\build_v4_workbook.mjs"	"14746"	"8132AD8229F3C52571E24113676E628FD409F6791C72E286189874A3774AEC1E"
"04_CODE\D_7.22_CODE_AND_DOCS\v4_working\releases\release_v4\COMPLETENESS_REPORT.md"	"1267"	"D9DF3B50CE74FDE82A4EDA7816E1953A07C720D46593FE564834285C116E136C"
"04_CODE\D_7.22_CODE_AND_DOCS\v4_working\releases\release_v4\DATA_DICTIONARY.md"	"2629"	"C36072A9056EC1A031F9FB172137785578D8BEA42CDB079C3A003046AFAB4C4A"
"04_CODE\D_7.22_CODE_AND_DOCS\v4_working\releases\release_v4\INCLUSION_POLICY.md"	"2279"	"4CDCC2A01B52AC4812FBAEB02F44BF84C9EA70D7E37489122D9FF16DE6CEFC56"
"04_CODE\D_7.22_CODE_AND_DOCS\v4_working\releases\release_v4\METHODS.md"	"2172"	"E7963A71B49DBC32056CAF168A075EBD4FE95A3521A1F01480EDA1E1EA3D7BEB"
"04_CODE\D_7.22_CODE_AND_DOCS\v4_working\reports\COMPLETENESS_REPORT.md"	"1267"	"D9DF3B50CE74FDE82A4EDA7816E1953A07C720D46593FE564834285C116E136C"
"04_CODE\D_7.22_CODE_AND_DOCS\v4_working\scripts\bootstrap_v4.py"	"1874"	"ED11A29F2207C640252E34CBFCC4990C7B22CD2DDE06732334AE84A8764779F6"
"04_CODE\D_7.22_CODE_AND_DOCS\v4_working\scripts\build_membrane_reference.py"	"17943"	"CA56BBB8D8251925FA4B1AE44755061D940315F4F55249FB366E39D5D3CE20B2"
"04_CODE\D_7.22_CODE_AND_DOCS\v4_working\scripts\derive_protein_sm_status.py"	"12893"	"F1E1D5E9A6392372290FB664FF9A190497C1D071103B3AFAB29239106DC4956F"
"04_CODE\D_7.22_CODE_AND_DOCS\v4_working\scripts\finalize_v4_release.py"	"2033"	"687DA62B07911952B106C964BD3B204B71648FEE1C5A21C750D20939FD612EE7"
"04_CODE\D_7.22_CODE_AND_DOCS\v4_working\scripts\integrate_bindingdb_index.py"	"3822"	"C9D3C34A15531D94753C774BBCA6911D05F95D4A0D73B60646AFDD7BAC3BCBE3"
"04_CODE\D_7.22_CODE_AND_DOCS\v4_working\scripts\integrate_chembl_target_index.py"	"5654"	"0B1260B21F8E6BD1A6678B9253112148452626E4F3238BDD3E103C76F3E7EC3C"
"04_CODE\D_7.22_CODE_AND_DOCS\v4_working\scripts\integrate_gtopdb.py"	"9938"	"4EFF99553DBFCF3CE0A19E59DC58BAF9EB512D819363514ED5C835F3A48CFB36"
"04_CODE\D_7.22_CODE_AND_DOCS\v4_working\scripts\transform_current_v4.py"	"16455"	"D00C32675270297B57917D89E48A47C8548CCFFA55925BF53328A7897928F226"
"04_CODE\D_7.22_CODE_AND_DOCS\v4_working\scripts\validate_and_package_v4.py"	"10281"	"9A6E8754F516947C7CC76B65264BCD3F28B81CE5229004C0A921BBD53CC07C93"
"04_CODE\D_7.22_CODE_AND_DOCS\v64_candidate_working\figures\captions\M1_V64_architecture_QA.md"	"223"	"3ED3C0E0B78D46CA67E8F05621C088846B5FAC0A30E3C2F967F6CFF369D6C6AC"
"04_CODE\D_7.22_CODE_AND_DOCS\v64_candidate_working\figures\captions\M2_V64_protein_landscape.md"	"202"	"26501F4FDFBA2D37E0D869B4BCBC6278747351120F1BE4FF9C6415F54AF1A2EC"
"04_CODE\D_7.22_CODE_AND_DOCS\v64_candidate_working\figures\captions\M3_V64_expression_localization.md"	"175"	"18E850A66C924CB6E84C0399EB57D0761E167D790CECB32D6111EAEB61E62207"
"04_CODE\D_7.22_CODE_AND_DOCS\v64_candidate_working\figures\captions\M4_V64_disease_ontology.md"	"181"	"6B0AE49EB72112AE5E77FBED8E24D7DAEF39DAB855C66422F52A5BD15C930749"
"04_CODE\D_7.22_CODE_AND_DOCS\v64_candidate_working\figures\captions\M5_V64_compound_landscape.md"	"244"	"697BED3BC20E6BC571DBBF1D6B26674549D770F17B4EAE4E187F6D62C08D75AE"
"04_CODE\D_7.22_CODE_AND_DOCS\v64_candidate_working\figures\captions\M6_V64_binding_evidence_sites.md"	"202"	"1B5A52FED81DE4991F1FB2F48892393BA2FD4E07A11657419B3DD099072E2342"
"04_CODE\D_7.22_CODE_AND_DOCS\v64_candidate_working\scripts\assemble_validate_v64.py"	"5655"	"EFAD787611BA5412EA00AB9A577095D90B97658B1FB148D1D79AF526EEE273D7"
"04_CODE\D_7.22_CODE_AND_DOCS\v64_candidate_working\scripts\audit_ihc_duplicates.py"	"1110"	"C802AC7F467E2D3AC3D039F7B792E36BCE6D9FE356232C5036F527A1248ACACA"
"04_CODE\D_7.22_CODE_AND_DOCS\v64_candidate_working\scripts\audit_v64_fields.py"	"4791"	"AB20223296F984CE94FF74A327E55C11647B62A8730279F8F4D346C4A732C77E"
"04_CODE\D_7.22_CODE_AND_DOCS\v64_candidate_working\scripts\audit_v64_relations.py"	"3259"	"C7038A0DEA2EFDAF99369CD0C1E6BA06C1347A2B0136798A8297FAE5D801A63B"
"04_CODE\D_7.22_CODE_AND_DOCS\v64_candidate_working\scripts\build_v64_figures.py"	"14663"	"AC79441621EE3DB324D541665CDCD466C34365BD917A60A88FA1C3E118AEC240"
"04_CODE\D_7.22_CODE_AND_DOCS\v64_candidate_working\scripts\build_v64_key_fk_accession.py"	"4331"	"6D7BFB9983208B480E291F53801C17CD6DA830F458111F36B0A306FC804C39E0"
"04_CODE\D_7.22_CODE_AND_DOCS\v64_candidate_working\scripts\build_v64_stats.py"	"6341"	"2D270AD4116CE6DC9819E08535D3E789CD2498FCBD7BFA7F3329C2DA725BD942"
"04_CODE\D_7.22_CODE_AND_DOCS\v64_candidate_working\scripts\build_v64_supplementary_stats.py"	"3197"	"10CC7D47BB07736E06E90A6FE46D77EF0722A5AC1D8BE4F541BFA78FC709ED23"
"04_CODE\D_7.22_CODE_AND_DOCS\v64_candidate_working\scripts\clean_ihc_v64.py"	"1324"	"EF231585A5F3AE8A614B7383109B82EC70012ADA5160292337672BB832859D72"
"04_CODE\D_7.22_CODE_AND_DOCS\v64_candidate_working\scripts\clean_pdb_identity_v64.py"	"4248"	"D8D5C05225D2835706CF5D894F6EF18D4C45A27037E982E37D4E16555C8B6B4D"
"04_CODE\D_7.22_CODE_AND_DOCS\v64_candidate_working\scripts\scope_sample_v64.py"	"2216"	"181F95100F2DDD5D21EBE34461A3E4836C778A9DFC44CCA719DDF6747C57D9AD"
"04_CODE\D_7.22_CODE_AND_DOCS\v71_publication_candidate_working\rules\V71_PUBLICATION_RULES.md"	"2315"	"1BA48C2474C3C3246867CA79FADF78ECE33DCB9B2ABEEA964ACF23ADFA4033EC"
"04_CODE\D_7.22_CODE_AND_DOCS\v71_publication_candidate_working\scripts\apply_v71_local_enrichment.py"	"5468"	"826659A851550D690B378D54A4DA6E48B2046178537F7ED923CAF276E8F846C0"
"04_CODE\D_7.22_CODE_AND_DOCS\v71_publication_candidate_working\scripts\apply_v71_local_enrichment_fast.py"	"6805"	"B6D69EB17053768578A0A2FA9A5C5183E0F45F61E5561FE1E6BC7ED20BA0B5AC"
"04_CODE\D_7.22_CODE_AND_DOCS\v71_publication_candidate_working\scripts\build_v71_local_crosswalks.py"	"2943"	"9ACF44AFAC2EADCEF42D5ABE881F6C08F9D80D0E7C0454A7F7B520E0EC44755B"
"04_CODE\D_7.22_CODE_AND_DOCS\v71_publication_candidate_working\scripts\build_v71_local_recovery.py"	"3884"	"9105A58153CA705D848E2A2C9A178B5FBD00274FC97524F0CADA5282A9EF4589"
"04_CODE\D_7.22_CODE_AND_DOCS\v71_publication_candidate_working\scripts\build_v71_preclassification.py"	"4083"	"7EE3115663CCCC6A0F0657C7FA8D50A5367B111AD83F857676FFF90E1DF30B84"
"04_CODE\D_7.22_CODE_AND_DOCS\v71_publication_candidate_working\scripts\build_v71_relational_release.py"	"4054"	"CB9FD724809B84DE84E6A3BA09B35814DB5230ABBFC10A565136DFAC27805F71"
"04_CODE\D_7.22_CODE_AND_DOCS\v71_publication_candidate_working\scripts\fetch_chembl_citations_batch_v71.py"	"2898"	"D334F3782E64C772F3AC5AB1D297A5A4437619ADCC1B2FF7512032DA5D6E9FE7"
"04_CODE\D_7.22_CODE_AND_DOCS\v71_publication_candidate_working\scripts\fetch_chembl_citations_v71.py"	"2632"	"BB188FDDFBA48AC7190C02C68B89EFC7261EF7D447AA38A227D063DF78524B20"
"04_CODE\D_7.22_CODE_AND_DOCS\v71_publication_candidate_working\scripts\finalize_v71_candidate.py"	"4663"	"34C679F63880382C4B86F525C4229D7063F8A0D6C9AE3E355B3F12B1C9043735"
"04_CODE\D_7.22_CODE_AND_DOCS\v71_publication_candidate_working\scripts\split_v71_crosswalk.py"	"945"	"856B8080B0958DAAF525AC487A5F738A54D4FD617D3D74E0A12AF8A65E2C538E"
"04_CODE\D_7.22_CODE_AND_DOCS\v71_publication_candidate_working\scripts\validate_v71_tables.py"	"2106"	"A8BBD0D5ADB9396BACC168AF4AC7123A7247051357A68030AB8B633D272A40FE"
"04_CODE\D_finale_CODE_AND_DOCS\00_交接说明\01_项目与数据交接说明.md"	"2492"	"C9CD614166680756DC31E614CF48485A69307F27D19929176AEAAE920C4A3771"
"04_CODE\D_finale_CODE_AND_DOCS\00_交接说明\02_正式表与展示图索引.md"	"3294"	"9C38A7CDB67BAC9211D260723AB48CBE4D2A830782A466C590475B4439A58D83"
"04_CODE\D_finale_CODE_AND_DOCS\00_交接说明\03_复现流程.md"	"3029"	"67877035B1AD6AAA8D25C41B193C71602EB6C45B12735B4725C55A74C00EE6C1"
"04_CODE\D_finale_CODE_AND_DOCS\00_交接说明\04_已知限制与授权边界.md"	"2409"	"E06A3D326C6657B89F12F94F679CD168B2BFA627AF64D0F9F416124273DB179A"
"04_CODE\D_finale_CODE_AND_DOCS\00_交接说明\07_HANDOFF_SUMMARY_EN.md"	"885"	"59ABFEC205F1F4C59238208CDA84FAFF0C07F47815A9B385359BBED92A8AA1A8"
"04_CODE\D_finale_CODE_AND_DOCS\01_正式数据_V6.2\METHODS_v6_2.md"	"672"	"2EDD9811C86EC30FEA1376EF0C0F7B6279D171E1A1F9CEC4706DFE71E723B7C4"
"04_CODE\D_finale_CODE_AND_DOCS\01_正式数据_V6.2\README_v6_2.md"	"495"	"F3EF21E91A0E0EAECBF3172E0CDF6FE4BCE1D88226BDAE905AB935D0E624C02C"
"04_CODE\D_finale_CODE_AND_DOCS\02_V6.3_candidate_20260803\00_docs\METHODS_V6_3.md"	"3096"	"0B6EBE38FBC745889376942058C5872F87FF4DAC34A7872932811C5CE7FE0178"
"04_CODE\D_finale_CODE_AND_DOCS\02_V6.3_candidate_20260803\00_docs\README_V6_3_candidate_zh.md"	"2477"	"450DAC2F2BB748EC13D0584219644276143CCF6DEAF5F6C055864FDA1A43BF38"
"04_CODE\D_finale_CODE_AND_DOCS\02_V6.3_candidate_20260803\00_docs\REPRODUCE_V6_3.ps1"	"3769"	"FB0DD73F3E5A406B9E350C43811791EE86A5E3295725154A9EEB85AC9F80E192"
"04_CODE\D_finale_CODE_AND_DOCS\02_V6.3_candidate_20260803\01_baseline_v6_2\METHODS_v6_2.md"	"672"	"2EDD9811C86EC30FEA1376EF0C0F7B6279D171E1A1F9CEC4706DFE71E723B7C4"
"04_CODE\D_finale_CODE_AND_DOCS\02_V6.3_candidate_20260803\01_baseline_v6_2\README_v6_2.md"	"495"	"F3EF21E91A0E0EAECBF3172E0CDF6FE4BCE1D88226BDAE905AB935D0E624C02C"
"04_CODE\D_finale_CODE_AND_DOCS\02_V6.3_candidate_20260803\08_figures\disease_v63_working\CAPTION_M4_DISEASE_ONTOLOGY_CONTEXT.md"	"765"	"8A2856763AF8C3CE7687649BBE48808F09583891B5C4FF2F6C92DAC86278A90C"
"04_CODE\D_finale_CODE_AND_DOCS\02_V6.3_candidate_20260803\08_figures\disease_v63_working\CAPTION_M5E_SCAFFOLD_DIVERSITY.md"	"701"	"DD3E6C7CFF2FDF366011E519F08F764542A80C08A935B5A6CA2835D871345559"
"04_CODE\D_finale_CODE_AND_DOCS\02_V6.3_candidate_20260803\08_figures\protein_annotation_v63_working\CAPTION_M2_FIVE_AXIS_CLASSIFICATION.md"	"774"	"5CEDAE9D004F480BF60C8EF3A132C4B634B2F4CA1BC680C4BEF716C8CC3318D3"
"04_CODE\D_finale_CODE_AND_DOCS\02_V6.3_candidate_20260803\08_figures\protein_annotation_v63_working\CAPTION_M7_EVIDENCE_LINEAGE.md"	"733"	"167CBFE69EA8684CE59BB4D858BF911761F9B5583E2487FEDADF027D67059932"
"04_CODE\D_finale_CODE_AND_DOCS\02_V6.3_candidate_20260803\08_figures\protein_annotation_v63_working\CAPTION_M8_DOCKING_LINEAGE_RERANK.md"	"546"	"0F6798DBCDEC27F643C2001FF722C53A10112473187725DAE98310F17DAD1ACE"
"04_CODE\D_finale_CODE_AND_DOCS\02_V6.3_candidate_20260803\10_scripts\complex\build_complex_target_module_v0_1.py"	"32293"	"1BC76FC92EC2F4FC9EE6B74E07357052FB49EC5C360DC70A33998B4D5E483DFB"
"04_CODE\D_finale_CODE_AND_DOCS\02_V6.3_candidate_20260803\10_scripts\complex\finalize_complex_target_module_v0_2.py"	"14992"	"216833BC49D5788E010DA8B4A45E5626D499162BDBEE720611DA94EFA0122965"
"04_CODE\D_finale_CODE_AND_DOCS\02_V6.3_candidate_20260803\10_scripts\complex\run_complex_module.ps1"	"1239"	"5CBE04D4FB5115DC79906868D32261123551EC3D2EFF3AA3A3310BE2D98A0233"
"04_CODE\D_finale_CODE_AND_DOCS\02_V6.3_candidate_20260803\10_scripts\disease\build_disease_module.py"	"40004"	"E25485F316E6204FDA886E91EAC76BB7F44A4AB8F406D72524CE04D3F487AE35"
"04_CODE\D_finale_CODE_AND_DOCS\02_V6.3_candidate_20260803\10_scripts\disease\build_m5e_scaffold_diversity.py"	"14273"	"ED4E2CC83ACA20C0E9E5721B9155C54AE0D31BB0B0C4EC07734359C9F267E442"
"04_CODE\D_finale_CODE_AND_DOCS\02_V6.3_candidate_20260803\10_scripts\disease\finalize_disease_module_v2.py"	"5012"	"101F86E90EE5EE2C46FB114E4D4F6F21858F6B10E5A1A154CEC65537F91CD6D4"
"04_CODE\D_finale_CODE_AND_DOCS\02_V6.3_candidate_20260803\10_scripts\disease\replot_m5e_scaffold_diversity_v2.py"	"5626"	"0C7441F8E95EDA3568DEE1C3A6E3835728830326E21BDB1138FD72FC847C0CDC"
"04_CODE\D_finale_CODE_AND_DOCS\02_V6.3_candidate_20260803\10_scripts\disease\run_m5e_scaffold_diversity_v2.py"	"988"	"2AEC4C4C445897423E774747D642F2C1FA3ED4054EE43DD4DA0110578F04C872"
"04_CODE\D_finale_CODE_AND_DOCS\02_V6.3_candidate_20260803\10_scripts\identity\build_identity_layer.py"	"33618"	"A6D65A9F259B0CF116F02B92291AC09AF4FDEB859F74ED80E116A0DEE54DF419"
"04_CODE\D_finale_CODE_AND_DOCS\02_V6.3_candidate_20260803\10_scripts\identity\build_review_workbook.mjs"	"15786"	"33964DC91ABCCC184FEEABD796B9F8D97101496E79D5259635507D022549F5A7"
"04_CODE\D_finale_CODE_AND_DOCS\02_V6.3_candidate_20260803\10_scripts\identity\extend_complex_identity_v2.py"	"18472"	"5246426C9ED566B13D06413402887906ED7D6B5B66BD149C5608EECA182D5D71"
"04_CODE\D_finale_CODE_AND_DOCS\02_V6.3_candidate_20260803\10_scripts\identity\fetch_explicit_isoforms.py"	"3525"	"6B596457DB5796F0364EFF113F5F2A6B1533727B38BC44B677BEAFE6CB7D2E74"
"04_CODE\D_finale_CODE_AND_DOCS\02_V6.3_candidate_20260803\10_scripts\identity\fetch_missing_external_canonical.py"	"3062"	"AE15107F463ABFA2D727F3DFB07971361252593BADA68241401677ABF6D96ADB"
"04_CODE\D_finale_CODE_AND_DOCS\02_V6.3_candidate_20260803\10_scripts\identity\finalize_identity_layer_v3.py"	"11250"	"EF4FE1E7BA88302214E3EB8970A8DA8DD4E1F54AF80EE877EA41C028AA100E0B"
"04_CODE\D_finale_CODE_AND_DOCS\02_V6.3_candidate_20260803\10_scripts\identity\make_package_manifest.py"	"1756"	"C483E5A531A46A711A036522BA3A4953F392322681E29C9E69FEC85BC5B184E9"
"04_CODE\D_finale_CODE_AND_DOCS\02_V6.3_candidate_20260803\10_scripts\identity\run_build_identity_fixed.py"	"382"	"D4DE54C66BD88BE36AF8F386CAB0CC1ED6832B5F7E8F08E105D86DCDBF6ACB3A"
"04_CODE\D_finale_CODE_AND_DOCS\02_V6.3_candidate_20260803\10_scripts\identity\run_extend_complex_identity_v2_fixed.py"	"702"	"1474CA88B7A4C06D76E1772C4ED8C81CC771E0974CE0C5ACB02CDC149A0B6847"
"04_CODE\D_finale_CODE_AND_DOCS\02_V6.3_candidate_20260803\10_scripts\identity\run_pipeline.ps1"	"3450"	"06AD3E7757B63CFCDDC464F15270470928B64582EE8482EE04D8E528410D69D5"
"04_CODE\D_finale_CODE_AND_DOCS\02_V6.3_candidate_20260803\10_scripts\identity\verify_review_workbook.mjs"	"1562"	"F922FB80B890F6769B6B4D074228D4BDE9026CF00697F8079DBE3B58C7031135"
"04_CODE\D_finale_CODE_AND_DOCS\02_V6.3_candidate_20260803\10_scripts\protein\build_evidence_lineage_v63.py"	"18994"	"45BE3312BA26569CA069C85BE01D28E56E4054BAD32824BE2BABE9E521CCE4CA"
"04_CODE\D_finale_CODE_AND_DOCS\02_V6.3_candidate_20260803\10_scripts\protein\build_protein_cross_classification_v63.py"	"23194"	"3CDE5819F1C53E8E9559220E4F8B0236B752A745B2A36F318A0090E967AB01A9"
"04_CODE\D_finale_CODE_AND_DOCS\02_V6.3_candidate_20260803\10_scripts\protein\build_v63_m2_m4_figures.py"	"14431"	"F4C80CDAD421FB003F7B3D98BE71A05BE3052E21F073B8572884322F860329F0"
"04_CODE\D_finale_CODE_AND_DOCS\02_V6.3_candidate_20260803\10_scripts\protein\build_v63_m7_m8_figures.py"	"10220"	"FC78D10104FD5A2EAC6AB9A12BF8D55D96C909C591A036EB524EC71F6DAF213E"
"04_CODE\D_finale_CODE_AND_DOCS\02_V6.3_candidate_20260803\10_scripts\protein\run_protein_cross_classification_v63.py"	"579"	"00DE50AB8AC812639E356DDD7EF3B3E1B6A4B42F17FA6BA5A2AAF48654DF9DF9"
"04_CODE\D_finale_CODE_AND_DOCS\02_V6.3_candidate_20260803\10_scripts\protein\run_v63_m7_m8_figures_v2.py"	"690"	"ADB24F7F412A796A254BE4FDC9A60F973B61D0EA126105B2F267F2A2FF5B9F90"
"04_CODE\D_finale_CODE_AND_DOCS\02_V6.3_candidate_20260803\10_scripts\protein\run_v63_m7_m8_figures_v3.py"	"757"	"E078C19CB7FE3C91C902D40A710EC28EF9D0E076803B5A59393701186B7CE0B1"
"04_CODE\D_finale_CODE_AND_DOCS\02_V6.3_candidate_20260803\10_scripts\protein\run_v63_m7_m8_figures_v4.py"	"750"	"9D31227B577E4829FACBC8DCD296311BBD3375226F742111F060906C760EB802"
"04_CODE\D_finale_CODE_AND_DOCS\02_展示图表_V6.2\captions\CAPTION_M0_SOURCE_VERSIONS.md"	"2019"	"05CCA131316970F1014CF6E3A05012B26F313980E99B430AA3A166BC88315255"
"04_CODE\D_finale_CODE_AND_DOCS\02_展示图表_V6.2\captions\CAPTIONS_ALL_FIGURES.md"	"6037"	"DDFB1D84FD48B39EB866C95BBF53BAE1EC671A65CBF3C5B6892A3A62E39785BD"
"04_CODE\D_finale_CODE_AND_DOCS\02_展示图表_V6.2\captions\CAPTIONS_M1_M4.md"	"2023"	"A075F0FA56D2A9C7A6C9642E086A7AAB3467CC32099BD936A569C82401A1985F"
"04_CODE\D_finale_CODE_AND_DOCS\02_展示图表_V6.2\captions\CAPTIONS_M5_M8.md"	"1932"	"D132CC51286305CB920551343A454E935242C12285DA06634DCADEECA2CF4E00"
"04_CODE\D_finale_CODE_AND_DOCS\02_展示图表_V6.2\captions\CAPTIONS_SUPPLEMENTARY_FIGURES.md"	"2043"	"2AA5B6CD1807DDA7590D62E56D0A7A173EE2D916C1D87243FDCD68D0BDA98451"
"04_CODE\D_finale_CODE_AND_DOCS\02_展示图表_V6.2\README_FIGURES.md"	"1317"	"8BF0A1ACB5592B2DAEA8BBBDCD5F4E27BAF718593C6E20B20069877A832DE70C"
"04_CODE\D_finale_CODE_AND_DOCS\03_Docking名单_V6.2\DOCKING_HPC_SHORTLIST_V2_V62_DATA_DICTIONARY.md"	"1002"	"109D1AB65911D9A3C12DFD59417BD8F308B2F7D8D07944931F5F2C413838CC25"
"04_CODE\D_finale_CODE_AND_DOCS\03_V6.3.1_readiness_20260803\00_docs\edit_v631_deck_v2.mjs"	"11544"	"0F06B5174AB9A02E3C8DD0AA1E22A9622192571CFCDD07B657B2B3C3E6FECC84"
"04_CODE\D_finale_CODE_AND_DOCS\03_V6.3.1_readiness_20260803\01_engineering\build_v631_readiness.py"	"17349"	"515A57FBA9F6B8549AC1C5DC48C4BBCAC5410D742646CB4535857BADB79A818A"
"04_CODE\D_finale_CODE_AND_DOCS\03_V6.3.1_readiness_20260803\01_engineering\environment.yml"	"488"	"79DD974AE2D2109E9717383717C8F3F4EEABB8501C5CEE54D4CD8435057E60CC"
"04_CODE\D_finale_CODE_AND_DOCS\03_V6.3.1_readiness_20260803\01_engineering\verify_v631_environment.py"	"603"	"B23F862A602593B2A282F4197513F65ED9B05B150D206148570BAD79262ED208"
"04_CODE\D_finale_CODE_AND_DOCS\03_V6.3.1_readiness_20260803\02_review_queues\retired_accession_audit\README_zh.md"	"2703"	"7102DBA5BA54CC47F4988767B590F10609F1440A2FD13646103F2083BC7A7D32"
"04_CODE\D_finale_CODE_AND_DOCS\03_V6.3.1_readiness_20260803\04_docking_hpc\README_DOCKING_HPC.md"	"1062"	"A4695FD2EA782995E6DBF1A76520AFF4FCB2238613243411AB514856F7DED1D2"
"04_CODE\D_finale_CODE_AND_DOCS\03_V6.3.1_readiness_20260803\04_docking_hpc\slurm_vina_array.sh"	"1092"	"4DACB3A61E5A5D5A7CBAD7AFC49936792FDE53172C9FD561E78A26B33984E1EF"
"04_CODE\D_finale_CODE_AND_DOCS\03_V6.3.1_readiness_20260803\06_figures_v63\disease_v63_working\CAPTION_M4_DISEASE_ONTOLOGY_CONTEXT.md"	"765"	"8A2856763AF8C3CE7687649BBE48808F09583891B5C4FF2F6C92DAC86278A90C"
"04_CODE\D_finale_CODE_AND_DOCS\03_V6.3.1_readiness_20260803\06_figures_v63\disease_v63_working\CAPTION_M5E_SCAFFOLD_DIVERSITY.md"	"701"	"DD3E6C7CFF2FDF366011E519F08F764542A80C08A935B5A6CA2835D871345559"
"04_CODE\D_finale_CODE_AND_DOCS\03_V6.3.1_readiness_20260803\06_figures_v63\protein_annotation_v63_working\CAPTION_M2_FIVE_AXIS_CLASSIFICATION.md"	"774"	"5CEDAE9D004F480BF60C8EF3A132C4B634B2F4CA1BC680C4BEF716C8CC3318D3"
"04_CODE\D_finale_CODE_AND_DOCS\03_V6.3.1_readiness_20260803\06_figures_v63\protein_annotation_v63_working\CAPTION_M7_EVIDENCE_LINEAGE.md"	"733"	"167CBFE69EA8684CE59BB4D858BF911761F9B5583E2487FEDADF027D67059932"
"04_CODE\D_finale_CODE_AND_DOCS\03_V6.3.1_readiness_20260803\06_figures_v63\protein_annotation_v63_working\CAPTION_M8_DOCKING_LINEAGE_RERANK.md"	"546"	"0F6798DBCDEC27F643C2001FF722C53A10112473187725DAE98310F17DAD1ACE"
"04_CODE\D_finale_CODE_AND_DOCS\03_V6.3.1_readiness_20260803\README.md"	"1152"	"11838FCE41D2157597B36CFCD0969373BADF84E48EFFF61A528977A7F320B596"
"04_CODE\D_finale_CODE_AND_DOCS\04_V6.3.1_isoform_accession_audit_20260803\README_zh.md"	"2703"	"7102DBA5BA54CC47F4988767B590F10609F1440A2FD13646103F2083BC7A7D32"
"04_CODE\D_finale_CODE_AND_DOCS\04_复现代码\evidence_expansion_config\evidence_policy_v2.md"	"1304"	"D6700BF312C364BB7049F928D837175041BDB820F0CD2E9C03CD888F98337195"
"04_CODE\D_finale_CODE_AND_DOCS\04_复现代码\evidence_expansion_scripts\audit_incremental_ready_v4.py"	"7221"	"BBE36A08A3E4BC429AFCB919F40BA1AB4164873639ACED9D6DCE361499B68DC5"
"04_CODE\D_finale_CODE_AND_DOCS\04_复现代码\evidence_expansion_scripts\build_docking_hpc_shortlists_v62.py"	"15566"	"3F35D02AEAC939F1397450402C7A6C42EF06DD869100AE0A3D3ACD19B58F6BE1"
"04_CODE\D_finale_CODE_AND_DOCS\04_复现代码\evidence_expansion_scripts\build_docking_selection_v1.py"	"31809"	"CBFAB4DF1D75496561E08632ED362203AB633A74531F1C42A372A644012B63F3"
"04_CODE\D_finale_CODE_AND_DOCS\04_复现代码\evidence_expansion_scripts\build_docking_selection_v1_v61.py"	"1658"	"92B4B7D7C68EE3E7F01BF63289DFDA88D78ECA6192656E3615121D9B45F31C6C"
"04_CODE\D_finale_CODE_AND_DOCS\04_复现代码\evidence_expansion_scripts\build_docking_selection_v1_v62.py"	"1634"	"63384235A9F72503B4C5E2C41324B6378AD124D1C49CB4ADBB9939717966FC25"
"04_CODE\D_finale_CODE_AND_DOCS\04_复现代码\evidence_expansion_scripts\build_expression_location_module_v1.py"	"53956"	"9F059F12F891BA09F5919A778CD2403E357D0E167E8D326FAB6D26A93755EACB"
"04_CODE\D_finale_CODE_AND_DOCS\04_复现代码\evidence_expansion_scripts\build_expression_location_module_v2.py"	"35211"	"1EF53445C2E3536F141736FAA2E6C8BFAACCE9E6FF7183D292C2791536490DC6"
"04_CODE\D_finale_CODE_AND_DOCS\04_复现代码\evidence_expansion_scripts\build_figures_m1_m4_v62.py"	"36975"	"87CA81097C27C319C3B65BA8C4C581B0D1769E17F217ABE9922EEED25662CD9F"
"04_CODE\D_finale_CODE_AND_DOCS\04_复现代码\evidence_expansion_scripts\build_figures_m5_m8_v62.py"	"36270"	"9C87837DF4DCBB51A9CEF90E3E9E09D748BC306440EF0FF80439142FFB0EAE57"
"04_CODE\D_finale_CODE_AND_DOCS\04_复现代码\evidence_expansion_scripts\build_incremental_evidence_release_v6.py"	"44319"	"86F0C3410FF1D943D54AD3DB7978FA43B595DF64ACFA78D601E4A160129CB0C9"
"04_CODE\D_finale_CODE_AND_DOCS\04_复现代码\evidence_expansion_scripts\build_incremental_master_release_v6.py"	"11874"	"F61330BB0964D95966400D838011DE0973B4724217F1C56D410A5B60CF0E1AA0"
"04_CODE\D_finale_CODE_AND_DOCS\04_复现代码\evidence_expansion_scripts\build_integration_index_v2.py"	"8166"	"862D9FFEBC15D6AD8DE3BB6840B70F568370DE8E17F927397C322B9871C333D6"
"04_CODE\D_finale_CODE_AND_DOCS\04_复现代码\evidence_expansion_scripts\build_pre_pubchem_incremental_delta_v3.py"	"10465"	"D88F2696CC67A72B00FB60E1246ABD1E1ACBE2F2A5EF958E58BA489C9CEC6F23"
"04_CODE\D_finale_CODE_AND_DOCS\04_复现代码\evidence_expansion_scripts\build_source_version_figure_v62.py"	"7858"	"61C3AD127BC0C641A496466640A3DE8EF2053D0A07BC4C572C51A5E67826217F"
"04_CODE\D_finale_CODE_AND_DOCS\04_复现代码\evidence_expansion_scripts\build_subunit_assembly_module_v1.py"	"28186"	"97504FCA01E765ACE72F47D19408CA1B7B7E7BD9A830A11E8F803E2E54948943"
"04_CODE\D_finale_CODE_AND_DOCS\04_复现代码\evidence_expansion_scripts\build_subunit_assembly_module_v2.py"	"25700"	"159A8D68E6AFC1EC7529E433FC0E4C61FBADDEECB95B705E98A7E804D0419BA0"
"04_CODE\D_finale_CODE_AND_DOCS\04_复现代码\evidence_expansion_scripts\build_supplementary_figures_v62.py"	"26277"	"C1B5338AD3FFCBCC9586BEEAB0027BE72476DDEF3B8A4F98E0852523A4DAD3F8"
"04_CODE\D_finale_CODE_AND_DOCS\04_复现代码\evidence_expansion_scripts\build_v61_premerge_identity.py"	"25052"	"4FCAEB543A2F42139E2EF060B208BC938E2D067633626C0DF573754A592365B3"
"04_CODE\D_finale_CODE_AND_DOCS\04_复现代码\evidence_expansion_scripts\build_v61_release_delta_preview.py"	"12622"	"55CC576994B225969529F5C33EEEBD4EC3136FB1D53AB58FFE056ECC29D64DC2"
"04_CODE\D_finale_CODE_AND_DOCS\04_复现代码\evidence_expansion_scripts\correct_v61_reconciliation_freeze.py"	"4068"	"2AB257BAF21D4A0E4D98F14FDF7D4D4E43FFB43CCDAC568FA599E340EFD0E2FD"
"04_CODE\D_finale_CODE_AND_DOCS\04_复现代码\evidence_expansion_scripts\discover_pubchem_aids_v2.py"	"7307"	"5A7CCBB76C93427C4B0E6B5E6A1C70DC57A4A21B2C7C61DC0A48AC3B55BA73AA"
"04_CODE\D_finale_CODE_AND_DOCS\04_复现代码\evidence_expansion_scripts\download_hpa_v62.py"	"5417"	"FE3D2E1D5E8ED6CD6B061B2303C1682BBAC8353434069A2FCC0DD75853299FAA"
"04_CODE\D_finale_CODE_AND_DOCS\04_复现代码\evidence_expansion_scripts\fetch_gpcrdb_ligands_v2.py"	"7560"	"F122CBE96E7B527548B26BAF4E56C3ED4F1C3F53DFE474F63789D4B62A1671D9"
"04_CODE\D_finale_CODE_AND_DOCS\04_复现代码\evidence_expansion_scripts\fetch_negative_pubchem_properties_v62.py"	"8430"	"FE6121B1BD9FF10242495E686A134797BB2E1EEA55CE800B1EFA692897DB3396"
"04_CODE\D_finale_CODE_AND_DOCS\04_复现代码\evidence_expansion_scripts\fetch_pdbe_ligand_sites_v2.py"	"8050"	"987CD9FEAD6862398EFCA3D940C498DD63AB7AEC09F77D984ECC418000FCA4BE"
"04_CODE\D_finale_CODE_AND_DOCS\04_复现代码\evidence_expansion_scripts\fetch_pubchem_compound_properties_v61.py"	"12202"	"544AEB1CF35E6CB87C1B45D62D6A3C285D6203F80B8176116296B0F1C4FA682D"
"04_CODE\D_finale_CODE_AND_DOCS\04_复现代码\evidence_expansion_scripts\fetch_pubchem_protein_concise_v2.py"	"10185"	"806A5F3FC7B6BC42C6CBF7F44AF3FACEDA67180802AE027403C68C8462600B0F"
"04_CODE\D_finale_CODE_AND_DOCS\04_复现代码\evidence_expansion_scripts\fetch_rcsb_ccd_properties_v61.py"	"15673"	"516D5B35E454741644A09E16C3E18E7BF58E8806158B1B56DA9CECBD0264D07F"
"04_CODE\D_finale_CODE_AND_DOCS\04_复现代码\evidence_expansion_scripts\figure_style_v62.py"	"8529"	"118BC135B5692E74CFDF80896E3BA8B2A1A17CB86AD1609B20BB26001B64383A"
"04_CODE\D_finale_CODE_AND_DOCS\04_复现代码\evidence_expansion_scripts\finalize_v61_release.py"	"99928"	"E4F57E0A0328EDF60D4EC90DF2E4B3BCBC3AF14C74CC406B1B6754736F70F28B"
"04_CODE\D_finale_CODE_AND_DOCS\04_复现代码\evidence_expansion_scripts\finalize_v62_release.py"	"35677"	"A9B8464DB511B92E3886FFFFF22BC5048D8C2DB5CDCD9D2BD5017FBD61310EA7"
"04_CODE\D_finale_CODE_AND_DOCS\04_复现代码\evidence_expansion_scripts\freeze_baseline_v2.py"	"6781"	"B4C362A9A5A224BCA41C5EA954E8AAD6E88462A8785D0547C83A879C6EDA426E"
"04_CODE\D_finale_CODE_AND_DOCS\04_复现代码\evidence_expansion_scripts\initialize_incremental_run_v3.py"	"7883"	"37633D777B422C0AAFF186189CCAE16233BDD3F6D860700BD64714813B980BA7"
"04_CODE\D_finale_CODE_AND_DOCS\04_复现代码\evidence_expansion_scripts\initialize_v61_identity_expansion.py"	"15508"	"1B5BA5C079D952D53B758A057F5E015454E64D8A4771802EDC233E9DE312FA4A"
"04_CODE\D_finale_CODE_AND_DOCS\04_复现代码\evidence_expansion_scripts\map_pubchem_properties_v61.py"	"10768"	"1C83CC2A0B24A4EA452C7907128FBD61115104DC9105B025A52B5331830E9DFA"
"04_CODE\D_finale_CODE_AND_DOCS\04_复现代码\evidence_expansion_scripts\merge_structural_identity_candidates_v61.py"	"9650"	"6F8CB238E28E142F8EF82C3AD99B73B5A6AF66C62716AA56F652DDADF34C6793"
"04_CODE\D_finale_CODE_AND_DOCS\04_复现代码\evidence_expansion_scripts\monitor_v61_finalization_gate.py"	"2418"	"3C60271FB158623CE2099B3E84FAFB65D1A0EDA3B3A24F2B9D6627BCECD5BD37"
"04_CODE\D_finale_CODE_AND_DOCS\04_复现代码\evidence_expansion_scripts\normalize_brenda_human_membrane_v3.py"	"28943"	"3F2667246D92BF8754851DA38B4FFD9C92B7DFCE6F9A6292A5BF6E43A3A7F3A7"
"04_CODE\D_finale_CODE_AND_DOCS\04_复现代码\evidence_expansion_scripts\normalize_gpcrdb_ligands_v2.py"	"22802"	"6B1186B257C527FDC0D64FBF1C0493F558A056D43D4B5AC5E1820830259B5F63"
"04_CODE\D_finale_CODE_AND_DOCS\04_复现代码\evidence_expansion_scripts\normalize_pdbbind_membrane_v3.py"	"22210"	"660EA343C83FEE0D1F4A48F497D69B6146744E086CB48AC2A5D2F55D9736E745"
"04_CODE\D_finale_CODE_AND_DOCS\04_复现代码\evidence_expansion_scripts\normalize_pdbe_ligand_sites_v3.py"	"17347"	"2B66A7AF83650E1A9A48AC3BA72C405F825BA873C537CB32B7AA151912EA3655"
"04_CODE\D_finale_CODE_AND_DOCS\04_复现代码\evidence_expansion_scripts\normalize_pubchem_protein_concise_v3.py"	"18540"	"2D6E2810FFF4CCB0008613C163B1EDDFD59958409C4A01F5B9F3BFA91738D974"
"04_CODE\D_finale_CODE_AND_DOCS\04_复现代码\evidence_expansion_scripts\preflight_v62_qa.py"	"9115"	"8ECD9AA94F05D6F7C5BA1C8C90CD4225174DE1CAE1B3B36AB6C911E94BD0C42F"
"04_CODE\D_finale_CODE_AND_DOCS\04_复现代码\evidence_expansion_scripts\prepare_brenda_compound_identity_queue_v3.py"	"7560"	"EC486E78B1EBD03C0503E585B559254981BE19AADBC138B9867854A1AC841031"
"04_CODE\D_finale_CODE_AND_DOCS\04_复现代码\evidence_expansion_scripts\prepare_negative_identity_v62.py"	"7746"	"27249A2B712B755DA416478E0058EB934952B928F070BD7C18B3D7EE0F8F2630"
"04_CODE\D_finale_CODE_AND_DOCS\04_复现代码\evidence_expansion_scripts\prepare_pdbbind_membrane_subset_v2.py"	"6251"	"D2B19E0B21FDF44CDE1343088B33ED982E109CE1B44D355F06FF3D95A243676A"
"04_CODE\D_finale_CODE_AND_DOCS\04_复现代码\evidence_expansion_scripts\prepare_pubchem_target_map_v2.py"	"2953"	"9D7ACEF847F0B23D04EB5F9879C5B10A008A38E9F04ECF831172369DF2788EE6"
"04_CODE\D_finale_CODE_AND_DOCS\04_复现代码\evidence_expansion_scripts\profile_figure_inputs_v62.py"	"3445"	"EB96BD398C16BE256D51FC4E31FAFAE9DBAD92917BB188B68CE2153D4516EC90"
"04_CODE\D_finale_CODE_AND_DOCS\04_复现代码\evidence_expansion_scripts\repair_v61_validation_blockers.py"	"9866"	"489BC2F23B524C61E7F102C8C8673BCD701E9B10EF046B37707E4215416CB39D"
"04_CODE\D_finale_CODE_AND_DOCS\04_复现代码\evidence_expansion_scripts\resolve_brenda_names_v61.py"	"19888"	"0625926370177F523BF52DA2D3CEF07BB304E6447F4778F8D06F3BD6FCFC5E37"
"04_CODE\D_finale_CODE_AND_DOCS\04_复现代码\evidence_expansion_scripts\resolve_negative_evidence_v62.py"	"36194"	"CE229550C400C114A0918C00DA8241DB7CBBB8A5D9C5DF06E8F5F64B1E6B8CC5"
"04_CODE\D_finale_CODE_AND_DOCS\04_复现代码\evidence_expansion_scripts\resolve_pdbbind_ligands_v61.py"	"12691"	"5B4ECDA3CAEC0D08C69517FF12111D6BD1CD64E58C891E2608E9BE1F8E607342"
"04_CODE\D_finale_CODE_AND_DOCS\04_复现代码\evidence_expansion_scripts\resume_v61_after_canonical.py"	"12166"	"534DFF3AACAF68802B3D099CA6BF76ECDAA4BDFA715A383A6B94C0D88C715571"
"04_CODE\D_finale_CODE_AND_DOCS\04_复现代码\evidence_expansion_scripts\resume_v61_after_evidence.py"	"9627"	"FEF318B0EBD602D898174A13867467B1A7AB34EB969654635040BE61D95E959E"
"04_CODE\D_finale_CODE_AND_DOCS\04_复现代码\evidence_expansion_scripts\resume_v61_pair_and_freeze.py"	"5606"	"9F7615885BBB652D7762B5F7A347ED3E42293C731A56C5208C7FD3BE03D9C3BB"
"04_CODE\D_finale_CODE_AND_DOCS\04_复现代码\evidence_expansion_scripts\run_after_negative_fetch_v62.ps1"	"990"	"DFA7E13D527CF4A295A82FE51898C3A873B9DF3B8CAC28467DC66B566722105C"
"04_CODE\D_finale_CODE_AND_DOCS\04_复现代码\evidence_expansion_scripts\run_brenda_after_pubchem_v61.py"	"956"	"457DE78EE6A9C643F043C624D3AAA00AD6BCF08101A7D536B64B1F3173A557D0"
"04_CODE\D_finale_CODE_AND_DOCS\04_复现代码\evidence_expansion_scripts\run_finalize_incremental_v6.py"	"2903"	"4303F26375284F5B2FB033068DC8B627760CEE38D3AEF439BD47FC95A5457F34"
"04_CODE\D_finale_CODE_AND_DOCS\04_复现代码\evidence_expansion_scripts\run_finalize_v62_when_ready.ps1"	"1214"	"AD36B36D21BF0E43FE937E18BB148330D68F62808E102B0FDA4E0EF3977553C2"
"04_CODE\D_finale_CODE_AND_DOCS\04_复现代码\evidence_expansion_scripts\run_negative_identity_v62.ps1"	"408"	"24DC8A7EBE5823D2F2F334C4830FE31BE780DC80EA4B6B5DFBE4DC38941DB918"
"04_CODE\D_finale_CODE_AND_DOCS\04_复现代码\evidence_expansion_scripts\run_pubchem_remaining_v61.py"	"2002"	"C8ED25482A988D4AD2830C5E1539C0EF252538E277712650814A42BCEE2237A2"
"04_CODE\D_finale_CODE_AND_DOCS\04_复现代码\evidence_expansion_scripts\validate_and_freeze_release_v6.py"	"15340"	"A2AB6DB75398507A1E84B35BD90A3FCB1F0E6DA332A2D59F6CA12B84D8D7129D"
"04_CODE\D_finale_CODE_AND_DOCS\04_复现代码\evidence_expansion_scripts\validate_figure_package_v62.py"	"6116"	"0340F32A7BF5551CC9DDFF160DBC97E26F575337DAF3385EDAF4351DAC8D34E2"
"04_CODE\D_finale_CODE_AND_DOCS\04_复现代码\evidence_expansion_scripts\validate_gpcrdb_normalization_v2.py"	"7952"	"D2758F72DA51F9A2175F06A7CE63FC324B0CE30770552C254FA7F8A043D96028"
"04_CODE\D_finale_CODE_AND_DOCS\04_复现代码\evidence_expansion_scripts\validate_v61_premerge.py"	"6390"	"DE15CE42B5A610E6C246F6115DFAA7FCBDAD80BF2A0A3232683C91CB8730BCBD"
"04_CODE\D_finale_CODE_AND_DOCS\04_复现代码\evidence_expansion_scripts\validate_v61_release_delta_preview.py"	"6209"	"2D2D413C69C39569C6529FF390AFC2D462B4D798CCE0A2617B0C3E588FD45E14"
"04_CODE\D_finale_CODE_AND_DOCS\04_复现代码\membrane_master_release_reproducibility\scripts\build_v52_evidence_tiers.py"	"14542"	"8991735D6F981490BFDCABCDDF4EA2DA623E44DB27544DA6D577BB1568352F03"
"04_CODE\D_finale_CODE_AND_DOCS\04_复现代码\membrane_master_release_reproducibility\scripts\build_v53_sequence_release.py"	"12189"	"812BF64124451AA7FCB0DE9BE043D0EED85B0D1195B765E9B2344C42D7E24F84"
"04_CODE\D_finale_CODE_AND_DOCS\04_复现代码\membrane_master_release_reproducibility\scripts\build_v53_workbook.mjs"	"17333"	"126C1BF47D6B59E945A298B14B7180EEBD2653D9FCC788630F48ABA6FE604DE2"
"04_CODE\D_finale_CODE_AND_DOCS\04_复现代码\membrane_master_release_reproducibility\scripts\fetch_uniprot_sequences_v53.py"	"10602"	"C0BD70467C811989E3383F86306DDAF6B0779DC073B484D4CC87902AA1E6E60D"
"04_CODE\D_finale_CODE_AND_DOCS\04_复现代码\membrane_master_release_reproducibility\scripts\validate_package_v53.py"	"15199"	"6CB93119884825A3C14F660D35A924491C848148087E6151ACA5175261B1B2B0"
"04_CODE\D_finale_CODE_AND_DOCS\04_复现代码\membrane_master_scripts\bootstrap_v5.py"	"1810"	"13A84A73E330C3D69DD385187A74495C681036EBFB4037B0BCCB966A5CD8603C"
"04_CODE\D_finale_CODE_AND_DOCS\04_复现代码\membrane_master_scripts\build_v5_master.py"	"53947"	"7CC8B7EC423FD934B06FA1092393520C62A20F1AE530B25A06E3693C443CD8A2"
"04_CODE\D_finale_CODE_AND_DOCS\04_复现代码\membrane_master_scripts\build_v51_preliminary_review.py"	"32066"	"641EF24101FDF6C5887AD510B52B9C1320EF54FBD7F9C569C213AEB306540451"
"04_CODE\D_finale_CODE_AND_DOCS\04_复现代码\membrane_master_scripts\build_v51_release.py"	"17753"	"C85E5A8177357B40D61D7579EA7BB75A721B4609135B9330AE67AA6D463BAD51"
"04_CODE\D_finale_CODE_AND_DOCS\04_复现代码\membrane_master_scripts\build_v52_evidence_tiers.py"	"14542"	"8991735D6F981490BFDCABCDDF4EA2DA623E44DB27544DA6D577BB1568352F03"
"04_CODE\D_finale_CODE_AND_DOCS\04_复现代码\membrane_master_scripts\build_v53_sequence_release.py"	"12189"	"812BF64124451AA7FCB0DE9BE043D0EED85B0D1195B765E9B2344C42D7E24F84"
"04_CODE\D_finale_CODE_AND_DOCS\04_复现代码\membrane_master_scripts\download_v5_sources.ps1"	"3608"	"700325139E21365FB5F979C04889EDAB658DD98D039BA6D3742F7901C1B2B8FA"
"04_CODE\D_finale_CODE_AND_DOCS\04_复现代码\membrane_master_scripts\download_v51_aux_sources.py"	"4129"	"E0B191356685B4E90A2BFD4C35D6298376378AD5C33C7460C3A581F8AC4A4A1F"
"04_CODE\D_finale_CODE_AND_DOCS\04_复现代码\membrane_master_scripts\download_v51_pdbe_mappings.py"	"9669"	"8396BEA9715692713F42A752FC68E57B72C9BCD85BD980694A48D1D459765532"
"04_CODE\D_finale_CODE_AND_DOCS\04_复现代码\membrane_master_scripts\download_v51_review_sources.py"	"5902"	"965D1D21CEF9DA444348B046322389AC654BC2A8448A97BBE0348DC0F931CE51"
"04_CODE\D_finale_CODE_AND_DOCS\04_复现代码\membrane_master_scripts\fetch_uniprot_sequences_v53.py"	"10602"	"C0BD70467C811989E3383F86306DDAF6B0779DC073B484D4CC87902AA1E6E60D"
"04_CODE\D_finale_CODE_AND_DOCS\04_复现代码\membrane_master_scripts\finalize_v51_review.py"	"10129"	"78DE7EF1BD349511CB3901C5D5B26093917CC0B0E362C4C1EACC535BE5366EE2"
"04_CODE\D_finale_CODE_AND_DOCS\04_复现代码\membrane_master_scripts\package_v5_release.py"	"4922"	"D306280DE4B4861570DC30557EBAF8565AB7EB8643196174E46288A3BC20E621"
"04_CODE\D_finale_CODE_AND_DOCS\04_复现代码\membrane_master_scripts\validate_package_v51.py"	"9274"	"10E4ED5B9B19DC29CE3EBE696C438C96F8CB0B9CADBD2F7A485EFECAFAA63998"
"04_CODE\D_finale_CODE_AND_DOCS\04_复现代码\membrane_master_scripts\validate_package_v52.py"	"9511"	"431A5EAA9DAC40D593FB3D8A90DB7E7DD7AC80CAB7E75514666E4EBD3CA3C9B3"
"04_CODE\D_finale_CODE_AND_DOCS\04_复现代码\membrane_master_scripts\validate_package_v53.py"	"15199"	"6CB93119884825A3C14F660D35A924491C848148087E6151ACA5175261B1B2B0"
"04_CODE\D_finale_CODE_AND_DOCS\04_复现代码\membrane_master_scripts\validate_v5.py"	"6079"	"5C8479EC57E78EAD61301DE761D6E59F6C49D04431BF5F350AEDFCA082BB540B"
"04_CODE\D_finale_CODE_AND_DOCS\04_复现代码\membrane_master_scripts\write_v5_docs.py"	"17233"	"75A7AF15EC81F816D829C0C3B0B6FA403D243DFD51565EBFB3FB8FC617E30EA2"
"04_CODE\D_finale_CODE_AND_DOCS\04_复现代码\small_molecule_scripts\add_missing_binding_compounds_v1.py"	"3329"	"F3CF1E5037A78C14457FD3FE6E9B43C32DB073467BB91672AA0AF14B18A81D9B"
"04_CODE\D_finale_CODE_AND_DOCS\04_复现代码\small_molecule_scripts\build_small_molecule_release_v1.py"	"75662"	"D758A4C135E35B75F0FE61E20F5883BA04BD6335C1390CE710F08BA6525D3922"
"04_CODE\D_finale_CODE_AND_DOCS\04_复现代码\small_molecule_scripts\extract_chebi_mapping_v1.py"	"8494"	"CFF5210EAE2AE1BFCF4AF9D254331D8241DA45C3CF499ACFA77518A95474B314"
"04_CODE\D_finale_CODE_AND_DOCS\04_复现代码\small_molecule_scripts\extract_chembl37_structures_v1.py"	"2995"	"89DB09FFAA0CA8ED21C4E0D0BE3CF947BA5E8092BA4EEC23D9A93D49A959C5F8"
"04_CODE\D_finale_CODE_AND_DOCS\04_复现代码\small_molecule_scripts\fetch_chembl37_metadata_v1.py"	"9214"	"972A743A43334533FD0DBC135F385B01DE0D1658D5350CCC2715DA4E4CCC4338"
"04_CODE\D_finale_CODE_AND_DOCS\04_复现代码\small_molecule_scripts\fetch_pubchem_missing_v1.py"	"5660"	"28A4578680B32983F6DF929DF69B2CDC9452B92579895D4BFA05708393D5D113"
"04_CODE\D_finale_CODE_AND_DOCS\04_复现代码\small_molecule_scripts\inspect_small_molecule_release_v1.py"	"2142"	"C3F61B23522766CA7BFDF2D4DAFAAC0926F5DABF7C8FD3FFF5B557F86EB4C3EF"
"04_CODE\D_finale_CODE_AND_DOCS\04_复现代码\small_molecule_scripts\inventory_compounds_v1.py"	"5661"	"912C76740E697889744C2CABC499B7F7675AE5A319D557CB8791A9503E50FCAF"
"04_CODE\D_finale_CODE_AND_DOCS\04_复现代码\small_molecule_scripts\package_small_molecule_release_v1.py"	"6038"	"10AC5FD1551DCD2EF57D2F3921769CEE94EE3775BCAED0396483FBAA0108D247"
"04_CODE\D_finale_CODE_AND_DOCS\04_复现代码\small_molecule_scripts\standardize_compound_structures_v1.py"	"17838"	"59596D20D60F339FE9D34F2FF4068404D0CC09BF73AD023F1402E98F1B04C2DF"
"04_CODE\D_finale_CODE_AND_DOCS\04_复现代码\v4_integration_scripts\bootstrap_v4.py"	"1874"	"ED11A29F2207C640252E34CBFCC4990C7B22CD2DDE06732334AE84A8764779F6"
"04_CODE\D_finale_CODE_AND_DOCS\04_复现代码\v4_integration_scripts\build_membrane_reference.py"	"17943"	"CA56BBB8D8251925FA4B1AE44755061D940315F4F55249FB366E39D5D3CE20B2"
"04_CODE\D_finale_CODE_AND_DOCS\04_复现代码\v4_integration_scripts\derive_protein_sm_status.py"	"12893"	"F1E1D5E9A6392372290FB664FF9A190497C1D071103B3AFAB29239106DC4956F"
"04_CODE\D_finale_CODE_AND_DOCS\04_复现代码\v4_integration_scripts\finalize_v4_release.py"	"2033"	"687DA62B07911952B106C964BD3B204B71648FEE1C5A21C750D20939FD612EE7"
"04_CODE\D_finale_CODE_AND_DOCS\04_复现代码\v4_integration_scripts\integrate_bindingdb_index.py"	"3822"	"C9D3C34A15531D94753C774BBCA6911D05F95D4A0D73B60646AFDD7BAC3BCBE3"
"04_CODE\D_finale_CODE_AND_DOCS\04_复现代码\v4_integration_scripts\integrate_chembl_target_index.py"	"5654"	"0B1260B21F8E6BD1A6678B9253112148452626E4F3238BDD3E103C76F3E7EC3C"
"04_CODE\D_finale_CODE_AND_DOCS\04_复现代码\v4_integration_scripts\integrate_gtopdb.py"	"9938"	"4EFF99553DBFCF3CE0A19E59DC58BAF9EB512D819363514ED5C835F3A48CFB36"
"04_CODE\D_finale_CODE_AND_DOCS\04_复现代码\v4_integration_scripts\transform_current_v4.py"	"16455"	"D00C32675270297B57917D89E48A47C8548CCFFA55925BF53328A7897928F226"
"04_CODE\D_finale_CODE_AND_DOCS\04_复现代码\v4_integration_scripts\validate_and_package_v4.py"	"10281"	"9A6E8754F516947C7CC76B65264BCD3F28B81CE5229004C0A921BBD53CC07C93"
"04_CODE\D_finale_CODE_AND_DOCS\05_V6.3.1_双页模块PPT重制_20260803\reproducibility\build_dual_module_deck.mjs"	"31600"	"15DBFCDC334D79F0FE54825E83D40D9F1F05B6F3AE2DA8FEDEBCCE8E74DC8EA2"
"04_CODE\D_finale_CODE_AND_DOCS\05_V6.3.1_双页模块PPT重制_20260803\reproducibility\build_revised_figures.py"	"29540"	"1F990B7CDFB65923301F7F15163C6E45FBF9C7FA682828544B5EA8727D5D7333"
"04_CODE\D_finale_CODE_AND_DOCS\05_V6.3.1_双页模块PPT重制_20260803\reproducibility\fix_dual_module_title.mjs"	"1617"	"FC218B59968DE2758CF33F7D8C18DE48C0DC19C8B3E2D72AE7034B8827697A60"
"04_CODE\D_finale_CODE_AND_DOCS\05_V6.3.1_双页模块PPT重制_20260803\reproducibility\fix_m4_figure_v2.py"	"2573"	"0C5868624CBA6463572A23971A295FE7DB53D0B61F89CAAB99306776CD83CBFA"
"04_CODE\D_finale_CODE_AND_DOCS\05_V6.3.1_双页模块PPT重制_20260803\reproducibility\run_revised_figures_v4.py"	"1698"	"9280DF8626CE6C76393832C1180F5948BDC85D4311A290FE1F1E15ED097ED616"
"04_CODE\D_finale_CODE_AND_DOCS\06_清单与哈希\README.md"	"377"	"FD8BF92E51B00C3C75D5E3F31F4C59EBF91E3C092C8984D7321E9C0EDA3644F4"
"04_CODE\D_finale_CODE_AND_DOCS\07_M1-M8图表修订_20260806\00_docs\REVISION_COMPLETION_REPORT.md"	"2967"	"96EABA8422E6D195D791E9A18BBABEDEB1859D9115E319F530817850BD12D526"
"04_CODE\D_finale_CODE_AND_DOCS\07_M1-M8图表修订_20260806\04_pagtn\env\etc\conda\activate.d\openssl_activate-win.ps1"	"292"	"3949FB8C03C1455D40DAD37617F10C8D9F9992CE5B59AA8847A6FB51A1C9A7F5"
"04_CODE\D_finale_CODE_AND_DOCS\07_M1-M8图表修订_20260806\04_pagtn\env\etc\conda\activate.d\openssl_activate-win.sh"	"310"	"5EC78B73CFD2233288A35C464470B62E4A2B08C0DCF8EC3C48969DEAE24B0E06"
"04_CODE\D_finale_CODE_AND_DOCS\07_M1-M8图表修订_20260806\04_pagtn\env\etc\conda\deactivate.d\openssl_deactivate-win.ps1"	"305"	"0C7B217451FADE4D5FAF97E6FF2E7FE38AA7E173C54D24B4B89933E22211B972"
"04_CODE\D_finale_CODE_AND_DOCS\07_M1-M8图表修订_20260806\04_pagtn\env\etc\conda\deactivate.d\openssl_deactivate-win.sh"	"249"	"EE47AF6120BE7738E01E715096555D3453134517F67443597C02C2A25D7A2C5A"
"04_CODE\D_finale_CODE_AND_DOCS\07_M1-M8图表修订_20260806\04_pagtn\env\Lib\__future__.py"	"5218"	"981D4C398849F9EBCAB72300D9C1FE288FD6D7F28957B3B3FA3A493A5836D95C"
"04_CODE\D_finale_CODE_AND_DOCS\07_M1-M8图表修订_20260806\04_pagtn\env\Lib\__hello__.py"	"227"	"A8CE70B199497950F0F06DEF93115A6814DAF1F961934457F59046909901487F"
"04_CODE\D_finale_CODE_AND_DOCS\07_M1-M8图表修订_20260806\04_pagtn\env\Lib\__phello__\__init__.py"	"97"	"56F7ED595E767C558DED05DEF14B682893105DAF504500C3443B458CA2431BC6"
"04_CODE\D_finale_CODE_AND_DOCS\07_M1-M8图表修订_20260806\04_pagtn\env\Lib\__phello__\ham\__init__.py"	"0"	"E3B0C44298FC1C149AFBF4C8996FB92427AE41E4649B934CA495991B7852B855"
"04_CODE\D_finale_CODE_AND_DOCS\07_M1-M8图表修订_20260806\04_pagtn\env\Lib\__phello__\ham\eggs.py"	"0"	"E3B0C44298FC1C149AFBF4C8996FB92427AE41E4649B934CA495991B7852B855"
"04_CODE\D_finale_CODE_AND_DOCS\07_M1-M8图表修订_20260806\04_pagtn\env\Lib\__phello__\spam.py"	"97"	"56F7ED595E767C558DED05DEF14B682893105DAF504500C3443B458CA2431BC6"
"04_CODE\D_finale_CODE_AND_DOCS\07_M1-M8图表修订_20260806\04_pagtn\env\Lib\_aix_support.py"	"3389"	"78790B6FD80CD62F8A6E49D79EC2B5921C6176D0DD41D1309C9CDBD0049C4071"
"04_CODE\D_finale_CODE_AND_DOCS\07_M1-M8图表修订_20260806\04_pagtn\env\Lib\_bootsubprocess.py"	"2675"	"DD8AFC4A86131491A4F05078B307AAE5EEF19D6A26E7D9FFBFE2EBABBD6B5B6A"
"04_CODE\D_finale_CODE_AND_DOCS\07_M1-M8图表修订_20260806\04_pagtn\env\Lib\_collections_abc.py"	"30193"	"EC646EF7E27AAE261ADEF3C57B9D18822C6526B3E9562DABB9F3CB4E6803066C"
"04_CODE\D_finale_CODE_AND_DOCS\07_M1-M8图表修订_20260806\04_pagtn\env\Lib\_compat_pickle.py"	"8761"	"12C8356A3D40BD0A336F13D7C6E2BED50D5C1A876563766A3175A6B328B5855E"
"04_CODE\D_finale_CODE_AND_DOCS\07_M1-M8图表修订_20260806\04_pagtn\env\Lib\_compression.py"	"5681"	"3AD5D60627477A60939EE44FC1BB3A05DBE8FB52F0F75039B8F5D8F1A278B981"
"04_CODE\D_finale_CODE_AND_DOCS\07_M1-M8图表修订_20260806\04_pagtn\env\Lib\_markupbase.py"	"14653"	"CB14DD6F2E2439EB70B806CD49D19911363D424C2B6B9F4B73C9C08022D47030"
"04_CODE\D_finale_CODE_AND_DOCS\07_M1-M8图表修订_20260806\04_pagtn\env\Lib\_osx_support.py"	"22023"	"363D3240ACBBA18A270BD3161F1DDB478F8492DC14FC451B2DC314DB5C5EE09C"
"04_CODE\D_finale_CODE_AND_DOCS\07_M1-M8图表修订_20260806\04_pagtn\env\Lib\_py_abc.py"	"6189"	"F9C6FE3DD9B51BD7D93F867356E9D362600C924FEBFD903EE1C6E298860DCA92"
"04_CODE\D_finale_CODE_AND_DOCS\07_M1-M8图表修订_20260806\04_pagtn\env\Lib\_pydecimal.py"	"229202"	"14CF1BF7EAD78A0BEB578F19EBC4EC82F542E0879F5B77D327F01ABF74591586"
"04_CODE\D_finale_CODE_AND_DOCS\07_M1-M8图表修订_20260806\04_pagtn\env\Lib\_pyio.py"	"94193"	"E04305281CA9B2ABEC0D325E26E21EFCD1DDE1EE076DA22DE29D25087465DD89"
"04_CODE\D_finale_CODE_AND_DOCS\07_M1-M8图表修订_20260806\04_pagtn\env\Lib\_sitebuiltins.py"	"3128"	"B9388BC1D6D12ED6BE12DA420AB1FECA40F99C0E33EC315D92B1E01CB69B25BC"
"04_CODE\D_finale_CODE_AND_DOCS\07_M1-M8图表修订_20260806\04_pagtn\env\Lib\_strptime.py"	"25175"	"D132241724BDE0B494A2FCBB6500D4CECF603E79DD662908C452B83904536A01"
"04_CODE\D_finale_CODE_AND_DOCS\07_M1-M8图表修订_20260806\04_pagtn\env\Lib\_threading_local.py"	"7220"	"E1BF3DAE66D0BFA63C8BB8A1D10C611203C35C636F7F5191FD56105788EF29CB"
"04_CODE\D_finale_CODE_AND_DOCS\07_M1-M8图表修订_20260806\04_pagtn\env\Lib\_weakrefset.py"	"5893"	"91895A451D06E9F521A1171B31B9B19BC9740F35AF00D4FA106338AB7167C9AC"
"04_CODE\D_finale_CODE_AND_DOCS\07_M1-M8图表修订_20260806\04_pagtn\env\Lib\abc.py"	"6538"	"E558702A95CDCE3FEBD289DA021715D2B92BC43995B8A1BC58DFA1C3D8010287"
"04_CODE\D_finale_CODE_AND_DOCS\07_M1-M8图表修订_20260806\04_pagtn\env\Lib\aifc.py"	"34211"	"E027E8A33567890AD7F84FEA3BE423CC0F6E49A33A31BBF279C2D0F64B6F8345"
"04_CODE\D_finale_CODE_AND_DOCS\07_M1-M8图表修订_20260806\04_pagtn\env\Lib\antigravity.py"	"500"	"8A5EE63E1B79BA2733E7FF4290B6EEFEA60E7F3A1CCB6BB519535AAF92B44967"
"04_CODE\D_finale_CODE_AND_DOCS\07_M1-M8图表修订_20260806\04_pagtn\env\Lib\argparse.py"	"100283"	"E878677E158D0BC0FB5119E0DF74D94236F3653777BC9F2EA3FEE49C167FE001"
"04_CODE\D_finale_CODE_AND_DOCS\07_M1-M8图表修订_20260806\04_pagtn\env\Lib\ast.py"	"61444"	"C513073798BDBF3CDEF09327D0D2D381A53213A13A4BA3F02729695327539406"
"04_CODE\D_finale_CODE_AND_DOCS\07_M1-M8图表修订_20260806\04_pagtn\env\Lib\asynchat.py"	"11570"	"63FE1A2FD717D09AD462CA87ADF57D8963C67A58E18C40340D5C9E39390CCF94"
"04_CODE\D_finale_CODE_AND_DOCS\07_M1-M8图表修订_20260806\04_pagtn\env\Lib\asyncio\__init__.py"	"1188"	"D70B5F90B186AE41464B740F0EE1F2C2AB2DCF02F1403E749EDC48002BA27426"
"04_CODE\D_finale_CODE_AND_DOCS\07_M1-M8图表修订_20260806\04_pagtn\env\Lib\asyncio\__main__.py"	"3379"	"318F003EFB1AD1CC2C3107A3F0E21D6E9A32F8599B8B0AD66D80B03D9E7BCC21"
"04_CODE\D_finale_CODE_AND_DOCS\07_M1-M8图表修订_20260806\04_pagtn\env\Lib\asyncio\base_events.py"	"75384"	"CC9AC9CF0CEA307701991C275FDA4D972228F6D174451FFA116800FB0FB856CA"
"04_CODE\D_finale_CODE_AND_DOCS\07_M1-M8图表修订_20260806\04_pagtn\env\Lib\asyncio\base_futures.py"	"2004"	"385A1FD5E8688F1F79E0FDFEA8C27D7CA6DD78A770F0BD9A438863628A7589FB"
"04_CODE\D_finale_CODE_AND_DOCS\07_M1-M8图表修订_20260806\04_pagtn\env\Lib\asyncio\base_subprocess.py"	"8869"	"D69BA8F97BF8C89564CADCE49427574DDB98103A5DB6F04B98798240332E7ADF"
"04_CODE\D_finale_CODE_AND_DOCS\07_M1-M8图表修订_20260806\04_pagtn\env\Lib\asyncio\base_tasks.py"	"2644"	"70F6B21A2371EAA8E7A3BEAB9700CD1920329B02708975AE6C9450DC77D64502"
"04_CODE\D_finale_CODE_AND_DOCS\07_M1-M8图表修订_20260806\04_pagtn\env\Lib\asyncio\constants.py"	"1326"	"7C2EFC8C6C767227F25C5C14B7E1E6FF0237B78879BA8D6587D44ED1C360ED30"
"04_CODE\D_finale_CODE_AND_DOCS\07_M1-M8图表修订_20260806\04_pagtn\env\Lib\asyncio\coroutines.py"	"3400"	"8B60928D13116C28BBD2E1DF0A34A6CC87C3416D89C31291677ED63F77B54580"
"04_CODE\D_finale_CODE_AND_DOCS\07_M1-M8图表修订_20260806\04_pagtn\env\Lib\asyncio\events.py"	"28641"	"7276ED5173080703D41A4A9E54D73B45FE159D8F67D86C196B2CE1EB82D7D983"
"04_CODE\D_finale_CODE_AND_DOCS\07_M1-M8图表修订_20260806\04_pagtn\env\Lib\asyncio\exceptions.py"	"1752"	"A5971F88BE14CD1417D59ADF539AE48C5D818F95362A4E0EB00017E3690AB37B"
"04_CODE\D_finale_CODE_AND_DOCS\07_M1-M8图表修订_20260806\04_pagtn\env\Lib\asyncio\format_helpers.py"	"2404"	"6377B672B3F4BA8B6F0F7A5F0EA00CDE24C8CDDC0CA764E3329F302763477F59"
"04_CODE\D_finale_CODE_AND_DOCS\07_M1-M8图表修订_20260806\04_pagtn\env\Lib\asyncio\futures.py"	"14212"	"A1B23B2D0A1333A27115676A934157057B3007306957F005100E1FF27276BAED"
"04_CODE\D_finale_CODE_AND_DOCS\07_M1-M8图表修订_20260806\04_pagtn\env\Lib\asyncio\locks.py"	"19014"	"3C8D4862EC147CA51C6A18A160FF2C954ECF90AC2348A3EC0BC4907216A11EB9"
"04_CODE\D_finale_CODE_AND_DOCS\07_M1-M8图表修订_20260806\04_pagtn\env\Lib\asyncio\log.py"	"124"	"80E4CC3DED4B138BABA486519E7444801A23D6AC35F229D336A407A96AF7E8D2"
"04_CODE\D_finale_CODE_AND_DOCS\07_M1-M8图表修订_20260806\04_pagtn\env\Lib\asyncio\mixins.py"	"481"	"8F4A3E16ECA845EBFBA422550CBCEE7340EC8166D2BFF6B750A8ED0DE6B9AE3C"
"04_CODE\D_finale_CODE_AND_DOCS\07_M1-M8图表修订_20260806\04_pagtn\env\Lib\asyncio\proactor_events.py"	"33264"	"BA8EF5E12F850CFDF0757DADBEDCAF15E00C7DBDA5663F61C2EC9E5358E51C04"
"04_CODE\D_finale_CODE_AND_DOCS\07_M1-M8图表修订_20260806\04_pagtn\env\Lib\asyncio\protocols.py"	"6957"	"1D1B49988C338B4EF06E30F9E92D9DB2E00080C341F0A3F573BB8312DEB8AFF6"
"04_CODE\D_finale_CODE_AND_DOCS\07_M1-M8图表修订_20260806\04_pagtn\env\Lib\asyncio\queues.py"	"7974"	"8F020744EBD1F557DCB051A1530B504447660DF906C2127A94BBCC8450EA7EF9"
"04_CODE\D_finale_CODE_AND_DOCS\07_M1-M8图表修订_20260806\04_pagtn\env\Lib\asyncio\runners.py"	"6842"	"0F11DCD59CD7F9E24A092D55DD1E7037288F3A524DA53E882114B11326DE21DD"
"04_CODE\D_finale_CODE_AND_DOCS\07_M1-M8图表修订_20260806\04_pagtn\env\Lib\asyncio\selector_events.py"	"45400"	"C7859582A5B505F0AB2BB6E5F0D17F4475B58598F56C5166E2EDF3B766E8CC68"
"04_CODE\D_finale_CODE_AND_DOCS\07_M1-M8图表修订_20260806\04_pagtn\env\Lib\asyncio\sslproto.py"	"31739"	"C747273038C3D27D0447F84EACE19FAF6C0E2730A0AA89639F9A40AF41B5D180"
"04_CODE\D_finale_CODE_AND_DOCS\07_M1-M8图表修订_20260806\04_pagtn\env\Lib\asyncio\staggered.py"	"5992"	"FF289BDC20A50AD9620393479D785BC653E71C2E3298F53AB27907CD136498E9"
"04_CODE\D_finale_CODE_AND_DOCS\07_M1-M8图表修订_20260806\04_pagtn\env\Lib\asyncio\streams.py"	"27503"	"995C45D23A1335A529BA62D690E282F7639C7F1CF48EED9EFDB5B02E606C69A3"
"04_CODE\D_finale_CODE_AND_DOCS\07_M1-M8图表修订_20260806\04_pagtn\env\Lib\asyncio\subprocess.py"	"7682"	"027198037C8735A75231F660FBB51B626B4E83CCDE40B0EB872A60BB4FDAC2B4"
"04_CODE\D_finale_CODE_AND_DOCS\07_M1-M8图表修订_20260806\04_pagtn\env\Lib\asyncio\taskgroups.py"	"8471"	"553C0CE39014FFF454BDD4454BD53C6599890375B5FDD528AC19334C9221B650"
"04_CODE\D_finale_CODE_AND_DOCS\07_M1-M8图表修订_20260806\04_pagtn\env\Lib\asyncio\tasks.py"	"34433"	"E88C1A5E5DDD4FFF195AD3D086FB774F9FDA4956D3B1711F403576804A4BA5C7"
"04_CODE\D_finale_CODE_AND_DOCS\07_M1-M8图表修订_20260806\04_pagtn\env\Lib\asyncio\threads.py"	"790"	"39D37295383641565F0C08BD992E2F661DC8051EB17E890B834FCE96BDE0910E"
"04_CODE\D_finale_CODE_AND_DOCS\07_M1-M8图表修订_20260806\04_pagtn\env\Lib\asyncio\timeouts.py"	"5321"	"3E40CA0DCA3E54776579797837CD4936D73D04AAE09FE0CF83CE1E5449D00163"
"04_CODE\D_finale_CODE_AND_DOCS\07_M1-M8图表修订_20260806\04_pagtn\env\Lib\asyncio\transports.py"	"10722"	"940108BC133DE399F38928CAD3274F463096168D8A3EE5148F2478D3CB636F1C"
"04_CODE\D_finale_CODE_AND_DOCS\07_M1-M8图表修订_20260806\04_pagtn\env\Lib\asyncio\trsock.py"	"2475"	"C0EAC37DEBCC51B702B808F6B7ED3E417343F5FF5F57125DAD600A27EB082328"
"04_CODE\D_finale_CODE_AND_DOCS\07_M1-M8图表修订_20260806\04_pagtn\env\Lib\asyncio\unix_events.py"	"51915"	"A68A39B8AC56468A005D86C708E66E13D6D163F9C787B4FE70442BB2F8C1F198"
"04_CODE\D_finale_CODE_AND_DOCS\07_M1-M8图表修订_20260806\04_pagtn\env\Lib\asyncio\windows_events.py"	"34691"	"419611038AD585A4DC27BD75D052763344C82AD45DA3CF35C35284C4DD0B0A78"
"04_CODE\D_finale_CODE_AND_DOCS\07_M1-M8图表修订_20260806\04_pagtn\env\Lib\asyncio\windows_utils.py"	"5060"	"E6FCFFEFA2521666BC2AED0F5CAF8E862C1C1014AD12D2AB5FBCE09C2DF9C6F0"
"04_CODE\D_finale_CODE_AND_DOCS\07_M1-M8图表修订_20260806\04_pagtn\env\Lib\asyncore.py"	"20310"	"0DC49691CED7A3D7C67EB42F1319D1A93F7FAE9CEC65712A38CFAEEE26FEFFFB"
"04_CODE\D_finale_CODE_AND_DOCS\07_M1-M8图表修订_20260806\04_pagtn\env\Lib\base64.py"	"21028"	"7DE2FFC30DB7B791F482EE8E6CBA30A7B69452324D466231F29395BE00154B4B"
"04_CODE\D_finale_CODE_AND_DOCS\07_M1-M8图表修订_20260806\04_pagtn\env\Lib\bdb.py"	"32463"	"314D8BF11B4824D47471AD25DAB64BDA895E39673FB744E88E7F622A3DD374F2"
"04_CODE\D_finale_CODE_AND_DOCS\07_M1-M8图表修订_20260806\04_pagtn\env\Lib\bisect.py"	"3135"	"E5B2FF166F48A06E70AE831D8C9B47283FCD0C254306EEE12D3DAE9C55E11526"
"04_CODE\D_finale_CODE_AND_DOCS\07_M1-M8图表修订_20260806\04_pagtn\env\Lib\bz2.py"	"11847"	"76AB3252924E71E859D7D90E8D3DB13B6554975CFCAC0FDADCED4DE7F8779330"
"04_CODE\D_finale_CODE_AND_DOCS\07_M1-M8图表修订_20260806\04_pagtn\env\Lib\calendar.py"	"24731"	"15903BACF6416869A58ABFF7D1680E16F26E9BD0186AD0562A0668D05F076FD9"
"04_CODE\D_finale_CODE_AND_DOCS\07_M1-M8图表修订_20260806\04_pagtn\env\Lib\cgi.py"	"34420"	"F132666784C29A3E275F50596F87BB8ABC388A94FCDB70BE130000E01A9A6B78"
"04_CODE\D_finale_CODE_AND_DOCS\07_M1-M8图表修订_20260806\04_pagtn\env\Lib\cgitb.py"	"12421"	"401F791A56480B5B53E207D71A904E6352C5E7FC3F7CC9124C75BD1C59A5C011"
"04_CODE\D_finale_CODE_AND_DOCS\07_M1-M8图表修订_20260806\04_pagtn\env\Lib\chunk.py"	"5500"	"4817EB94EEB8835C3325433F68F17E0EBBF7C96065ECF6ABA3AF7852F9A5314B"
"04_CODE\D_finale_CODE_AND_DOCS\07_M1-M8图表修订_20260806\04_pagtn\env\Lib\cmd.py"	"14873"	"FB82A8C4E44E5B559C88D516D79051534CEC69A463DF97DEFE05AC8A261F0A0D"
"04_CODE\D_finale_CODE_AND_DOCS\07_M1-M8图表修订_20260806\04_pagtn\env\Lib\code.py"	"10622"	"266841655656D5B2370E80ADDCDB959F5173142D5E3778B489E734802447C5E8"
"04_CODE\D_finale_CODE_AND_DOCS\07_M1-M8图表修订_20260806\04_pagtn\env\Lib\codecs.py"	"37150"	"F16A81D14E7F73931ECF9F9F2E17C10BC0CA29BBE38B0243F6919B70882FCFEA"
"04_CODE\D_finale_CODE_AND_DOCS\07_M1-M8图表修订_20260806\04_pagtn\env\Lib\codeop.py"	"5907"	"353E35188867D3EFB0D384AC4AACF36005037662632C2D4E0C5483F63F795EAA"
"04_CODE\D_finale_CODE_AND_DOCS\07_M1-M8图表修订_20260806\04_pagtn\env\Lib\collections\__init__.py"	"52018"	"64B09E7062BB7F41E080900D414988C289624AEA0EE6CA4037F1E317A11374EE"
"04_CODE\D_finale_CODE_AND_DOCS\07_M1-M8图表修订_20260806\04_pagtn\env\Lib\collections\abc.py"	"119"	"9CB4208F99128A0489B6C8E6C61637617DD7D4250C59E065491957EDA084DD10"
"04_CODE\D_finale_CODE_AND_DOCS\07_M1-M8图表修订_20260806\04_pagtn\env\Lib\colorsys.py"	"4062"	"D9800F8E81D46E63CA6F2E7D6AC5F344D85AFB92C3CF6D103B5F977F1AD66AC2"
"04_CODE\D_finale_CODE_AND_DOCS\07_M1-M8图表修订_20260806\04_pagtn\env\Lib\compileall.py"	"20252"	"859A2743805B0570286BD71D2296BECC335BFBA4277073B87C8B9EC3DC308A98"
"04_CODE\D_finale_CODE_AND_DOCS\07_M1-M8图表修订_20260806\04_pagtn\env\Lib\concurrent\__init__.py"	"38"	"87AD5C8954DD56FBBCA04517BF87477FF4DCE575170C7DD1281D7EF1F4214AC8"
"04_CODE\D_finale_CODE_AND_DOCS\07_M1-M8图表修订_20260806\04_pagtn\env\Lib\concurrent\futures\__init__.py"	"1558"	"9BCEC785DB3EDDC6D462883957BA6D3FF4370501FECE505101444BAE542883E8"
"04_CODE\D_finale_CODE_AND_DOCS\07_M1-M8图表修订_20260806\04_pagtn\env\Lib\concurrent\futures\_base.py"	"22833"	"8C6D5F09F7C535D40FA1C30EBFCB35E0601C2ABF32286A82CF151AF7DDF72473"
"04_CODE\D_finale_CODE_AND_DOCS\07_M1-M8图表修订_20260806\04_pagtn\env\Lib\concurrent\futures\process.py"	"35479"	"2869B759C29C3192B7BC057B354994640274B9DAABB1B04EAA0D5611E67A1EEB"
"04_CODE\D_finale_CODE_AND_DOCS\07_M1-M8图表修订_20260806\04_pagtn\env\Lib\concurrent\futures\thread.py"	"8771"	"B06F8899881193EFC72CFC3EBF2836DCE4E668B3856AD35F4016616D643A519E"
"04_CODE\D_finale_CODE_AND_DOCS\07_M1-M8图表修订_20260806\04_pagtn\env\Lib\configparser.py"	"55660"	"230B09836340E7C66765F14C36DE250F3F67FE427849C6DCA6714DB65ABB5A49"
"04_CODE\D_finale_CODE_AND_DOCS\07_M1-M8图表修订_20260806\04_pagtn\env\Lib\contextlib.py"	"27414"	"D732C045BC7450997F97B2F79CFDB1546B68D2655E89AB3170F3B19B3930D83C"
"04_CODE\D_finale_CODE_AND_DOCS\07_M1-M8图表修订_20260806\04_pagtn\env\Lib\contextvars.py"	"129"	"5ED260BE8D1F4FE92261B7810B4BB1E8539C42093D7493F677D076E1A87F459A"
"04_CODE\D_finale_CODE_AND_DOCS\07_M1-M8图表修订_20260806\04_pagtn\env\Lib\copy.py"	"8681"	"27DCFC53A4B9D4FBC3D90C74E549EB6ECA9301524D6D2FBFF9A6589CF51B6FD5"
"04_CODE\D_finale_CODE_AND_DOCS\07_M1-M8图表修订_20260806\04_pagtn\env\Lib\copyreg.py"	"7677"	"5499E1BE7BA52D4715A911AE65EF2D703DB9379D21FFF2A07FAD8877C318E070"
"04_CODE\D_finale_CODE_AND_DOCS\07_M1-M8图表修订_20260806\04_pagtn\env\Lib\cProfile.py"	"6346"	"0A97CF92D0E3EFD2E08C2F9B0F0FB8E52A2B26978550804D8E59435201F3FA84"
"04_CODE\D_finale_CODE_AND_DOCS\07_M1-M8图表修订_20260806\04_pagtn\env\Lib\crypt.py"	"3913"	"208DF2FF33C19056345DCF5474ABEF1A58DA799E2F3BAB09D1D28B77AD3C623D"
"04_CODE\D_finale_CODE_AND_DOCS\07_M1-M8图表修订_20260806\04_pagtn\env\Lib\csv.py"	"16030"	"6C68A5186E3B85E6E267A7EF96479327A45AE2B40BF5E9F2017E4B2282B3F5B1"
"04_CODE\D_finale_CODE_AND_DOCS\07_M1-M8图表修订_20260806\04_pagtn\env\Lib\ctypes\__init__.py"	"17844"	"608671C6B49E5E027E3348FCF492718C33F69F919D99F4FF170522C40BD4C550"
"04_CODE\D_finale_CODE_AND_DOCS\07_M1-M8图表修订_20260806\04_pagtn\env\Lib\ctypes\_aix.py"	"12575"	"3AAAA326D9C45E115D87E9E52874B1ACD766CB4C578CECAD667177D50849034C"
"04_CODE\D_finale_CODE_AND_DOCS\07_M1-M8图表修订_20260806\04_pagtn\env\Lib\ctypes\_endian.py"	"2536"	"38DC998EE2D180A64D4FE561B79287B19850DF405F48FE72DEDE7A65D71DE844"
"04_CODE\D_finale_CODE_AND_DOCS\07_M1-M8图表修订_20260806\04_pagtn\env\Lib\ctypes\macholib\__init__.py"	"154"	"1E77C01EEC8F167ED10B754F153C0C743C8E5196AE9C81DFFC08F129AB56DBFD"
"04_CODE\D_finale_CODE_AND_DOCS\07_M1-M8图表修订_20260806\04_pagtn\env\Lib\ctypes\macholib\dyld.py"	"5156"	"F43F287127958D63815859486720C9A703ED9DD2371261E74E88CF7D9C45A2CD"
"04_CODE\D_finale_CODE_AND_DOCS\07_M1-M8图表修订_20260806\04_pagtn\env\Lib\ctypes\macholib\dylib.py"	"960"	"F19EE056B18165CC6735EFAB0B4CA3508BE9405B9646C38113316C15E8278A6F"
"04_CODE\D_finale_CODE_AND_DOCS\07_M1-M8图表修订_20260806\04_pagtn\env\Lib\ctypes\macholib\framework.py"	"1105"	"302439E40D9CBDD61B8B7CFFD0B7E1278A6811B635044EE366A36E0D991F62DA"
"04_CODE\D_finale_CODE_AND_DOCS\07_M1-M8图表修订_20260806\04_pagtn\env\Lib\ctypes\test\__init__.py"	"445"	"02F18A8CC5CAA4E9CC32A0767D767A6B5AA23B521D680413B41FF441EF80DBB6"
"04_CODE\D_finale_CODE_AND_DOCS\07_M1-M8图表修订_20260806\04_pagtn\env\Lib\ctypes\test\__main__.py"	"68"	"3585B4340E0D39D24B3B462A52F70DF216ED6A0838334E5108843CE6900210E6"
"04_CODE\D_finale_CODE_AND_DOCS\07_M1-M8图表修订_20260806\04_pagtn\env\Lib\ctypes\test\test_anon.py"	"2540"	"A3433340DC3C9E058B312E079007E9475C72D4BF3E6FC1A2C1B058DB8F289B51"
"04_CODE\D_finale_CODE_AND_DOCS\07_M1-M8图表修订_20260806\04_pagtn\env\Lib\ctypes\test\test_array_in_pointer.py"	"1738"	"D8AC27A86F8A8F64D1B152635E6ECD0469DDBF5DADD29870A0F969538EC5CBBC"
"04_CODE\D_finale_CODE_AND_DOCS\07_M1-M8图表修订_20260806\04_pagtn\env\Lib\ctypes\test\test_arrays.py"	"7510"	"EF36509FF0BFE7FA40B5C54530D363910836EFD57EF223EAFA22892D583D3CDE"
"04_CODE\D_finale_CODE_AND_DOCS\07_M1-M8图表修订_20260806\04_pagtn\env\Lib\ctypes\test\test_as_parameter.py"	"7254"	"3CC398698242FC89390A4C733853A13DF54B4A6AAAC338EAFD749B6817E5503C"
"04_CODE\D_finale_CODE_AND_DOCS\07_M1-M8图表修订_20260806\04_pagtn\env\Lib\ctypes\test\test_bitfields.py"	"10355"	"429BF3B0147217CFBB38BF2A3AF976DC3CA4D098F035B2ECB392875DEBE9D3F7"
"04_CODE\D_finale_CODE_AND_DOCS\07_M1-M8图表修订_20260806\04_pagtn\env\Lib\ctypes\test\test_buffers.py"	"2611"	"2822AD12A0057D5DBDD40981F066BEAE03C1AC0C6F5AB62DAAC73D53E438218C"
"04_CODE\D_finale_CODE_AND_DOCS\07_M1-M8图表修订_20260806\04_pagtn\env\Lib\ctypes\test\test_bytes.py"	"1987"	"09236782D5A0ADD20328F237EC3C077100029D197AEBD224FE4F740C5A8CA6C2"
"04_CODE\D_finale_CODE_AND_DOCS\07_M1-M8图表修订_20260806\04_pagtn\env\Lib\ctypes\test\test_byteswap.py"	"13405"	"17EB1541899CFEDD2FE54F646E861219D3912F01476BC30F25BD517D8C8B0E43"
"04_CODE\D_finale_CODE_AND_DOCS\07_M1-M8图表修订_20260806\04_pagtn\env\Lib\ctypes\test\test_callbacks.py"	"10629"	"F9C7AE72E42356CC46D04F8F940D2625ADDC9B7084F81DF88AFAA9B8B0A98F81"
"04_CODE\D_finale_CODE_AND_DOCS\07_M1-M8图表修订_20260806\04_pagtn\env\Lib\ctypes\test\test_cast.py"	"3728"	"E274510261C11E92A65D216FE64A3DFFC189E0160A61FB01832D919D24C67636"
"04_CODE\D_finale_CODE_AND_DOCS\07_M1-M8图表修订_20260806\04_pagtn\env\Lib\ctypes\test\test_cfuncs.py"	"7872"	"179C039DC216126F1AF2597C25B14E02C4020257C48052488E1935610250E4C2"
"04_CODE\D_finale_CODE_AND_DOCS\07_M1-M8图表修订_20260806\04_pagtn\env\Lib\ctypes\test\test_checkretval.py"	"968"	"2E67C91FBD2EE5085909CEC073FA4C97B7B4CFC0655E6034F5A3FB5A9EF6425D"
"04_CODE\D_finale_CODE_AND_DOCS\07_M1-M8图表修订_20260806\04_pagtn\env\Lib\ctypes\test\test_delattr.py"	"533"	"90DF922B1EBFA25185CCF01B3D22B82365986E4F45CAE5499700E7CE54A4F695"
"04_CODE\D_finale_CODE_AND_DOCS\07_M1-M8图表修订_20260806\04_pagtn\env\Lib\ctypes\test\test_errno.py"	"2171"	"76CA89B1F53E9174C99F1230EA2A1C52607565C7EFF5A612A00E0FC117DDE111"
"04_CODE\D_finale_CODE_AND_DOCS\07_M1-M8图表修订_20260806\04_pagtn\env\Lib\ctypes\test\test_find.py"	"4538"	"06756B01386113D03607575DA952EDF4A8E525564CD2D2B888CB997F4E868EF8"
"04_CODE\D_finale_CODE_AND_DOCS\07_M1-M8图表修订_20260806\04_pagtn\env\Lib\ctypes\test\test_frombuffer.py"	"5215"	"D04EA0D55AC445635B331A4FCCEF38E9424E788495C360FE1DA317C4F7B6A096"
"04_CODE\D_finale_CODE_AND_DOCS\07_M1-M8图表修订_20260806\04_pagtn\env\Lib\ctypes\test\test_funcptr.py"	"4026"	"B41F2FDD13B3F4D8548A2F0B7E5D561C2E49F86E4DF8107ACB6A6B2EF421460F"
"04_CODE\D_finale_CODE_AND_DOCS\07_M1-M8图表修订_20260806\04_pagtn\env\Lib\ctypes\test\test_functions.py"	"12315"	"0C337B50EB4AF556E38471E33BAAE2C4B1FA1CF139D99EAFE2AB83A30186D635"
"04_CODE\D_finale_CODE_AND_DOCS\07_M1-M8图表修订_20260806\04_pagtn\env\Lib\ctypes\test\test_incomplete.py"	"1023"	"C66CB5A68165FD7E158D573ADF12C2672D086D4B4E15515AABA654A45855F7C4"
"04_CODE\D_finale_CODE_AND_DOCS\07_M1-M8图表修订_20260806\04_pagtn\env\Lib\ctypes\test\test_init.py"	"1039"	"1A23FE2E684F4FCA33991B0B65E02A5959D045B59906BF3E2557A7F777F1DEF3"
"04_CODE\D_finale_CODE_AND_DOCS\07_M1-M8图表修订_20260806\04_pagtn\env\Lib\ctypes\test\test_internals.py"	"2631"	"DC891B5D617D2A261527ACFC1749FF8C402601F8BDC90F486AB6BFED45A0371F"
"04_CODE\D_finale_CODE_AND_DOCS\07_M1-M8图表修订_20260806\04_pagtn\env\Lib\ctypes\test\test_keeprefs.py"	"3260"	"17EBEFA675796E8D7FB222955BE13E8F1F430EC9F33117DC1FCE6809376F0807"
"04_CODE\D_finale_CODE_AND_DOCS\07_M1-M8图表修订_20260806\04_pagtn\env\Lib\ctypes\test\test_libc.py"	"1005"	"F2694DC3211773272D31FDD1F0C27BF31E09ADF9A7FD9AC42E4264E5BC26B3B3"
"04_CODE\D_finale_CODE_AND_DOCS\07_M1-M8图表修订_20260806\04_pagtn\env\Lib\ctypes\test\test_loading.py"	"7271"	"68F54A8965D254A46BD3F03E08E4B8CEEEB930613402357182C9FDDC12BC6D11"
"04_CODE\D_finale_CODE_AND_DOCS\07_M1-M8图表修订_20260806\04_pagtn\env\Lib\ctypes\test\test_macholib.py"	"4559"	"8F1FC4EF9CFA4AD7DEDB5560AA6437D210F15BDD6FE1B548358DAE2177E46866"
"04_CODE\D_finale_CODE_AND_DOCS\07_M1-M8图表修订_20260806\04_pagtn\env\Lib\ctypes\test\test_memfunctions.py"	"3293"	"A723BFE187EC350B1C8D3CF1F8E7DF3CA83A274B513B472A1833DF6ADF0A5420"
"04_CODE\D_finale_CODE_AND_DOCS\07_M1-M8图表修订_20260806\04_pagtn\env\Lib\ctypes\test\test_numbers.py"	"7265"	"FC62B6913A5F53038C69FDCEFC7B7F6B5ADBA12DE9F92FB094590167C377E945"
"04_CODE\D_finale_CODE_AND_DOCS\07_M1-M8图表修订_20260806\04_pagtn\env\Lib\ctypes\test\test_objects.py"	"1677"	"B67B1CDCD568480E515EAE06293D0D71DAE3D2E4F0AD612CBE439673A84C164B"
"04_CODE\D_finale_CODE_AND_DOCS\07_M1-M8图表修订_20260806\04_pagtn\env\Lib\ctypes\test\test_parameters.py"	"11066"	"4614ACD04478ABFCA4D4D685413CFF7897571461F90D68F4C0EF60E4B8376A85"
"04_CODE\D_finale_CODE_AND_DOCS\07_M1-M8图表修订_20260806\04_pagtn\env\Lib\ctypes\test\test_pep3118.py"	"8681"	"1E6BBF69F91736B21B68B66C5EDC609FD32A364FE0C7EC32B0072C97D44DD0E8"
"04_CODE\D_finale_CODE_AND_DOCS\07_M1-M8图表修订_20260806\04_pagtn\env\Lib\ctypes\test\test_pickling.py"	"2218"	"DAC8E7F56DA15FA162371B43C851D70844922C97C6D9908F5AD0FC3586AA4CD8"
"04_CODE\D_finale_CODE_AND_DOCS\07_M1-M8图表修订_20260806\04_pagtn\env\Lib\ctypes\test\test_pointers.py"	"7239"	"A82ABF64174A8A572271A3E85D7CF31317AFF8036928D7503EE5C786FFBCD1FC"
"04_CODE\D_finale_CODE_AND_DOCS\07_M1-M8图表修订_20260806\04_pagtn\env\Lib\ctypes\test\test_prototypes.py"	"6845"	"BFDFB53C8CBAE9A464105C4A3F38389C7721C9D1FD0333103B86E7C8071C9DB2"
"04_CODE\D_finale_CODE_AND_DOCS\07_M1-M8图表修订_20260806\04_pagtn\env\Lib\ctypes\test\test_python_api.py"	"2768"	"363CF3A39D434BB1FDECFE4D8E872DB161E5B11E5262EB8AE66A0ACDC73FB720"
"04_CODE\D_finale_CODE_AND_DOCS\07_M1-M8图表修订_20260806\04_pagtn\env\Lib\ctypes\test\test_random_things.py"	"2836"	"0368DA32F76A4C106CBEBA3C92456947FBC68D1B012BC3762DB1B5F9399E7BE6"
"04_CODE\D_finale_CODE_AND_DOCS\07_M1-M8图表修订_20260806\04_pagtn\env\Lib\ctypes\test\test_refcounts.py"	"3138"	"6B83FFA7AABE4A8A0B3FE98CBC1F6AAA31253B24F8DB4E58304FDCCF26CE85A5"
"04_CODE\D_finale_CODE_AND_DOCS\07_M1-M8图表修订_20260806\04_pagtn\env\Lib\ctypes\test\test_repr.py"	"842"	"A89661E8555D05531985619FA54A16ECCDA0E15E50BC11DCC6EE9DF9B3C590CD"
"04_CODE\D_finale_CODE_AND_DOCS\07_M1-M8图表修订_20260806\04_pagtn\env\Lib\ctypes\test\test_returnfuncptrs.py"	"2893"	"C2F3C65D439622B1F44BA6CB54A14BFB9BB9FEC4A1CA47A930F067C307F32481"
"04_CODE\D_finale_CODE_AND_DOCS\07_M1-M8图表修订_20260806\04_pagtn\env\Lib\ctypes\test\test_simplesubclasses.py"	"1289"	"A1F30FE454D29EC7D61E9AFF7C02BCA3072AB2DEDE632A98E0D68985B025D402"
"04_CODE\D_finale_CODE_AND_DOCS\07_M1-M8图表修订_20260806\04_pagtn\env\Lib\ctypes\test\test_sizes.py"	"804"	"EBEBF011281A5C1FB7F76CCC40AAD2DA2AAFDC96E6360E8C5F5E62D0C56D11BD"
"04_CODE\D_finale_CODE_AND_DOCS\07_M1-M8图表修订_20260806\04_pagtn\env\Lib\ctypes\test\test_slicing.py"	"6025"	"F743C7B22A0DC8B4927A6D6DDBA218BBE5E954F0D9F7089FDC4E00D6378A1C2D"
"04_CODE\D_finale_CODE_AND_DOCS\07_M1-M8图表修订_20260806\04_pagtn\env\Lib\ctypes\test\test_stringptr.py"	"2598"	"76C576C3FAB33E040AF706BFA799E42FD67FD82457AF7627EBCF642A42B83B54"
"04_CODE\D_finale_CODE_AND_DOCS\07_M1-M8图表修订_20260806\04_pagtn\env\Lib\ctypes\test\test_strings.py"	"4390"	"AF1B542DB2D36F2C39F053CD14E5F1B1253F220C0FF75869EA2382A75BCD2D4A"
"04_CODE\D_finale_CODE_AND_DOCS\07_M1-M8图表修订_20260806\04_pagtn\env\Lib\ctypes\test\test_struct_fields.py"	"3151"	"95A245420D9E20C76A8278426BFFA63062A73DE8257629A0B4F419BBC3FE0B53"
"04_CODE\D_finale_CODE_AND_DOCS\07_M1-M8图表修订_20260806\04_pagtn\env\Lib\ctypes\test\test_structures.py"	"31688"	"7C952BFA8DB305CDCA1047E22C74594123DAF686BA22A898776CEFC947A0A56F"
"04_CODE\D_finale_CODE_AND_DOCS\07_M1-M8图表修订_20260806\04_pagtn\env\Lib\ctypes\test\test_unaligned_structures.py"	"1140"	"0C15A8E79B9FE5EDFB0DF4BE28827DC628A32A9DC948297E16DBF183583BD453"
"04_CODE\D_finale_CODE_AND_DOCS\07_M1-M8图表修订_20260806\04_pagtn\env\Lib\ctypes\test\test_unicode.py"	"1997"	"0D385D2CC2FA54D7063531169CC49C4105AA1463E54E298AFCBC2F9DDB8F2675"
"04_CODE\D_finale_CODE_AND_DOCS\07_M1-M8图表修订_20260806\04_pagtn\env\Lib\ctypes\test\test_values.py"	"4126"	"EE04846C7EF611BDF1C21CF9AC9CCF44FE55F4757C32DB0C18FF0DEEB58D6F6E"
"04_CODE\D_finale_CODE_AND_DOCS\07_M1-M8图表修订_20260806\04_pagtn\env\Lib\ctypes\test\test_varsize_struct.py"	"1842"	"C7D463AA0EE94BAA8AAB42A1E7C53A9B5547110FFFD1A85C30ACC0A952BCB216"
"04_CODE\D_finale_CODE_AND_DOCS\07_M1-M8图表修订_20260806\04_pagtn\env\Lib\ctypes\test\test_win32.py"	"5027"	"05490AD5F19E2919A1DEDDA2A7DDB4A77389CF78F56293C97FC1343724690AC2"
"04_CODE\D_finale_CODE_AND_DOCS\07_M1-M8图表修订_20260806\04_pagtn\env\Lib\ctypes\test\test_wintypes.py"	"1397"	"D535399195F0B6383004F5DFD3BC309B4FF2F249F6CB99080189F7D7E55C4EF5"
"04_CODE\D_finale_CODE_AND_DOCS\07_M1-M8图表修订_20260806\04_pagtn\env\Lib\ctypes\util.py"	"14964"	"3AEA57D2573B9C35893A16EF85074CBB3472B749309A0098CDDE20BE71F8A8C2"
"04_CODE\D_finale_CODE_AND_DOCS\07_M1-M8图表修订_20260806\04_pagtn\env\Lib\ctypes\wintypes.py"	"5628"	"C8F29E6CB1B05223E423391242F671381546130ACAE1FD7BAAFB65BA849F2A00"
"04_CODE\D_finale_CODE_AND_DOCS\07_M1-M8图表修订_20260806\04_pagtn\env\Lib\curses\__init__.py"	"3369"	"D8730E360DD00EC046BDD85CAE41FE83C907C6AE3716A964158FCE8F31AB28B0"
"04_CODE\D_finale_CODE_AND_DOCS\07_M1-M8图表修订_20260806\04_pagtn\env\Lib\curses\ascii.py"	"2547"	"CF0137C2143C5E5BEA2CCD25BFC61F3A274C5D8FDAB3BC4C2C7329412CE7B656"
"04_CODE\D_finale_CODE_AND_DOCS\07_M1-M8图表修订_20260806\04_pagtn\env\Lib\curses\has_key.py"	"5634"	"15A052812D9AE80124BB25B3F5B9FFAE38E2B03073774E163ABF3D773140CFB3"
"04_CODE\D_finale_CODE_AND_DOCS\07_M1-M8图表修订_20260806\04_pagtn\env\Lib\curses\panel.py"	"87"	"13EF404A30DA1825A612CA3E453DB88C305D45DEEF4441C4C9E2EF7EE0EF50C7"
"04_CODE\D_finale_CODE_AND_DOCS\07_M1-M8图表修订_20260806\04_pagtn\env\Lib\curses\textpad.py"	"7657"	"BBC4634B3396BB6AA89F186206B9E236047E443FFD727116F45B537F4DCE0759"
"04_CODE\D_finale_CODE_AND_DOCS\07_M1-M8图表修订_20260806\04_pagtn\env\Lib\dataclasses.py"	"58472"	"77A41EA9EB35D959781087B72EF5B452218B57B9D8F2D28688D45A40CA7F8A09"
"04_CODE\D_finale_CODE_AND_DOCS\07_M1-M8图表修订_20260806\04_pagtn\env\Lib\datetime.py"	"91832"	"CC9BCB0F1C2F44E1A6CD51882979E113E973C2E65ED84B9AAEDABB48D47AA356"
"04_CODE\D_finale_CODE_AND_DOCS\07_M1-M8图表修订_20260806\04_pagtn\env\Lib\dbm\__init__.py"	"5882"	"389407B292F30C38A334599D2546CA1FEA316B038A5252F985BBCCFCE6C8453B"
"04_CODE\D_finale_CODE_AND_DOCS\07_M1-M8图表修订_20260806\04_pagtn\env\Lib\dbm\dumb.py"	"11594"	"C99202D9EB4E25A023715A1B804C886FDB7D9F957730959BB071A57D607443B5"
"04_CODE\D_finale_CODE_AND_DOCS\07_M1-M8图表修订_20260806\04_pagtn\env\Lib\dbm\gnu.py"	"72"	"36CD4904F50E00C4DF4AD9D450B3970E150957425F47C00CF979BA73EFF49778"
"04_CODE\D_finale_CODE_AND_DOCS\07_M1-M8图表修订_20260806\04_pagtn\env\Lib\dbm\ndbm.py"	"70"	"1BCC2D9B2FAD1901F3421A174EEECB5B8CCC6763283B87BBE0705B404C71904B"
"04_CODE\D_finale_CODE_AND_DOCS\07_M1-M8图表修订_20260806\04_pagtn\env\Lib\decimal.py"	"320"	"000C00BAD31D126B054C6EC7F3E02B27C0F9A4D579F987D3C4F879CEE1BACB81"
"04_CODE\D_finale_CODE_AND_DOCS\07_M1-M8图表修订_20260806\04_pagtn\env\Lib\difflib.py"	"83308"	"0C6AFC23568D55B3E9AC914F9C5361E3033E778AA5B58D3CC82835FC5C638679"
"04_CODE\D_finale_CODE_AND_DOCS\07_M1-M8图表修订_20260806\04_pagtn\env\Lib\dis.py"	"28906"	"2E8D70C8CD2F4CE1FAB5574F4A5EE81F5572D929DA00067D14E6F6582356D240"
"04_CODE\D_finale_CODE_AND_DOCS\07_M1-M8图表修订_20260806\04_pagtn\env\Lib\distutils\__init__.py"	"541"	"50C33F1D73F224A50A07F64E29A5E71B86B105A2E61873E7F47DC28A6BAA7680"
"04_CODE\D_finale_CODE_AND_DOCS\07_M1-M8图表修订_20260806\04_pagtn\env\Lib\distutils\_msvccompiler.py"	"20404"	"21C14C94E6015F56B8C28ABD8C8F628F33EFBDB808A4A26B0DEEB31F2D4CA17A"
"04_CODE\D_finale_CODE_AND_DOCS\07_M1-M8图表修订_20260806\04_pagtn\env\Lib\distutils\archive_util.py"	"8572"	"A96FAE886C187B14EF2B97BE8927A5FF7D43B21C7E0AA4DA9CD3CAEAC9F07FDF"
"04_CODE\D_finale_CODE_AND_DOCS\07_M1-M8图表修订_20260806\04_pagtn\env\Lib\distutils\bcppcompiler.py"	"14894"	"3890D5A425265FA1FCBFFEE5575CE27D5D5F731F760ABD9D862521EBDF3D5092"
"04_CODE\D_finale_CODE_AND_DOCS\07_M1-M8图表修订_20260806\04_pagtn\env\Lib\distutils\ccompiler.py"	"47418"	"194146BC2645BAFE0D34D90D6837958779DE804B21178B3E1A3DA651BBBCCFFB"
"04_CODE\D_finale_CODE_AND_DOCS\07_M1-M8图表修订_20260806\04_pagtn\env\Lib\distutils\cmd.py"	"18079"	"79CA3A2C0194B686CBB8F69FBA19A02A09304512FF598F0A27861E0C21E9725B"
"04_CODE\D_finale_CODE_AND_DOCS\07_M1-M8图表修订_20260806\04_pagtn\env\Lib\distutils\command\__init__.py"	"771"	"F0BCDE9801FAD1D064FEE42C8CCBE36EB121CBA7B6E4415C40C3EC144217EE37"
"04_CODE\D_finale_CODE_AND_DOCS\07_M1-M8图表修订_20260806\04_pagtn\env\Lib\distutils\command\bdist.py"	"5333"	"09340DDBEF8938D6EED6DDFF61F570F1F98C586690CD4F7600F97D626E50F58E"
"04_CODE\D_finale_CODE_AND_DOCS\07_M1-M8图表修订_20260806\04_pagtn\env\Lib\distutils\command\bdist_dumb.py"	"4913"	"053BABF63708A69C8FECF89ABE37EC93B623125AAFC5E60EDA7A54C8F3CE7A47"
"04_CODE\D_finale_CODE_AND_DOCS\07_M1-M8图表修订_20260806\04_pagtn\env\Lib\distutils\command\bdist_rpm.py"	"21537"	"8233B0DB61A10D26DCAB46DDAB6E5C4DBFA7E875969B46D284B41A77F9A42789"
"04_CODE\D_finale_CODE_AND_DOCS\07_M1-M8图表修订_20260806\04_pagtn\env\Lib\distutils\command\build.py"	"5767"	"D753724765005336A5AE44D9DA98740401C55850B68ED4AC37B808685F8D0B4F"
"04_CODE\D_finale_CODE_AND_DOCS\07_M1-M8图表修订_20260806\04_pagtn\env\Lib\distutils\command\build_clib.py"	"8022"	"6E05531E1DBC78B400D86930EBC6A602977F8FBA90057E0C4C8FB34EF00AFC9E"
"04_CODE\D_finale_CODE_AND_DOCS\07_M1-M8图表修订_20260806\04_pagtn\env\Lib\distutils\command\build_ext.py"	"31627"	"B55D5E1BBD431E3F7D42F60BE8777A3E761B1221A88C4551C2778D2FA858978E"
"04_CODE\D_finale_CODE_AND_DOCS\07_M1-M8图表修订_20260806\04_pagtn\env\Lib\distutils\command\build_py.py"	"17190"	"4BF365C3885913C3E7220A97E4E14C766B7E19298E84F410E1FDA3AF5B819E85"
"04_CODE\D_finale_CODE_AND_DOCS\07_M1-M8图表修订_20260806\04_pagtn\env\Lib\distutils\command\build_scripts.py"	"6232"	"68AC9C2493F1DCB7D9D5CBD981225AC670F62E7BD1339589FBCC64A5D81C2EC2"
"04_CODE\D_finale_CODE_AND_DOCS\07_M1-M8图表修订_20260806\04_pagtn\env\Lib\distutils\command\check.py"	"5890"	"81B7E76E7FB8CC716FA4C3DADB0C2E54269D6E1765F61361F0E86A2E790FD6EA"
"04_CODE\D_finale_CODE_AND_DOCS\07_M1-M8图表修订_20260806\04_pagtn\env\Lib\distutils\command\clean.py"	"2776"	"D930ADE3BAEEE2165933445F55F5188F96DBA6272918B3F8421C398C1B6FA7D9"
"04_CODE\D_finale_CODE_AND_DOCS\07_M1-M8图表修订_20260806\04_pagtn\env\Lib\distutils\command\config.py"	"13117"	"D9A4E3C30DCFC23301F3E6626C27B83FB07EA86D61335827FEB257632C51CFA7"
"04_CODE\D_finale_CODE_AND_DOCS\07_M1-M8图表修订_20260806\04_pagtn\env\Lib\distutils\command\install.py"	"28242"	"32B5CD24C6AAFCDD73A2835E99F3BDF8C4F53D04DE0011B3CB04F786AE60B994"
"04_CODE\D_finale_CODE_AND_DOCS\07_M1-M8图表修订_20260806\04_pagtn\env\Lib\distutils\command\install_data.py"	"2822"	"62118E0308778093EA17B7A6E57034AE6A51E36CF56CB87CD28A049730F252F9"
"04_CODE\D_finale_CODE_AND_DOCS\07_M1-M8图表修订_20260806\04_pagtn\env\Lib\distutils\command\install_egg_info.py"	"2603"	"D245B496254C79A7648D7D197117CCA6D2857A7D3B1B0EA0CB0D551D3E4A2307"
"04_CODE\D_finale_CODE_AND_DOCS\07_M1-M8图表修订_20260806\04_pagtn\env\Lib\distutils\command\install_headers.py"	"1298"	"5D0EA27646C80DFAF59635C23B39EE55432F385A47067E9C2B45B3F6020CD9BE"
"04_CODE\D_finale_CODE_AND_DOCS\07_M1-M8图表修订_20260806\04_pagtn\env\Lib\distutils\command\install_lib.py"	"8397"	"F40A1F47E30EF6502D8F0C2EBA40A9B5EA4E68910A3195B65478B2479854EC70"
"04_CODE\D_finale_CODE_AND_DOCS\07_M1-M8图表修订_20260806\04_pagtn\env\Lib\distutils\command\install_scripts.py"	"2017"	"FC22D4790C06251718DA48A4EDACCF327E4876D0C2AE359D52F675921946E9C9"
"04_CODE\D_finale_CODE_AND_DOCS\07_M1-M8图表修订_20260806\04_pagtn\env\Lib\distutils\command\register.py"	"11712"	"DA36AAF7DEBCAEDDA9B91543071D476CD897BF6EEE3A4F22744FF894F7FFDD53"
"04_CODE\D_finale_CODE_AND_DOCS\07_M1-M8图表修订_20260806\04_pagtn\env\Lib\distutils\command\sdist.py"	"19005"	"AA8B498C03B3CA1263AB6FA80C89A3345ACEB5A4A778414325307EB04935C275"
"04_CODE\D_finale_CODE_AND_DOCS\07_M1-M8图表修订_20260806\04_pagtn\env\Lib\distutils\command\upload.py"	"7621"	"ED9475FB90F3EF73D98F8F1F40B8637DE2767C9C4FCA95975B0A2C55164E5B8C"
"04_CODE\D_finale_CODE_AND_DOCS\07_M1-M8图表修订_20260806\04_pagtn\env\Lib\distutils\config.py"	"4951"	"941556D79CB5491449FD8241F32BF37C0AB574B331A2E9C8156FE2BB8A0FDB87"
"04_CODE\D_finale_CODE_AND_DOCS\07_M1-M8图表修订_20260806\04_pagtn\env\Lib\distutils\core.py"	"8876"	"8DB74E92938AD3DC62FB9EAF861C2F9F77D87612DBE4324EF2ADCAD5F9D0CF44"
"04_CODE\D_finale_CODE_AND_DOCS\07_M1-M8图表修订_20260806\04_pagtn\env\Lib\distutils\cygwinccompiler.py"	"16480"	"B75A16168B3210EFD52A6B79B47F386DA4EA3D86644CAAA929A31A1BC25D1F0C"
"04_CODE\D_finale_CODE_AND_DOCS\07_M1-M8图表修订_20260806\04_pagtn\env\Lib\distutils\debug.py"	"139"	"37A32B4C0A8AEA5F52564EAD5B0791D74F0F33C3A5EEA3657F257E9C770B86C6"
"04_CODE\D_finale_CODE_AND_DOCS\07_M1-M8图表修订_20260806\04_pagtn\env\Lib\distutils\dep_util.py"	"3491"	"1AE47D230FE3CD9464C9E989E475FCAC1FF0446C642017019B5AA1E78AFBCE19"
"04_CODE\D_finale_CODE_AND_DOCS\07_M1-M8图表修订_20260806\04_pagtn\env\Lib\distutils\dir_util.py"	"7778"	"5308413944DC57AE464F071EE123EE4D747C67CAB72D811C9ADB6A7066F46D8A"
"04_CODE\D_finale_CODE_AND_DOCS\07_M1-M8图表修订_20260806\04_pagtn\env\Lib\distutils\dist.py"	"50385"	"1E797F81633E34C7993030AC4047B0CD43E49739D40DD03EF262D5C7DD7B17D2"
"04_CODE\D_finale_CODE_AND_DOCS\07_M1-M8图表修订_20260806\04_pagtn\env\Lib\distutils\errors.py"	"3577"	"62BEAD29919DCC1A0D8B9DEF06D8AAD1427FFD7D390A6C5275026A3966B0E926"
"04_CODE\D_finale_CODE_AND_DOCS\07_M1-M8图表修订_20260806\04_pagtn\env\Lib\distutils\extension.py"	"10529"	"CFB99F8B891F9E933544D4B0D25A59569E71BBD79320D61BA64E953E6A6F5A58"
"04_CODE\D_finale_CODE_AND_DOCS\07_M1-M8图表修订_20260806\04_pagtn\env\Lib\distutils\fancy_getopt.py"	"17784"	"38FC69D82C478B5629FDDD43F09C56E147AAF5F0BBD6D7A040569A7E1E7C1865"
"04_CODE\D_finale_CODE_AND_DOCS\07_M1-M8图表修订_20260806\04_pagtn\env\Lib\distutils\file_util.py"	"8148"	"D2152A7C8B4DFF1D83562851D0C1DD03828231508E3BC568072685A7F6BA3038"
"04_CODE\D_finale_CODE_AND_DOCS\07_M1-M8图表修订_20260806\04_pagtn\env\Lib\distutils\filelist.py"	"12832"	"F1B471873A7616C6A81D3ED3B8A0F842372E87F07D3B0FF14EDFE1B5926F3764"
"04_CODE\D_finale_CODE_AND_DOCS\07_M1-M8图表修订_20260806\04_pagtn\env\Lib\distutils\log.py"	"1969"	"8560667540B62BDDBB41C56FDD110C5B71CC3DC97171C3D09E0C4B4AE517425D"
"04_CODE\D_finale_CODE_AND_DOCS\07_M1-M8图表修订_20260806\04_pagtn\env\Lib\distutils\msvc9compiler.py"	"30453"	"33D3EDC009158D1BF1353165440929E8403935776C16BFAA775F97466F8A8AC3"
"04_CODE\D_finale_CODE_AND_DOCS\07_M1-M8图表修订_20260806\04_pagtn\env\Lib\distutils\msvccompiler.py"	"23527"	"4DAE9B283DF0B4606089D2E442C1F12932A106665701A69FBAB64C1EF3181513"
"04_CODE\D_finale_CODE_AND_DOCS\07_M1-M8图表修订_20260806\04_pagtn\env\Lib\distutils\spawn.py"	"4660"	"87336CDB85C2F6ECF2C67CD8A43903BF2CF884C218B1661DCC63A52AD96343E7"
"04_CODE\D_finale_CODE_AND_DOCS\07_M1-M8图表修订_20260806\04_pagtn\env\Lib\distutils\sysconfig.py"	"12516"	"19956C0B27828E7184664AFE1F6F71B92CA3D76B2050A9BE2070C9E37807BED9"
"04_CODE\D_finale_CODE_AND_DOCS\07_M1-M8图表修订_20260806\04_pagtn\env\Lib\distutils\tests\__init__.py"	"1069"	"D7A73FB311324EC86803495836A5B8C0EB26F651D77FC6DF3F2ABA4486357AB7"
"04_CODE\D_finale_CODE_AND_DOCS\07_M1-M8图表修订_20260806\04_pagtn\env\Lib\distutils\tests\support.py"	"6490"	"F7649FE69F9EAE66781747A72550C3743A197608CA6B37D5607930570A804384"
"04_CODE\D_finale_CODE_AND_DOCS\07_M1-M8图表修订_20260806\04_pagtn\env\Lib\distutils\tests\test_archive_util.py"	"14280"	"C6EE7C94ED90325F391899FB7C8D384C3710F16D8433C836C6F3155B821AABBD"
"04_CODE\D_finale_CODE_AND_DOCS\07_M1-M8图表修订_20260806\04_pagtn\env\Lib\distutils\tests\test_bdist.py"	"1536"	"48A3BC44CE7F1EE96B9512236A940903D916B0556583FF7C325E78B2046A32DF"
"04_CODE\D_finale_CODE_AND_DOCS\07_M1-M8图表修订_20260806\04_pagtn\env\Lib\distutils\tests\test_bdist_dumb.py"	"2788"	"EA1688B5A617891F446F562B853C9E21C734AF9E90ADA74F29A5AD99F8534A46"
"04_CODE\D_finale_CODE_AND_DOCS\07_M1-M8图表修订_20260806\04_pagtn\env\Lib\distutils\tests\test_bdist_rpm.py"	"5208"	"398DD4CB89E1165A26560C398E9B1E02556642BDEC69E857BD80AB73A46F98B4"
"04_CODE\D_finale_CODE_AND_DOCS\07_M1-M8图表修订_20260806\04_pagtn\env\Lib\distutils\tests\test_build.py"	"1925"	"AF0BDCA3EC537BFB43F1E8E5E3615BA01A67C908B156B2A58FCB2A422E68A146"
"04_CODE\D_finale_CODE_AND_DOCS\07_M1-M8图表修订_20260806\04_pagtn\env\Lib\distutils\tests\test_build_clib.py"	"4876"	"877302073D1DCF478E943016CEBE0466645FA739E5D2D8BBC8E180D8182F9A42"
"04_CODE\D_finale_CODE_AND_DOCS\07_M1-M8图表修订_20260806\04_pagtn\env\Lib\distutils\tests\test_build_ext.py"	"20700"	"C0B6D8C36C52290099FAA520667DFD54CDEF243BA7E906EE1AE8B2D0BAC4A1E6"
"04_CODE\D_finale_CODE_AND_DOCS\07_M1-M8图表修订_20260806\04_pagtn\env\Lib\distutils\tests\test_build_py.py"	"6319"	"4D6AF717C108AF133DE24799FC966B5DAD4B13B2BB4439AA7DA7B532C15D6423"
"04_CODE\D_finale_CODE_AND_DOCS\07_M1-M8图表修订_20260806\04_pagtn\env\Lib\distutils\tests\test_build_scripts.py"	"3473"	"2765139F7CBA3941390AB92C6421E6363C47CDC5EAAB207BCA4FD1268A3145F3"
"04_CODE\D_finale_CODE_AND_DOCS\07_M1-M8图表修订_20260806\04_pagtn\env\Lib\distutils\tests\test_check.py"	"5598"	"2E63A330B269219BB5B570B4F4B34FB89CBC1F8D4166BECF390BC03AA705D0B4"
"04_CODE\D_finale_CODE_AND_DOCS\07_M1-M8图表修订_20260806\04_pagtn\env\Lib\distutils\tests\test_clean.py"	"1328"	"D404E3645F256F7E42EA6F26A1EF8F68795B44B5BBC929B279CD50317220C22C"
"04_CODE\D_finale_CODE_AND_DOCS\07_M1-M8图表修订_20260806\04_pagtn\env\Lib\distutils\tests\test_cmd.py"	"3744"	"EB46EE5FCA289F6D70C2772ED0D88AA1609A41959E17238107B122F018DC5F04"
"04_CODE\D_finale_CODE_AND_DOCS\07_M1-M8图表修订_20260806\04_pagtn\env\Lib\distutils\tests\test_config.py"	"3771"	"225627ACF67E0B06702C169E641334B2D82652B77F81FDB5CB31AB5E7B2870E5"
"04_CODE\D_finale_CODE_AND_DOCS\07_M1-M8图表修订_20260806\04_pagtn\env\Lib\distutils\tests\test_config_cmd.py"	"3165"	"355F66EB9848788C3C43D7945BC61C834B2B0D5A1968D7DF90F87749A07CCAFE"
"04_CODE\D_finale_CODE_AND_DOCS\07_M1-M8图表修订_20260806\04_pagtn\env\Lib\distutils\tests\test_core.py"	"3992"	"1C217017067411A4995EAB5ACB7CAF6171CA5FB9A8EA0FF3D837E38B07D08AA3"
"04_CODE\D_finale_CODE_AND_DOCS\07_M1-M8图表修订_20260806\04_pagtn\env\Lib\distutils\tests\test_cygwinccompiler.py"	"5513"	"746B5C518B3FBD20E5565C62B511B9D6C83A78E6F71BF292EA9F2D5BB5803522"
"04_CODE\D_finale_CODE_AND_DOCS\07_M1-M8图表修订_20260806\04_pagtn\env\Lib\distutils\tests\test_dep_util.py"	"2705"	"6AFE6786F553C28204287B5CAD74DBEE496C64AFBFB8543FBE568DE358AB288A"
"04_CODE\D_finale_CODE_AND_DOCS\07_M1-M8图表修订_20260806\04_pagtn\env\Lib\distutils\tests\test_dir_util.py"	"4696"	"35FAE97D151C1E15B918E7AE063DED2DE9F5813EEA69A55C3F385C8961822FD3"
"04_CODE\D_finale_CODE_AND_DOCS\07_M1-M8图表修订_20260806\04_pagtn\env\Lib\distutils\tests\test_dist.py"	"18904"	"148982302C49FDB330615330A140CD7527A9F3DED01F9CA3922DF39E898DABE9"
"04_CODE\D_finale_CODE_AND_DOCS\07_M1-M8图表修订_20260806\04_pagtn\env\Lib\distutils\tests\test_extension.py"	"2691"	"CDEA6A3FF43E6FCC993F4A1335EE4AA96F13795D3B24FF3265611F8836669D68"
"04_CODE\D_finale_CODE_AND_DOCS\07_M1-M8图表修订_20260806\04_pagtn\env\Lib\distutils\tests\test_file_util.py"	"4464"	"BA6BBB298C8D61AEADA89CCFADE63299640776F918B8274115D927EA22BB894C"
"04_CODE\D_finale_CODE_AND_DOCS\07_M1-M8图表修订_20260806\04_pagtn\env\Lib\distutils\tests\test_filelist.py"	"11294"	"AC86A59410A864059EB4E088D78E996AF4B958B8B892B2173CAD0E7FD2F67492"
"04_CODE\D_finale_CODE_AND_DOCS\07_M1-M8图表修订_20260806\04_pagtn\env\Lib\distutils\tests\test_install.py"	"8941"	"2311388A057CBD4C313482584CE232CABE6CBCEF12D21ADA8FF9A4AA645C707C"
"04_CODE\D_finale_CODE_AND_DOCS\07_M1-M8图表修订_20260806\04_pagtn\env\Lib\distutils\tests\test_install_data.py"	"2458"	"C9E2BCC7941DA7FD191AD777FD7B7A20F61EBD37A0B69E32E671B989B5711988"
"04_CODE\D_finale_CODE_AND_DOCS\07_M1-M8图表修订_20260806\04_pagtn\env\Lib\distutils\tests\test_install_headers.py"	"1116"	"6D4CF40C06E4019F23BEA216BDB32B07917F9C1BE815BE17EE152065E0D80E00"
"04_CODE\D_finale_CODE_AND_DOCS\07_M1-M8图表修订_20260806\04_pagtn\env\Lib\distutils\tests\test_install_lib.py"	"3955"	"F17E8C96EEF37C54FAA7EC4D06398F716204F8880ACF9DA45369F2D3AC276185"
"04_CODE\D_finale_CODE_AND_DOCS\07_M1-M8图表修订_20260806\04_pagtn\env\Lib\distutils\tests\test_install_scripts.py"	"2503"	"5A36D500CD869FC4383A7EF05859F0AB4E70412D18FB2550298554FEF5D331F3"
"04_CODE\D_finale_CODE_AND_DOCS\07_M1-M8图表修订_20260806\04_pagtn\env\Lib\distutils\tests\test_log.py"	"1781"	"A42872CBA658F77FDC0CCCA23C2B7277B7085ABA2B5E5CDCC38E3C5770AF1346"
"04_CODE\D_finale_CODE_AND_DOCS\07_M1-M8图表修订_20260806\04_pagtn\env\Lib\distutils\tests\test_msvc9compiler.py"	"5917"	"3A65D8DD112D4F865A8C78249B0CE40288E7BC1C175B64EEE6FEBD906E4ACD9F"
"04_CODE\D_finale_CODE_AND_DOCS\07_M1-M8图表修订_20260806\04_pagtn\env\Lib\distutils\tests\test_msvccompiler.py"	"2725"	"340B5687C31473630B4088B08D8DE05AAD1909697D5FB24A817E9467A316105B"
"04_CODE\D_finale_CODE_AND_DOCS\07_M1-M8图表修订_20260806\04_pagtn\env\Lib\distutils\tests\test_register.py"	"9860"	"AF136F8ED7223B9BAB0E214A5DEC96C7E8BCEBA6CC73D53DDA458B2B87DD6808"
"04_CODE\D_finale_CODE_AND_DOCS\07_M1-M8图表修订_20260806\04_pagtn\env\Lib\distutils\tests\test_sdist.py"	"16998"	"4CB8087C5D25CFA4413AB1F881C0FF47C164BEDD68DD64C5F1D10D5A069E0660"
"04_CODE\D_finale_CODE_AND_DOCS\07_M1-M8图表修订_20260806\04_pagtn\env\Lib\distutils\tests\test_spawn.py"	"5386"	"C3E7FA10C1B965AFD92AAAE1110FC626728DD693C9F7ED8BF32499FFCB454FB7"
"04_CODE\D_finale_CODE_AND_DOCS\07_M1-M8图表修订_20260806\04_pagtn\env\Lib\distutils\tests\test_sysconfig.py"	"10555"	"24C60640CEAD65BCB9C79246B0BBB6C1F315F454DB92E431FC1E19AEEDB0FCDE"
"04_CODE\D_finale_CODE_AND_DOCS\07_M1-M8图表修订_20260806\04_pagtn\env\Lib\distutils\tests\test_text_file.py"	"3320"	"0D4AE2CC2B4AE020D61EE5309C0F477E73C7DBDCB99676CBFABDD7AC9D3B905E"
"04_CODE\D_finale_CODE_AND_DOCS\07_M1-M8图表修订_20260806\04_pagtn\env\Lib\distutils\tests\test_unixccompiler.py"	"4708"	"DEB364E2E094D6B256FB6006B4309FD9D3DC77113809FB815BE0B05FD7EC4043"
"04_CODE\D_finale_CODE_AND_DOCS\07_M1-M8图表修订_20260806\04_pagtn\env\Lib\distutils\tests\test_upload.py"	"7023"	"D094EEDA8954FB1B99189996312733F7B4A1142C7DBAC60B8E9D4700ADCCA157"
"04_CODE\D_finale_CODE_AND_DOCS\07_M1-M8图表修订_20260806\04_pagtn\env\Lib\distutils\tests\test_util.py"	"11609"	"43D1867CCC7D8F8763732176B2AFA8200E9EA9EC1469E56B497BEFD52B21DAC0"
"04_CODE\D_finale_CODE_AND_DOCS\07_M1-M8图表修订_20260806\04_pagtn\env\Lib\distutils\tests\test_version.py"	"3335"	"D21202DD00BA30B852258B4292E348A0C25DE233272FD9D17BCD137CCC3A415F"
"04_CODE\D_finale_CODE_AND_DOCS\07_M1-M8图表修订_20260806\04_pagtn\env\Lib\distutils\tests\test_versionpredicate.py"	"278"	"388304A64C8721C2721B8D9F8561AB29F07C59E255BD40D3538C891D7599217C"
"04_CODE\D_finale_CODE_AND_DOCS\07_M1-M8图表修订_20260806\04_pagtn\env\Lib\distutils\text_file.py"	"12483"	"3ECB8025E59D289A0B495FFA37A229079FB43DAF382B32D4B9C24C1516B3C372"
"04_CODE\D_finale_CODE_AND_DOCS\07_M1-M8图表修订_20260806\04_pagtn\env\Lib\distutils\unixccompiler.py"	"14855"	"D712F8538752BBC8CF7C76E30B3E69C0A409D94FBF004732F6F6EA5C24F26780"
"04_CODE\D_finale_CODE_AND_DOCS\07_M1-M8图表修订_20260806\04_pagtn\env\Lib\distutils\util.py"	"21032"	"5A759D80DC2BEBDDA1BC4461DDC9A335C378E3A25E4DA20218CDCE07686824AE"
"04_CODE\D_finale_CODE_AND_DOCS\07_M1-M8图表修订_20260806\04_pagtn\env\Lib\distutils\version.py"	"12514"	"F0DA203FA34F3D0A69DC450C65C4FD73310789AF9E86A3E8F2CA68FDEEC08145"
"04_CODE\D_finale_CODE_AND_DOCS\07_M1-M8图表修订_20260806\04_pagtn\env\Lib\distutils\versionpredicate.py"	"5133"	"671A4403E4D0BFCF2651673A85EB543B8A92A80DAC6BB8A98D9DD010AE5EBC39"
"04_CODE\D_finale_CODE_AND_DOCS\07_M1-M8图表修订_20260806\04_pagtn\env\Lib\doctest.py"	"106297"	"83FA675E613F9082E127B94C0E7DFE6A4E7C46349C4094429039D0E5BA688B88"
"04_CODE\D_finale_CODE_AND_DOCS\07_M1-M8图表修订_20260806\04_pagtn\env\Lib\email\__init__.py"	"1764"	"E4F46E3414C4602C9ABB8B404A45E84412FC49DBE38A3D163F9575132DC7C93E"
"04_CODE\D_finale_CODE_AND_DOCS\07_M1-M8图表修订_20260806\04_pagtn\env\Lib\email\_encoded_words.py"	"8541"	"4178321600C0A19CA04CFE8542CE44487F339D15D89A473B58CEA63C0B230217"
"04_CODE\D_finale_CODE_AND_DOCS\07_M1-M8图表修订_20260806\04_pagtn\env\Lib\email\_header_value_parser.py"	"109186"	"A53E4B2177F50617804BF095832B95A11825641C4359266037CA7CD60D402764"
"04_CODE\D_finale_CODE_AND_DOCS\07_M1-M8图表修订_20260806\04_pagtn\env\Lib\email\_parseaddr.py"	"17821"	"4308932872ACBF4A674312A45A49B870E48026E3DFEDC878EE2F512DDF2F30BA"
"04_CODE\D_finale_CODE_AND_DOCS\07_M1-M8图表修订_20260806\04_pagtn\env\Lib\email\_policybase.py"	"15534"	"3DB4BF3BE5BDBA13AB9A78CE30784C330D6DBC657B4E9142210DC8B264CFD424"
"04_CODE\D_finale_CODE_AND_DOCS\07_M1-M8图表修订_20260806\04_pagtn\env\Lib\email\base64mime.py"	"3551"	"E2B4B87A5F42A8C5780E343F675513BBCC6ABDD23FA14F8F1A7D4F7D72304770"
"04_CODE\D_finale_CODE_AND_DOCS\07_M1-M8图表修订_20260806\04_pagtn\env\Lib\email\charset.py"	"17118"	"3CCB2E860390656664D271F08DA8C0BAE9A4297CC7E90BE664D7C82D364E442F"
"04_CODE\D_finale_CODE_AND_DOCS\07_M1-M8图表修订_20260806\04_pagtn\env\Lib\email\contentmanager.py"	"10588"	"2D81026AEF17E4786B15D9EC0629304987E3F275A0FD0A421A81B4ED87234B2C"
"04_CODE\D_finale_CODE_AND_DOCS\07_M1-M8图表修订_20260806\04_pagtn\env\Lib\email\encoders.py"	"1778"	"690B275529788CC48E8F541A2AEF321DC31E92F75764AC7924896DB72D8A9555"
"04_CODE\D_finale_CODE_AND_DOCS\07_M1-M8图表修订_20260806\04_pagtn\env\Lib\email\errors.py"	"3814"	"DBFB4BBFC85E9D556D3385DC6356518846D8A122BC643B171EA61B6E8DC42C8B"
"04_CODE\D_finale_CODE_AND_DOCS\07_M1-M8图表修订_20260806\04_pagtn\env\Lib\email\feedparser.py"	"22802"	"CA333E0462C96505D8C510F260192256306FA889C011C6F2EAA8D50C70503CCE"
"04_CODE\D_finale_CODE_AND_DOCS\07_M1-M8图表修订_20260806\04_pagtn\env\Lib\email\generator.py"	"21402"	"A6B9717C219DFAEAD225E191B5CD7293EAB529433173604D2D00DDFB38FD5F76"
"04_CODE\D_finale_CODE_AND_DOCS\07_M1-M8图表修订_20260806\04_pagtn\env\Lib\email\header.py"	"24092"	"4D9BAA908AD5288DD8FAD8CF20B3802FFAC77BA1642727804A633B201C56E5CA"
"04_CODE\D_finale_CODE_AND_DOCS\07_M1-M8图表修订_20260806\04_pagtn\env\Lib\email\headerregistry.py"	"20819"	"FADA56C25B6A457C6A62AF43F9F929BBC29424103CE65F40F114ADB4FDF3D39F"
"04_CODE\D_finale_CODE_AND_DOCS\07_M1-M8图表修订_20260806\04_pagtn\env\Lib\email\iterators.py"	"2129"	"1080A2D03779176D6D45F6ECD976DBE69F5579F7E4E83B75224C3F92FD258102"
"04_CODE\D_finale_CODE_AND_DOCS\07_M1-M8图表修订_20260806\04_pagtn\env\Lib\email\message.py"	"48210"	"275F2D0A31E1331CD90014039C4C150FE5822C3E981638CC31D4973EE0FB27EB"
"04_CODE\D_finale_CODE_AND_DOCS\07_M1-M8图表修订_20260806\04_pagtn\env\Lib\email\mime\__init__.py"	"0"	"E3B0C44298FC1C149AFBF4C8996FB92427AE41E4649B934CA495991B7852B855"
"04_CODE\D_finale_CODE_AND_DOCS\07_M1-M8图表修订_20260806\04_pagtn\env\Lib\email\mime\application.py"	"1321"	"B82A944CCBA03E7E7EEC46232E50FFE4CE2C32F4B0E26662E6BDE30D533584AE"
"04_CODE\D_finale_CODE_AND_DOCS\07_M1-M8图表修订_20260806\04_pagtn\env\Lib\email\mime\audio.py"	"3094"	"856263B25A3384A7450A1A0B9869FB897B84F893B2E7147C7E045AE50D132CD3"
"04_CODE\D_finale_CODE_AND_DOCS\07_M1-M8图表修订_20260806\04_pagtn\env\Lib\email\mime\base.py"	"914"	"9A7B36653B5657525A0AEEAA72D4A0B09F598E6EDC29C139C2DC2612B7D29FB8"
"04_CODE\D_finale_CODE_AND_DOCS\07_M1-M8图表修订_20260806\04_pagtn\env\Lib\email\mime\image.py"	"3726"	"460BE5B50CFCAAB8E72A73F24F14AB062CEDF1A40A775B8B0D80C13AED44BB5E"
"04_CODE\D_finale_CODE_AND_DOCS\07_M1-M8图表修订_20260806\04_pagtn\env\Lib\email\mime\message.py"	"1315"	"30FCCEA73B874B5DDACCBD3C64936833749FF039F08D40524C1B0B25B8E8E2B8"
"04_CODE\D_finale_CODE_AND_DOCS\07_M1-M8图表修订_20260806\04_pagtn\env\Lib\email\mime\multipart.py"	"1619"	"8BF2BECA6DE95D66F12968380A428D3BB0A28A8A6EA2078DA521511E1ED80A38"
"04_CODE\D_finale_CODE_AND_DOCS\07_M1-M8图表修订_20260806\04_pagtn\env\Lib\email\mime\nonmultipart.py"	"689"	"4EB9AD32603D66FC9D55AEBCC4D3CF759EDD9E95A591D38690659AFB2E57B050"
"04_CODE\D_finale_CODE_AND_DOCS\07_M1-M8图表修订_20260806\04_pagtn\env\Lib\email\mime\text.py"	"1435"	"DBF4775F89AB4335B2EBDCBC364699B400559D9CF50FA09266C4E6F113183CC2"
"04_CODE\D_finale_CODE_AND_DOCS\07_M1-M8图表修订_20260806\04_pagtn\env\Lib\email\parser.py"	"5038"	"7A665BC106E9D4F6F8F2C8DE53B2C1D5B97F5105CC7DA638B82D731F6F9E354E"
"04_CODE\D_finale_CODE_AND_DOCS\07_M1-M8图表修订_20260806\04_pagtn\env\Lib\email\policy.py"	"10519"	"56A2A90D973C06668F6F113D67F26CF348AF10B33EECE2A6B812E34DA45258D8"
"04_CODE\D_finale_CODE_AND_DOCS\07_M1-M8图表修订_20260806\04_pagtn\env\Lib\email\quoprimime.py"	"9864"	"77B454BD3BA3B5E3776BE28AE3A0FD8DE5D1E50D5B8EE10DD539C37C2BD68082"
"04_CODE\D_finale_CODE_AND_DOCS\07_M1-M8图表修订_20260806\04_pagtn\env\Lib\email\utils.py"	"17222"	"014848CA9A7F3A747E0AE8E0814F5C5734301BEA880D73618EA0FD61E53B0342"
"04_CODE\D_finale_CODE_AND_DOCS\07_M1-M8图表修订_20260806\04_pagtn\env\Lib\encodings\__init__.py"	"5884"	"78C4744D407690F321565488710B5AAF6486B5AFA8D185637AA1E7633AB59CD8"
"04_CODE\D_finale_CODE_AND_DOCS\07_M1-M8图表修订_20260806\04_pagtn\env\Lib\encodings\aliases.py"	"15677"	"6FDCC49BA23A0203AE6CF28E608F8E6297D7C4D77D52E651DB3CB49B9564C6D2"
"04_CODE\D_finale_CODE_AND_DOCS\07_M1-M8图表修订_20260806\04_pagtn\env\Lib\encodings\ascii.py"	"1248"	"578AA1173F7CC60DAD2895071287FE6182BD14787B3FBF47A6C7983DFE3675E3"
"04_CODE\D_finale_CODE_AND_DOCS\07_M1-M8图表修订_20260806\04_pagtn\env\Lib\encodings\base64_codec.py"	"1533"	"CF9AC7A464F541492486241D1B4BF33E37B45C6499275CC4D69C5A8E564E5976"
"04_CODE\D_finale_CODE_AND_DOCS\07_M1-M8图表修订_20260806\04_pagtn\env\Lib\encodings\big5.py"	"1019"	"98FAC6F86A20DD05DA197E2058176EBFD47EDEE7074C3248F5F48FE0FB672D7C"
"04_CODE\D_finale_CODE_AND_DOCS\07_M1-M8图表修订_20260806\04_pagtn\env\Lib\encodings\big5hkscs.py"	"1039"	"21D051A00FB5C6A86BA187E0C50E811D659CE00991FD5F5B408F71EBB2EF0F16"
"04_CODE\D_finale_CODE_AND_DOCS\07_M1-M8图表修订_20260806\04_pagtn\env\Lib\encodings\bz2_codec.py"	"2249"	"1181A2A89102A2B1D2B2F1F4473236D5D1ECECDD0BE8FDAA498A3DBE21A185AB"
"04_CODE\D_finale_CODE_AND_DOCS\07_M1-M8图表修订_20260806\04_pagtn\env\Lib\encodings\charmap.py"	"2084"	"1B8B5FDB36CE3BECC62A6115ED904A17083949EC8AAEF5A80F7078CEC232F43B"
"04_CODE\D_finale_CODE_AND_DOCS\07_M1-M8图表修订_20260806\04_pagtn\env\Lib\encodings\cp037.py"	"13121"	"FDA6CA994D710E4E0C760E0204C29A4273FC0F14EBE3169306D2EB54C9953F58"
"04_CODE\D_finale_CODE_AND_DOCS\07_M1-M8图表修订_20260806\04_pagtn\env\Lib\encodings\cp1006.py"	"13568"	"EADED38B427841BDF280E878F1E26DA506E743EAA9429075332AF60CCE429473"
"04_CODE\D_finale_CODE_AND_DOCS\07_M1-M8图表修订_20260806\04_pagtn\env\Lib\encodings\cp1026.py"	"13113"	"F5227237DD7CE5005B16A8E4D8342F0D193193C878E3CF35B9305D22B3B1AAF9"
"04_CODE\D_finale_CODE_AND_DOCS\07_M1-M8图表修订_20260806\04_pagtn\env\Lib\encodings\cp1125.py"	"34597"	"F84C7D30CE222E6A50CFF1A4C9737173411DA108CBD2C9BB57C854480103C470"
"04_CODE\D_finale_CODE_AND_DOCS\07_M1-M8图表修订_20260806\04_pagtn\env\Lib\encodings\cp1140.py"	"13105"	"3379D78B244AA905FFE1171A968CAAF41B9A0154D1DDC76C05A2ABACA2B289FD"
"04_CODE\D_finale_CODE_AND_DOCS\07_M1-M8图表修订_20260806\04_pagtn\env\Lib\encodings\cp1250.py"	"13686"	"EBCEC1ADF9167863FB0BAB29708C546300C80A77EF07838C9E0437A59E265970"
"04_CODE\D_finale_CODE_AND_DOCS\07_M1-M8图表修订_20260806\04_pagtn\env\Lib\encodings\cp1251.py"	"13361"	"D57F8CFA34494C5ACB6692DDB31F616AE2DD89A075D2AF6D36B0B7EC2FFE7AF1"
"04_CODE\D_finale_CODE_AND_DOCS\07_M1-M8图表修订_20260806\04_pagtn\env\Lib\encodings\cp1252.py"	"13511"	"19AA5BEE667F5FB387924A813AEC9FA1DDA47769D09E8483A748BDB202BE6A84"
"04_CODE\D_finale_CODE_AND_DOCS\07_M1-M8图表修订_20260806\04_pagtn\env\Lib\encodings\cp1253.py"	"13094"	"8C27696DCFB6894B378869BC89F113703FBD1E9B13A83934463D5999B055D1E8"
"04_CODE\D_finale_CODE_AND_DOCS\07_M1-M8图表修订_20260806\04_pagtn\env\Lib\encodings\cp1254.py"	"13502"	"06517EC2F74F1C6562D0A1A500C48BA43F2E6E9D0C3D28356D747F274F1A4C8D"
"04_CODE\D_finale_CODE_AND_DOCS\07_M1-M8图表修订_20260806\04_pagtn\env\Lib\encodings\cp1255.py"	"12466"	"54A1B5087578FA78E5BDD0AFA6A9E80E8C5467C1E4226CF6E586CFE7A674A653"
"04_CODE\D_finale_CODE_AND_DOCS\07_M1-M8图表修订_20260806\04_pagtn\env\Lib\encodings\cp1256.py"	"12814"	"AD3768AC2FEF2A646B3301C20AF705F4D4A1544F22FA8A84241BADA27AB84133"
"04_CODE\D_finale_CODE_AND_DOCS\07_M1-M8图表修订_20260806\04_pagtn\env\Lib\encodings\cp1257.py"	"13374"	"D9149D2925B3F719809EF2297E541461079F15C658AF207A3E498BE314AB2C6B"
"04_CODE\D_finale_CODE_AND_DOCS\07_M1-M8图表修订_20260806\04_pagtn\env\Lib\encodings\cp1258.py"	"13364"	"672E05B51952A82C8DBD5603769195FCEDF565E457BB86C0D5BAE04955D04630"
"04_CODE\D_finale_CODE_AND_DOCS\07_M1-M8图表修订_20260806\04_pagtn\env\Lib\encodings\cp273.py"	"14132"	"6C6AEC3B213EA3AEBC2C526DD4D121C95D4A25A2FC928A87CD80F8448988185F"
"04_CODE\D_finale_CODE_AND_DOCS\07_M1-M8图表修订_20260806\04_pagtn\env\Lib\encodings\cp424.py"	"12055"	"30414C2186EA0802BBF3DB034122DDEC1F8A10061B97C50871E14B74EE36D0CA"
"04_CODE\D_finale_CODE_AND_DOCS\07_M1-M8图表修订_20260806\04_pagtn\env\Lib\encodings\cp437.py"	"34564"	"5C2A5015CD36CF7F561269F33DEC4C323093D3D88B0673969ACCDABDCB9CE2CB"
"04_CODE\D_finale_CODE_AND_DOCS\07_M1-M8图表修订_20260806\04_pagtn\env\Lib\encodings\cp500.py"	"13121"	"630F503F9110D98EA3E1529F2F965EBC275A2F78D3DE47F8E9B69D35589D764B"
"04_CODE\D_finale_CODE_AND_DOCS\07_M1-M8图表修订_20260806\04_pagtn\env\Lib\encodings\cp720.py"	"13686"	"395496001271B92EFE5DF07FC0AE7C3410D1DD2BDFEBBD3E4D8E806C8166BEB0"
"04_CODE\D_finale_CODE_AND_DOCS\07_M1-M8图表修订_20260806\04_pagtn\env\Lib\encodings\cp737.py"	"34681"	"BE3CA1785A3970EC62310710EAF7DE82932181B04D06FE4528F8ADABA9FB8C4B"
"04_CODE\D_finale_CODE_AND_DOCS\07_M1-M8图表修订_20260806\04_pagtn\env\Lib\encodings\cp775.py"	"34476"	"E0DBA85B99329D7F16907E620ADADA06BE5216ABCB964406C827B569B2CF1AEB"
"04_CODE\D_finale_CODE_AND_DOCS\07_M1-M8图表修订_20260806\04_pagtn\env\Lib\encodings\cp850.py"	"34105"	"257E29F235E2A8790DD68CEE45668776648BAB809CE8584F893CDD8FD007993C"
"04_CODE\D_finale_CODE_AND_DOCS\07_M1-M8图表修订_20260806\04_pagtn\env\Lib\encodings\cp852.py"	"35002"	"CC6FAAA9DC4A933127DA0AAACD1DC7A44C09266051AF56BFE3215FF228636B6B"
"04_CODE\D_finale_CODE_AND_DOCS\07_M1-M8图表修订_20260806\04_pagtn\env\Lib\encodings\cp855.py"	"33850"	"7B25C61C9E8C47B218D3FBB801541A2861926AC712843D2113FFF90E2074F5BA"
"04_CODE\D_finale_CODE_AND_DOCS\07_M1-M8图表修订_20260806\04_pagtn\env\Lib\encodings\cp856.py"	"12423"	"2E52EC5CB1EAFA6739B5569B0B98EE89DF5F7358B84CCDC8DA64E86F017D359F"
"04_CODE\D_finale_CODE_AND_DOCS\07_M1-M8图表修订_20260806\04_pagtn\env\Lib\encodings\cp857.py"	"33908"	"8D1B769058BFCCDB3C6C70C49A104F5081A2FCC9FAD68F7B5EB3E4F67F0B33DA"
"04_CODE\D_finale_CODE_AND_DOCS\07_M1-M8图表修订_20260806\04_pagtn\env\Lib\encodings\cp858.py"	"34015"	"A24930C4A6AD0FF66DDE9A69F2027E4B92C2C9C61DCDA2992E940654C606577B"
"04_CODE\D_finale_CODE_AND_DOCS\07_M1-M8图表修订_20260806\04_pagtn\env\Lib\encodings\cp860.py"	"34681"	"2DFAE7E31D3D9AA3013CFF44A4D7AD842F257AC63765A9998436701B629CD86A"
"04_CODE\D_finale_CODE_AND_DOCS\07_M1-M8图表修订_20260806\04_pagtn\env\Lib\encodings\cp861.py"	"34633"	"701930D77A2177497586E99BC3FE60F2D4BEFFB645608F167C76874A72FF405E"
"04_CODE\D_finale_CODE_AND_DOCS\07_M1-M8图表修订_20260806\04_pagtn\env\Lib\encodings\cp862.py"	"33370"	"15A2844B6ED9544C6400CF7299B42D0C2BEF93C9BEE70A9E89F66B8610AD6D6D"
"04_CODE\D_finale_CODE_AND_DOCS\07_M1-M8图表修订_20260806\04_pagtn\env\Lib\encodings\cp863.py"	"34252"	"A3D57F61FCE1B98FC81EA8E4EBEBAF402FAE40BBCDD35D4B8297B9BB49A79AA2"
"04_CODE\D_finale_CODE_AND_DOCS\07_M1-M8图表修订_20260806\04_pagtn\env\Lib\encodings\cp864.py"	"33663"	"15AD8F1FDFDD842C7522241372E7EDDDA7DF687E815692A89157C5F256F21A08"
"04_CODE\D_finale_CODE_AND_DOCS\07_M1-M8图表修订_20260806\04_pagtn\env\Lib\encodings\cp865.py"	"34618"	"BDBADED987242ED2A8DE7133EC2F61DDCC1C2E9DE27816AB7CD0A4C678A3A907"
"04_CODE\D_finale_CODE_AND_DOCS\07_M1-M8图表修订_20260806\04_pagtn\env\Lib\encodings\cp866.py"	"34396"	"9EFCC8E85BBD1687272A0991F6D0429A4C06679DB2D114B2AC95DB27A70F9D13"
"04_CODE\D_finale_CODE_AND_DOCS\07_M1-M8图表修订_20260806\04_pagtn\env\Lib\encodings\cp869.py"	"32965"	"52582D9FB769B24EAC7154F18D7DAE856588297D6DA98F37FB5EFD8DA883826D"
"04_CODE\D_finale_CODE_AND_DOCS\07_M1-M8图表修订_20260806\04_pagtn\env\Lib\encodings\cp874.py"	"12595"	"FE4752FA2E65741E08A563A31FF914FE71068942CE9C6F4070B1DFD7B25E5E7F"
"04_CODE\D_finale_CODE_AND_DOCS\07_M1-M8图表修订_20260806\04_pagtn\env\Lib\encodings\cp875.py"	"12854"	"2FE72632015DB2CBA2BB4367055551DA6FE22051B96D170C7B96FA271C46B257"
"04_CODE\D_finale_CODE_AND_DOCS\07_M1-M8图表修订_20260806\04_pagtn\env\Lib\encodings\cp932.py"	"1023"	"99748E28113D2D49F5D666B49B78ACCD2C6E10A7852F7DD6DECE9B5B71AA83C4"
"04_CODE\D_finale_CODE_AND_DOCS\07_M1-M8图表修订_20260806\04_pagtn\env\Lib\encodings\cp949.py"	"1023"	"950A7D29467CE0590B4A1137830D43D88D8F20E4035DCAAA8B2A5C3C3F1DE962"
"04_CODE\D_finale_CODE_AND_DOCS\07_M1-M8图表修订_20260806\04_pagtn\env\Lib\encodings\cp950.py"	"1023"	"27811178B450731FC955B1247656A605D04E5EE98E0D585E4596B94B703A27F6"
"04_CODE\D_finale_CODE_AND_DOCS\07_M1-M8图表修订_20260806\04_pagtn\env\Lib\encodings\euc_jis_2004.py"	"1051"	"9FA426CD9F17629F6320700ED18BAA94839304CF1BCABBEE7EDB501747DC055D"
"04_CODE\D_finale_CODE_AND_DOCS\07_M1-M8图表修订_20260806\04_pagtn\env\Lib\encodings\euc_jisx0213.py"	"1051"	"E28315910DA20218DAE8B7D5BECD81DE1E283DFD8B0415A4980D67065DE73A0B"
"04_CODE\D_finale_CODE_AND_DOCS\07_M1-M8图表修订_20260806\04_pagtn\env\Lib\encodings\euc_jp.py"	"1027"	"B453A439787B0EFA031E43416A7D852A6BE705C985E1200693EB96D87EA79CDC"
"04_CODE\D_finale_CODE_AND_DOCS\07_M1-M8图表修订_20260806\04_pagtn\env\Lib\encodings\euc_kr.py"	"1027"	"633A1A5504BFAD04B1EC9C96D44D4EBB3BB99066A218318E7D67D866E20887A6"
"04_CODE\D_finale_CODE_AND_DOCS\07_M1-M8图表修订_20260806\04_pagtn\env\Lib\encodings\gb18030.py"	"1031"	"6C10B4DC49BC63724E539137EDE6936304FCCA1C97C28D16D89F381E10849521"
"04_CODE\D_finale_CODE_AND_DOCS\07_M1-M8图表修订_20260806\04_pagtn\env\Lib\encodings\gb2312.py"	"1027"	"3D2D567D8D079B78F3F3B566ED52AD2F38AF61BF832B7DC28858B0039A032D6B"
"04_CODE\D_finale_CODE_AND_DOCS\07_M1-M8图表修订_20260806\04_pagtn\env\Lib\encodings\gbk.py"	"1015"	"EFF9B8CBC9AD2EF2E10E96AFA83D3DB1F775EA044AED275B7A35574AE0D8645B"
"04_CODE\D_finale_CODE_AND_DOCS\07_M1-M8图表修订_20260806\04_pagtn\env\Lib\encodings\hex_codec.py"	"1508"	"FC5F0A31B59EFE990B86EFB98936769F33DD91D912CE55B49A5A4CFC516CD047"
"04_CODE\D_finale_CODE_AND_DOCS\07_M1-M8图表修订_20260806\04_pagtn\env\Lib\encodings\hp_roman8.py"	"13475"	"C43CCE763D12E8F71A63DBC16641BD87147EAF5F9D9054EA856864B216B2735B"
"04_CODE\D_finale_CODE_AND_DOCS\07_M1-M8图表修订_20260806\04_pagtn\env\Lib\encodings\hz.py"	"1011"	"025A9531E3046E52D3E039C0BE04F9A5A74651D7683A13C7C7EBD4C7DFB5996A"
"04_CODE\D_finale_CODE_AND_DOCS\07_M1-M8图表修订_20260806\04_pagtn\env\Lib\encodings\idna.py"	"9098"	"4FC5A79F53D60FD0576F94DFE8AA7677357D9AD95315EA220BA523F53C89229B"
"04_CODE\D_finale_CODE_AND_DOCS\07_M1-M8图表修订_20260806\04_pagtn\env\Lib\encodings\iso2022_jp.py"	"1053"	"461A0E7F72ECCB8B29F351C4E7926CFBDA58E0EDD6D0770BD82E0B36C5FEBE77"
"04_CODE\D_finale_CODE_AND_DOCS\07_M1-M8图表修订_20260806\04_pagtn\env\Lib\encodings\iso2022_jp_1.py"	"1061"	"63BACAD13A979A5519FCAA4F1E1E07B2C7415005167FAC3A689408C7D886FABD"
"04_CODE\D_finale_CODE_AND_DOCS\07_M1-M8图表修订_20260806\04_pagtn\env\Lib\encodings\iso2022_jp_2.py"	"1061"	"5D4248181548B0FC89A9F5EE9CF52EBECB235708BA87D47896AD14130884EF9F"
"04_CODE\D_finale_CODE_AND_DOCS\07_M1-M8图表修订_20260806\04_pagtn\env\Lib\encodings\iso2022_jp_2004.py"	"1073"	"B4D1468BCD608B46F38CB0C6EF115510DCF9AA0F71E590792F407EFC6E165164"
"04_CODE\D_finale_CODE_AND_DOCS\07_M1-M8图表修订_20260806\04_pagtn\env\Lib\encodings\iso2022_jp_3.py"	"1061"	"3ACEAA5661909DE14E2861D864443B8472460CE39B99CCE5C6965346D47AA5AC"
"04_CODE\D_finale_CODE_AND_DOCS\07_M1-M8图表修订_20260806\04_pagtn\env\Lib\encodings\iso2022_jp_ext.py"	"1069"	"F4C9ED8F3031995FAA224BCB10153D2B6144944477D1F27D1A6CC4A879FAC34C"
"04_CODE\D_finale_CODE_AND_DOCS\07_M1-M8图表修订_20260806\04_pagtn\env\Lib\encodings\iso2022_kr.py"	"1053"	"1C86362E17944F0BCF68DB02F4995BDEEA605867795FFF7AB4079073F96705E4"
"04_CODE\D_finale_CODE_AND_DOCS\07_M1-M8图表修订_20260806\04_pagtn\env\Lib\encodings\iso8859_1.py"	"13176"	"B5CEBD515E057D670BF54E10B8A6F162EF3DAA7F21B146AEE3249160CAF3C32D"
"04_CODE\D_finale_CODE_AND_DOCS\07_M1-M8图表修订_20260806\04_pagtn\env\Lib\encodings\iso8859_10.py"	"13589"	"54C886B41819EBB7F4FB34B8DBAE1C45F4FC0864F019ECD772676CCFAC5FAE7B"
"04_CODE\D_finale_CODE_AND_DOCS\07_M1-M8图表修订_20260806\04_pagtn\env\Lib\encodings\iso8859_11.py"	"12335"	"ED5A964470A241B4DA7A6CFB718E4149D09644933AF38F0497602BAAB6E563EF"
"04_CODE\D_finale_CODE_AND_DOCS\07_M1-M8图表修订_20260806\04_pagtn\env\Lib\encodings\iso8859_13.py"	"13271"	"7312237E8E5D201D920B4130F057CFDF1B0BE9BAAFAA246826E6D93204FCC206"
"04_CODE\D_finale_CODE_AND_DOCS\07_M1-M8图表修订_20260806\04_pagtn\env\Lib\encodings\iso8859_14.py"	"13652"	"82778B995A0EE87C5F1180FCC52900359EEE15BD9A6E3A0E25F0D963E0B2A343"
"04_CODE\D_finale_CODE_AND_DOCS\07_M1-M8图表修订_20260806\04_pagtn\env\Lib\encodings\iso8859_15.py"	"13212"	"01976A81811873DC9A0C79DB9FC00D1C30103487F3C6BC3A6D81B4043CD48E02"
"04_CODE\D_finale_CODE_AND_DOCS\07_M1-M8图表修订_20260806\04_pagtn\env\Lib\encodings\iso8859_16.py"	"13557"	"B5AC8F5A5D8F84C0F903B2B7C342184758D590D8BCF810D561F942FE5B372D66"
"04_CODE\D_finale_CODE_AND_DOCS\07_M1-M8图表修订_20260806\04_pagtn\env\Lib\encodings\iso8859_2.py"	"13404"	"2B57CAB6111CAE9021505E3AE1B2ADBBFC344EC48165FDA322F6B069FBB18ADC"
"04_CODE\D_finale_CODE_AND_DOCS\07_M1-M8图表修订_20260806\04_pagtn\env\Lib\encodings\iso8859_3.py"	"13089"	"4FFDF89004BF0C5230CAA7079F7CA3142FC112F8B923DDB2C7358369D2D3C242"
"04_CODE\D_finale_CODE_AND_DOCS\07_M1-M8图表修订_20260806\04_pagtn\env\Lib\encodings\iso8859_4.py"	"13376"	"87BD130DAA0EAEF3E4CB465E10CFFB2BCD194FF74097E0C186B4B8EB7BE41AC5"
"04_CODE\D_finale_CODE_AND_DOCS\07_M1-M8图表修订_20260806\04_pagtn\env\Lib\encodings\iso8859_5.py"	"13015"	"9961D96CC7B9FDF011EBCAAEAECA7B50B8670FADBD7B75FDE66192F8C1F68F30"
"04_CODE\D_finale_CODE_AND_DOCS\07_M1-M8图表修订_20260806\04_pagtn\env\Lib\encodings\iso8859_6.py"	"10833"	"4840E68014346517680F593CA22F67133C39BA7E46F34B9BE62C980A728448C6"
"04_CODE\D_finale_CODE_AND_DOCS\07_M1-M8图表修订_20260806\04_pagtn\env\Lib\encodings\iso8859_7.py"	"12844"	"B352ECA3B819488F64FB3338FD93F39C1E30F32BB13F2F9C577925E58F2960E4"
"04_CODE\D_finale_CODE_AND_DOCS\07_M1-M8图表修订_20260806\04_pagtn\env\Lib\encodings\iso8859_8.py"	"11036"	"4CF9E8A8BBE04ACCB1C1A80853EFB19AE0772D18F81E270ADEFC1B2386CB368E"
"04_CODE\D_finale_CODE_AND_DOCS\07_M1-M8图表修订_20260806\04_pagtn\env\Lib\encodings\iso8859_9.py"	"13156"	"84D9B15263E81685F7513C5AB45CAF80B2F73C301C68E659F7162C1B1882D359"
"04_CODE\D_finale_CODE_AND_DOCS\07_M1-M8图表修订_20260806\04_pagtn\env\Lib\encodings\johab.py"	"1023"	"9586615917AFD3D848C1C4328656603B2834AF6115F2AEC932FCCC935E1A60FB"
"04_CODE\D_finale_CODE_AND_DOCS\07_M1-M8图表修订_20260806\04_pagtn\env\Lib\encodings\koi8_r.py"	"13779"	"4D4E353AEE8039BB71E2145A6E68FE1E6833A1B4250B70EE0AC5EC70BBB8C51D"
"04_CODE\D_finale_CODE_AND_DOCS\07_M1-M8图表修订_20260806\04_pagtn\env\Lib\encodings\koi8_t.py"	"13193"	"9C9043814ABDBE7DC39FF98F3857D5D110A84C978AD2304158D810A4E9EACEF1"
"04_CODE\D_finale_CODE_AND_DOCS\07_M1-M8图表修订_20260806\04_pagtn\env\Lib\encodings\koi8_u.py"	"13762"	"D449F9858E357FA8C2EDBD4B9FE739337E9F201CAC3DED20F99BFCECD4970FF7"
"04_CODE\D_finale_CODE_AND_DOCS\07_M1-M8图表修订_20260806\04_pagtn\env\Lib\encodings\kz1048.py"	"13723"	"76BEB30E98A911F72F97609A2373782573C17C88A5FB3537DB338AA382979FFC"
"04_CODE\D_finale_CODE_AND_DOCS\07_M1-M8图表修订_20260806\04_pagtn\env\Lib\encodings\latin_1.py"	"1264"	"B75503E532A27C636477396C855209FF5F3036536D2A4BEDE0A576C89382B60C"
"04_CODE\D_finale_CODE_AND_DOCS\07_M1-M8图表修订_20260806\04_pagtn\env\Lib\encodings\mac_arabic.py"	"36467"	"5EAFD9A3136ABFBD8ED52DF9C90203C7A283E7429ED60502A87A02511E0FB777"
"04_CODE\D_finale_CODE_AND_DOCS\07_M1-M8图表修订_20260806\04_pagtn\env\Lib\encodings\mac_croatian.py"	"13633"	"A880CD05C82A8D11A29C65EE86A396DEF3344465DD71441B0BB4A73826024953"
"04_CODE\D_finale_CODE_AND_DOCS\07_M1-M8图表修订_20260806\04_pagtn\env\Lib\encodings\mac_cyrillic.py"	"13454"	"83616786A1C6308B03A0DC82536908D24D0974B2248D67393D613FE558CEA4BD"
"04_CODE\D_finale_CODE_AND_DOCS\07_M1-M8图表修订_20260806\04_pagtn\env\Lib\encodings\mac_farsi.py"	"15170"	"F5763C38FB4AB0423FAFE2FDCA34D6F9932AC7F1A74C0CD8109D60234C7DC624"
"04_CODE\D_finale_CODE_AND_DOCS\07_M1-M8图表修订_20260806\04_pagtn\env\Lib\encodings\mac_greek.py"	"13721"	"63016A323DDF98CB3AA9CFA78F3BAB4768BEDBFE9A5262A36A5AECB13D291F6E"
"04_CODE\D_finale_CODE_AND_DOCS\07_M1-M8图表修订_20260806\04_pagtn\env\Lib\encodings\mac_iceland.py"	"13498"	"753CC1AC635CAA7E1B4630FBCEBEF8DB8DB332C098154A5B11F652912BF64F37"
"04_CODE\D_finale_CODE_AND_DOCS\07_M1-M8图表修订_20260806\04_pagtn\env\Lib\encodings\mac_latin2.py"	"14118"	"31670DA18CE8B5394CD53FE6BF216268E7E8EAE4C0247532E420E2E103727D50"
"04_CODE\D_finale_CODE_AND_DOCS\07_M1-M8图表修订_20260806\04_pagtn\env\Lib\encodings\mac_roman.py"	"13480"	"230367D96AEF8E8D7F185B4ACFB84923714F39DDBCBF9CF38A06BF6F5D621C22"
"04_CODE\D_finale_CODE_AND_DOCS\07_M1-M8图表修订_20260806\04_pagtn\env\Lib\encodings\mac_romanian.py"	"13661"	"49630CF035C19E896A123ED6E5FEE18B5E485123DAF2F15DA38BF727FF387BEE"
"04_CODE\D_finale_CODE_AND_DOCS\07_M1-M8图表修订_20260806\04_pagtn\env\Lib\encodings\mac_turkish.py"	"13513"	"99758A5CAD2825CB3BE3FA5D031E0821E4EBA910A46F417FD890207B9B6BE77B"
"04_CODE\D_finale_CODE_AND_DOCS\07_M1-M8图表修订_20260806\04_pagtn\env\Lib\encodings\mbcs.py"	"1211"	"F6ED445ED537C9F856D8DEFE8B56505727737D0DC9348D0A877ABEDAB4BDD864"
"04_CODE\D_finale_CODE_AND_DOCS\07_M1-M8图表修订_20260806\04_pagtn\env\Lib\encodings\oem.py"	"1019"	"481656D3A35F792D0E5109E3F821E6DBFCF097163A19B0CDFCBFF3B3DB99292F"
"04_CODE\D_finale_CODE_AND_DOCS\07_M1-M8图表修订_20260806\04_pagtn\env\Lib\encodings\palmos.py"	"13519"	"ECCF7418ADEFCC2A59E9A07FC4E34363BD62F7E878D48C8A02730A8ED1C584C8"
"04_CODE\D_finale_CODE_AND_DOCS\07_M1-M8图表修订_20260806\04_pagtn\env\Lib\encodings\ptcp154.py"	"14015"	"0EABCB2C287D335E86B71B0ABE5718BD6DDC9AAEE234F0F0F2363845D2926D8D"
"04_CODE\D_finale_CODE_AND_DOCS\07_M1-M8图表修订_20260806\04_pagtn\env\Lib\encodings\punycode.py"	"6883"	"34EDC8FB1C50E4D1CBAA1E008BB491CD7C12116C316E51974F333FE7B628EB7C"
"04_CODE\D_finale_CODE_AND_DOCS\07_M1-M8图表修订_20260806\04_pagtn\env\Lib\encodings\quopri_codec.py"	"1525"	"502A213C34C05A94ED063EE03F47680BD6EFBB35036E06FB4DC809BF398CFA64"
"04_CODE\D_finale_CODE_AND_DOCS\07_M1-M8图表修订_20260806\04_pagtn\env\Lib\encodings\raw_unicode_escape.py"	"1332"	"FA6328486B8F5A5CBD10E377E80ADB8CF94ACBBE19C38B4E1BF708D831A80A3A"
"04_CODE\D_finale_CODE_AND_DOCS\07_M1-M8图表修订_20260806\04_pagtn\env\Lib\encodings\rot_13.py"	"2448"	"14767F475ACDC0BF48E6272280DD15B80EFAECAFB93C06BE21136F83DD1EE7E4"
"04_CODE\D_finale_CODE_AND_DOCS\07_M1-M8图表修订_20260806\04_pagtn\env\Lib\encodings\shift_jis.py"	"1039"	"AD4AC50EBF58294304E412CC0F1B12980988DD6EDC414E4110029C0A1ABBE966"
"04_CODE\D_finale_CODE_AND_DOCS\07_M1-M8图表修订_20260806\04_pagtn\env\Lib\encodings\shift_jis_2004.py"	"1059"	"D21C5930F21063EA78FEA3B0F76DFB8FD92858D2A4A200064A52126A43DD1A99"
"04_CODE\D_finale_CODE_AND_DOCS\07_M1-M8图表修订_20260806\04_pagtn\env\Lib\encodings\shift_jisx0213.py"	"1059"	"2C8D0B93BB36EDF31C1236B1B4D1C0008553868BD2FC9137570115B96B834F2E"
"04_CODE\D_finale_CODE_AND_DOCS\07_M1-M8图表修订_20260806\04_pagtn\env\Lib\encodings\tis_620.py"	"12300"	"647C4719E2C1A7375105E15A89B377C66F6B699977DCABBB71D923A4607B7902"
"04_CODE\D_finale_CODE_AND_DOCS\07_M1-M8图表修订_20260806\04_pagtn\env\Lib\encodings\undefined.py"	"1299"	"85BBA5C5E1007CD8C1ADE5C0214BCC825396D2BBD02054E62A9F162104748B64"
"04_CODE\D_finale_CODE_AND_DOCS\07_M1-M8图表修订_20260806\04_pagtn\env\Lib\encodings\unicode_escape.py"	"1304"	"507E7CA8F18DF639FD823D7CC23CE4028A3550CEEFDFA40B3C76F81D1A94531D"
"04_CODE\D_finale_CODE_AND_DOCS\07_M1-M8图表修订_20260806\04_pagtn\env\Lib\encodings\utf_16.py"	"5236"	"6C36257F7B8D214473560D195E71BCCEF0C69A53E1E52D2800B7A7890AAD7E58"
"04_CODE\D_finale_CODE_AND_DOCS\07_M1-M8图表修订_20260806\04_pagtn\env\Lib\encodings\utf_16_be.py"	"1037"	"3357196F3FA52433326A6626880E34964E00C5570AEE50E9A0A0A7C6D86F6E4F"
"04_CODE\D_finale_CODE_AND_DOCS\07_M1-M8图表修订_20260806\04_pagtn\env\Lib\encodings\utf_16_le.py"	"1037"	"3AEDAF3EB49769282DAEF1EAEDFD4FA1C31FE5EEBEFF67FE2307C89DC2E2FD80"
"04_CODE\D_finale_CODE_AND_DOCS\07_M1-M8图表修订_20260806\04_pagtn\env\Lib\encodings\utf_32.py"	"5129"	"2072EECE5F6026AD2D3549AB193A9E38894EA15CA9D5B3CD408FD6B116ACC0C2"
"04_CODE\D_finale_CODE_AND_DOCS\07_M1-M8图表修订_20260806\04_pagtn\env\Lib\encodings\utf_32_be.py"	"930"	"CBBA20E1F6D0879C7C4293446C371A9F79E7C90BF3C78A77A9B8FC72B18915DD"
"04_CODE\D_finale_CODE_AND_DOCS\07_M1-M8图表修订_20260806\04_pagtn\env\Lib\encodings\utf_32_le.py"	"930"	"9134B91047D85B442898D59EFFE23E7E0CF4167CA341AE31119A731DBF880A7B"
"04_CODE\D_finale_CODE_AND_DOCS\07_M1-M8图表修订_20260806\04_pagtn\env\Lib\encodings\utf_7.py"	"946"	"9FF32314F4F1FA074F206BBF7FDB851504E5313128636D73B4BF75B886E4A87D"
"04_CODE\D_finale_CODE_AND_DOCS\07_M1-M8图表修订_20260806\04_pagtn\env\Lib\encodings\utf_8.py"	"1005"	"BA0CAC060269583523CA9506473A755203037C57D466A11AA89A30A5F6756F3D"
"04_CODE\D_finale_CODE_AND_DOCS\07_M1-M8图表修订_20260806\04_pagtn\env\Lib\encodings\utf_8_sig.py"	"4133"	"1EF3DA8D8AA08149E7F274DC64DBFCE2155DA812E5258CA8E8F832428D3B5C2D"
"04_CODE\D_finale_CODE_AND_DOCS\07_M1-M8图表修订_20260806\04_pagtn\env\Lib\encodings\uu_codec.py"	"2851"	"45BA92000718ABF85F158563C755205E100356CE1B4AB9444B4D0A3D21F061A3"
"04_CODE\D_finale_CODE_AND_DOCS\07_M1-M8图表修订_20260806\04_pagtn\env\Lib\encodings\zlib_codec.py"	"2204"	"6EF01E8D3A5FE1CC52F7B5AE008DF12F1DBCE7304111BF8D4758F1BFC0115759"
"04_CODE\D_finale_CODE_AND_DOCS\07_M1-M8图表修订_20260806\04_pagtn\env\Lib\ensurepip\__init__.py"	"9651"	"0F4E3B95882C914577A9045E27AC88F78D9A0A931A409D3D0287DF1CD49E945A"
"04_CODE\D_finale_CODE_AND_DOCS\07_M1-M8图表修订_20260806\04_pagtn\env\Lib\ensurepip\__main__.py"	"88"	"EE735F518D0FC4DFEC81F7AA3DA1E052372ED4202C0DA4EDDD2587840BEAECD7"
"04_CODE\D_finale_CODE_AND_DOCS\07_M1-M8图表修订_20260806\04_pagtn\env\Lib\ensurepip\_uninstall.py"	"808"	"3A6E95D01C45E2E47C05DF3C81073B895C97C1EB0E5B90AB175D6D9263FC81F2"
"04_CODE\D_finale_CODE_AND_DOCS\07_M1-M8图表修订_20260806\04_pagtn\env\Lib\enum.py"	"79583"	"01ADDB65722DAECEE235CAF6B345E4A910B1882AACC29E4FB846E0E0904043E6"
"04_CODE\D_finale_CODE_AND_DOCS\07_M1-M8图表修订_20260806\04_pagtn\env\Lib\filecmp.py"	"10178"	"178F19895FDD43D5D3865B2BFE9AE7B665611A30D29CFC23D44F01417774851C"
"04_CODE\D_finale_CODE_AND_DOCS\07_M1-M8图表修订_20260806\04_pagtn\env\Lib\fileinput.py"	"15714"	"B0CD2A3F01C96F594B6038E52BD83D489BFA081CC757103C70AAB4E5B2C4FE1F"
"04_CODE\D_finale_CODE_AND_DOCS\07_M1-M8图表修订_20260806\04_pagtn\env\Lib\fnmatch.py"	"5999"	"6683DA36E47AF523F3F41E18AD244D837783E19E98911CC0B7415DEA81494EBC"
"04_CODE\D_finale_CODE_AND_DOCS\07_M1-M8图表修订_20260806\04_pagtn\env\Lib\fractions.py"	"28677"	"D52A647A86A32E1905D38FE7A19CF200291F598DC4ED51273AC27F38723FB559"
"04_CODE\D_finale_CODE_AND_DOCS\07_M1-M8图表修订_20260806\04_pagtn\env\Lib\ftplib.py"	"35815"	"34803CB5F29800E436584146DE073ED78DC62B4BA199CB1D892B62E3D35E2144"
"04_CODE\D_finale_CODE_AND_DOCS\07_M1-M8图表修订_20260806\04_pagtn\env\Lib\functools.py"	"38413"	"6D80018A3FA9FED44C5B78F881987EE3AB3FB1238B077B4E6DCB4B76DA7DB73B"
"04_CODE\D_finale_CODE_AND_DOCS\07_M1-M8图表修订_20260806\04_pagtn\env\Lib\genericpath.py"	"5246"	"34497BE8D2EB70DF61E94CB2EE1938433145C977A56B36BE37CC41A3A71D32C2"
"04_CODE\D_finale_CODE_AND_DOCS\07_M1-M8图表修订_20260806\04_pagtn\env\Lib\getopt.py"	"7489"	"EFAFB88C7C978E96BD6C232B7FA10BF50CEF5E7FB0FB7DC8E5BCE44E19F8C92F"
"04_CODE\D_finale_CODE_AND_DOCS\07_M1-M8图表修订_20260806\04_pagtn\env\Lib\getpass.py"	"5990"	"E74FD445337FF503223DD8AA4BDD7D04917067D00C796A10BEDB7A1381A4960A"
"04_CODE\D_finale_CODE_AND_DOCS\07_M1-M8图表修订_20260806\04_pagtn\env\Lib\gettext.py"	"21320"	"A5C249A522B6B8E3AA6F1B12A8BCC09508B99AD612B58D2FC973DB27EA3B7CC3"
"04_CODE\D_finale_CODE_AND_DOCS\07_M1-M8图表修订_20260806\04_pagtn\env\Lib\glob.py"	"8732"	"C9E5F9AE0752660EDE63328A456F58F87C29500B31F58C1B813458B00FCEB6D5"
"04_CODE\D_finale_CODE_AND_DOCS\07_M1-M8图表修订_20260806\04_pagtn\env\Lib\graphlib.py"	"9656"	"7BD338C5A475D1101064603D3BAA5507446D3C5E73F741F6D6E77C6204C1EB65"
"04_CODE\D_finale_CODE_AND_DOCS\07_M1-M8图表修订_20260806\04_pagtn\env\Lib\gzip.py"	"24074"	"8E0A7F850EF481FEA41E0DE9B52B4A014573B58E500AE83B92E5888D7A061008"
"04_CODE\D_finale_CODE_AND_DOCS\07_M1-M8图表修订_20260806\04_pagtn\env\Lib\hashlib.py"	"11765"	"E2BFFB462E4D43E6637B9450E259E8BA2A56626BA3037D68AA1CEE68B3F61D4A"
"04_CODE\D_finale_CODE_AND_DOCS\07_M1-M8图表修订_20260806\04_pagtn\env\Lib\heapq.py"	"23024"	"6D43277E5C76FC0F073CD388FCFF852D14D068F6BB6D4886C340F8B75A1229A9"
"04_CODE\D_finale_CODE_AND_DOCS\07_M1-M8图表修订_20260806\04_pagtn\env\Lib\hmac.py"	"7716"	"7FACD1330E5487ED995EDA5C8619DF0D3E32F69CB619F97662372FB76325746E"
"04_CODE\D_finale_CODE_AND_DOCS\07_M1-M8图表修订_20260806\04_pagtn\env\Lib\html\__init__.py"	"4775"	"923D82D821E75E8D235392C10C145AB8587927B3FAF9C952BBD48081EEBD8522"
"04_CODE\D_finale_CODE_AND_DOCS\07_M1-M8图表修订_20260806\04_pagtn\env\Lib\html\entities.py"	"75383"	"282B7CDD567BBBF3D7D7CCD49FAE1D3EBC7F7AB64058D781193620913773731B"
"04_CODE\D_finale_CODE_AND_DOCS\07_M1-M8图表修订_20260806\04_pagtn\env\Lib\html\parser.py"	"20850"	"9F27E8D38CE42C0B34F39FB1686F9C5249209E52BFD7207875B6F1613ACCCE85"
"04_CODE\D_finale_CODE_AND_DOCS\07_M1-M8图表修订_20260806\04_pagtn\env\Lib\http\__init__.py"	"7913"	"FEC3D2F335260C6DA338CC45955B053E80039A9611EF2651519724F84DEF641C"
"04_CODE\D_finale_CODE_AND_DOCS\07_M1-M8图表修订_20260806\04_pagtn\env\Lib\http\client.py"	"58284"	"A6C48F3709B451FD3A11265E03B9750B9749684FB7321471D825CDDE7F7BA806"
"04_CODE\D_finale_CODE_AND_DOCS\07_M1-M8图表修订_20260806\04_pagtn\env\Lib\http\cookiejar.py"	"77517"	"9587A95EDC194A19513E8A8FA9A942CD9FE6217489697EE998A7AE544FB9D603"
"04_CODE\D_finale_CODE_AND_DOCS\07_M1-M8图表修订_20260806\04_pagtn\env\Lib\http\cookies.py"	"20743"	"9B73CFCDA37F146B5302D63AB0852DA67042ADB52695699F61A3DF764E1FC78C"
"04_CODE\D_finale_CODE_AND_DOCS\07_M1-M8图表修订_20260806\04_pagtn\env\Lib\http\server.py"	"49150"	"44FF36AFF5367692B887B5943280750AF95BEB227FE0ED47AEBC4D269E13A916"
"04_CODE\D_finale_CODE_AND_DOCS\07_M1-M8图表修订_20260806\04_pagtn\env\Lib\idlelib\__init__.py"	"396"	"3F8058DF4FEC56EB20FF67FF84C86FD3D9697E2384C5A290ED696F6D3187AA45"
"04_CODE\D_finale_CODE_AND_DOCS\07_M1-M8图表修订_20260806\04_pagtn\env\Lib\idlelib\__main__.py"	"159"	"F8F55514D26791588DE02FE685AF0AB129174B32AB93EFA39FAF6140B6795D9D"
"04_CODE\D_finale_CODE_AND_DOCS\07_M1-M8图表修订_20260806\04_pagtn\env\Lib\idlelib\autocomplete.py"	"9354"	"0D36F7694A50CBAA22D9BF03B91FA0658A147BD90DD867714A9B411FEBB36427"
"04_CODE\D_finale_CODE_AND_DOCS\07_M1-M8图表修订_20260806\04_pagtn\env\Lib\idlelib\autocomplete_w.py"	"20863"	"91170B060749D0B3C8F2AB31499104028BEDF971E5575155D43392D5C8DAE5D6"
"04_CODE\D_finale_CODE_AND_DOCS\07_M1-M8图表修订_20260806\04_pagtn\env\Lib\idlelib\autoexpand.py"	"3216"	"C8EB28EF7ADDF5A664A7E3ADDFBFEBE29040A8695E1DB515828305AACBA2EE4E"
"04_CODE\D_finale_CODE_AND_DOCS\07_M1-M8图表修订_20260806\04_pagtn\env\Lib\idlelib\browser.py"	"8588"	"B607102A6E2FF7DE241744008144A5480E2925098694BE2A46003D8F60DA0F52"
"04_CODE\D_finale_CODE_AND_DOCS\07_M1-M8图表修订_20260806\04_pagtn\env\Lib\idlelib\calltip.py"	"7267"	"3A723FDF88C0018DFADD19757142A643B01B785C6DF17A50BBE21463663AB590"
"04_CODE\D_finale_CODE_AND_DOCS\07_M1-M8图表修订_20260806\04_pagtn\env\Lib\idlelib\calltip_w.py"	"7083"	"077E9D0D95946296077D5C95F343E242A7D250A6EFECE4AFC58759B5E984E6C3"
"04_CODE\D_finale_CODE_AND_DOCS\07_M1-M8图表修订_20260806\04_pagtn\env\Lib\idlelib\codecontext.py"	"11420"	"628A13325B3BF2F76DEA9254B20178B3232261F83C660F0E33785E6215DD6492"
"04_CODE\D_finale_CODE_AND_DOCS\07_M1-M8图表修订_20260806\04_pagtn\env\Lib\idlelib\colorizer.py"	"14783"	"4DE77A632286CF7CB616A2CF50DCD16A99D452FE7B16BF94C34950BE97F293C2"
"04_CODE\D_finale_CODE_AND_DOCS\07_M1-M8图表修订_20260806\04_pagtn\env\Lib\idlelib\config.py"	"38387"	"226D4259CF50E32BB1C2B76B90E6914A9D1790171363D82D1C4C47ED9673AA9B"
"04_CODE\D_finale_CODE_AND_DOCS\07_M1-M8图表修订_20260806\04_pagtn\env\Lib\idlelib\config_key.py"	"15230"	"856BD4B2C1FD7275856D3869CAD8975F7770EDBF021A93C64816A41C2322C2FA"
"04_CODE\D_finale_CODE_AND_DOCS\07_M1-M8图表修订_20260806\04_pagtn\env\Lib\idlelib\configdialog.py"	"105314"	"68A6A9470476408ACDCE5E3A8816196E025F8CCCD0845BF1DA579DB19A5BBA8C"
"04_CODE\D_finale_CODE_AND_DOCS\07_M1-M8图表修订_20260806\04_pagtn\env\Lib\idlelib\debugger.py"	"20991"	"6E595D5A388E46B6B6E24490E970A3D355EC116A16A064BFCA6ED86D4B17DCB4"
"04_CODE\D_finale_CODE_AND_DOCS\07_M1-M8图表修订_20260806\04_pagtn\env\Lib\idlelib\debugger_r.py"	"12115"	"DDC797740231F068CA7C7C8610E799D72AD11AF670D9BC0B6F9E04FE2BA222D1"
"04_CODE\D_finale_CODE_AND_DOCS\07_M1-M8图表修订_20260806\04_pagtn\env\Lib\idlelib\debugobj.py"	"4177"	"AAE9E2468A3D05366480864DC56689C65896757FAF3B0364B8EEF9FEB4876A43"
"04_CODE\D_finale_CODE_AND_DOCS\07_M1-M8图表修订_20260806\04_pagtn\env\Lib\idlelib\debugobj_r.py"	"1082"	"4E583B43FDF9BD4A731D70E074EE597ABA03F3C8C36302BDC7E74650FB1FCC11"
"04_CODE\D_finale_CODE_AND_DOCS\07_M1-M8图表修订_20260806\04_pagtn\env\Lib\idlelib\delegator.py"	"1044"	"C2B31919D27056FC3AAA8F4EF798FBDF162665175FA9216D665F58BA2E4A464D"
"04_CODE\D_finale_CODE_AND_DOCS\07_M1-M8图表修订_20260806\04_pagtn\env\Lib\idlelib\dynoption.py"	"1993"	"29933F56722B2EFB5CF451825A7FE50F357983E68F6A261AFDF89B52F778E488"
"04_CODE\D_finale_CODE_AND_DOCS\07_M1-M8图表修订_20260806\04_pagtn\env\Lib\idlelib\editor.py"	"69561"	"E277FC183EEFDF1FC20ACFBD18A6BDDE4988D0193EDD27CB8E865E74F798C897"
"04_CODE\D_finale_CODE_AND_DOCS\07_M1-M8图表修订_20260806\04_pagtn\env\Lib\idlelib\filelist.py"	"3871"	"64E194E4514141414ECB231AC165ED861749BB0D31D0758C7C3A823CE154ABE1"
"04_CODE\D_finale_CODE_AND_DOCS\07_M1-M8图表修订_20260806\04_pagtn\env\Lib\idlelib\format.py"	"15777"	"DC2B00FB239F38543BF973D94DAEF2C52457B905D4D89C640993823127B7923C"
"04_CODE\D_finale_CODE_AND_DOCS\07_M1-M8图表修订_20260806\04_pagtn\env\Lib\idlelib\grep.py"	"7526"	"F5A9327C83E7AECEC64EFB81BF9F4542A4F3E0A13D0B6443E8ECA5DFBB509835"
"04_CODE\D_finale_CODE_AND_DOCS\07_M1-M8图表修订_20260806\04_pagtn\env\Lib\idlelib\help.py"	"11902"	"35F26243BE00070246751349D864FFC576242B38AA559ED536E7B635819EA847"
"04_CODE\D_finale_CODE_AND_DOCS\07_M1-M8图表修订_20260806\04_pagtn\env\Lib\idlelib\help_about.py"	"8910"	"93AEC712AA0F1899597C52697D859CF26C63163EE355E456F0E20B984DCFDFDF"
"04_CODE\D_finale_CODE_AND_DOCS\07_M1-M8图表修订_20260806\04_pagtn\env\Lib\idlelib\history.py"	"4065"	"F91F1568D083BDBC856D38EF48493BCB138C6A492D523385B300A5BAC30133E6"
"04_CODE\D_finale_CODE_AND_DOCS\07_M1-M8图表修订_20260806\04_pagtn\env\Lib\idlelib\hyperparser.py"	"12889"	"18563D2B4C248AED70B7F29FD903FD51D1B5ACEB3DC93C23F9A54141EED7A9B0"
"04_CODE\D_finale_CODE_AND_DOCS\07_M1-M8图表修订_20260806\04_pagtn\env\Lib\idlelib\idle.py"	"454"	"33FFA2F718E123FD1C4E536BB4A471978515787EE9FBF7806A92073A787A733A"
"04_CODE\D_finale_CODE_AND_DOCS\07_M1-M8图表修订_20260806\04_pagtn\env\Lib\idlelib\idle_test\__init__.py"	"1250"	"0A7370F8AB516E0944F381FCECEE02AC660926551B3EB543F88ACE3EF024CA70"
"04_CODE\D_finale_CODE_AND_DOCS\07_M1-M8图表修订_20260806\04_pagtn\env\Lib\idlelib\idle_test\htest.py"	"15313"	"8C0413AB3067D28FE93F40E2E1DA410414095AB278F63FC578A9D8452F98EB5C"
"04_CODE\D_finale_CODE_AND_DOCS\07_M1-M8图表修订_20260806\04_pagtn\env\Lib\idlelib\idle_test\mock_idle.py"	"1943"	"637D74D26089C582FB784C2920F5BCB41E5B1FC8B9E0931DDC1CC8D92BECBFF4"
"04_CODE\D_finale_CODE_AND_DOCS\07_M1-M8图表修订_20260806\04_pagtn\env\Lib\idlelib\idle_test\mock_tk.py"	"11693"	"7D60A26E82FD0469A95E02C2ADDA6607363A51AB67D5851CC323A58A595F74A7"
"04_CODE\D_finale_CODE_AND_DOCS\07_M1-M8图表修订_20260806\04_pagtn\env\Lib\idlelib\idle_test\template.py"	"642"	"43421286AD234A4240F8D4BC09F67BB58DA0BF9D9B07BF93010989EF2C17F2F8"
"04_CODE\D_finale_CODE_AND_DOCS\07_M1-M8图表修订_20260806\04_pagtn\env\Lib\idlelib\idle_test\test_autocomplete.py"	"11093"	"0EE1AF80BB645BD57E6F6383F5E5473F901E9D40524992ABF9C48A4163997EEF"
"04_CODE\D_finale_CODE_AND_DOCS\07_M1-M8图表修订_20260806\04_pagtn\env\Lib\idlelib\idle_test\test_autocomplete_w.py"	"720"	"F8CD80196C2841F65F53CA5AE1C4FB99C7C215B29CF88774E0B189C99E4CEE79"
"04_CODE\D_finale_CODE_AND_DOCS\07_M1-M8图表修订_20260806\04_pagtn\env\Lib\idlelib\idle_test\test_autoexpand.py"	"4638"	"85F913F8CBD5DFD5D52D3B7D00EEDEC231EC3E4EE7D117DB4A2BB714EB1A7243"
"04_CODE\D_finale_CODE_AND_DOCS\07_M1-M8图表修订_20260806\04_pagtn\env\Lib\idlelib\idle_test\test_browser.py"	"8420"	"BDFD3BD9AB02EE535E77F3233920F80891EB84D7042F7DB381AFC7766B3702EB"
"04_CODE\D_finale_CODE_AND_DOCS\07_M1-M8图表修订_20260806\04_pagtn\env\Lib\idlelib\idle_test\test_calltip.py"	"13658"	"A67EFD1C92E824321254F615D35A72508EE09D75E1058C3D01AD7D8BF3BE1EBF"
"04_CODE\D_finale_CODE_AND_DOCS\07_M1-M8图表修订_20260806\04_pagtn\env\Lib\idlelib\idle_test\test_calltip_w.py"	"686"	"7462C048C689F82C3AE6B5782A18776762F88055B80AE77A92243B6C0606E004"
"04_CODE\D_finale_CODE_AND_DOCS\07_M1-M8图表修订_20260806\04_pagtn\env\Lib\idlelib\idle_test\test_codecontext.py"	"16082"	"84E6B890B22B2ABCC0865C691162B93C6FFB9B4E17F05011BDAFFA770A52FCF0"
"04_CODE\D_finale_CODE_AND_DOCS\07_M1-M8图表修订_20260806\04_pagtn\env\Lib\idlelib\idle_test\test_colorizer.py"	"22882"	"6A3FBB630E0ECC7AAFC9C8BC56ECE3462911C733AA3BB4C52EE55C1D897301D4"
"04_CODE\D_finale_CODE_AND_DOCS\07_M1-M8图表修订_20260806\04_pagtn\env\Lib\idlelib\idle_test\test_config.py"	"32091"	"02546EB557E57B1654DA9016CF56F1826869F3E6C78BCAFFFB8A89013641C1A1"
"04_CODE\D_finale_CODE_AND_DOCS\07_M1-M8图表修订_20260806\04_pagtn\env\Lib\idlelib\idle_test\test_config_key.py"	"11462"	"54D0C65E1F66D37C415D3FE533C8DB891974F08E8FCA6374596280D64DB86586"
"04_CODE\D_finale_CODE_AND_DOCS\07_M1-M8图表修订_20260806\04_pagtn\env\Lib\idlelib\idle_test\test_configdialog.py"	"55389"	"56685B99D406C974FFCE84260B08B06476B1E98F701D0675C378D86C8F19F579"
"04_CODE\D_finale_CODE_AND_DOCS\07_M1-M8图表修订_20260806\04_pagtn\env\Lib\idlelib\idle_test\test_debugger.py"	"9727"	"8117FA37BF2C4266809F3A41C7C37C603C6A390B235801504123EA533C55D7CC"
"04_CODE\D_finale_CODE_AND_DOCS\07_M1-M8图表修订_20260806\04_pagtn\env\Lib\idlelib\idle_test\test_debugger_r.py"	"965"	"CCC0BA5E03EE1DF449F78A164EFDC6739F5A530315AB3971AC05C652BC779CEA"
"04_CODE\D_finale_CODE_AND_DOCS\07_M1-M8图表修订_20260806\04_pagtn\env\Lib\idlelib\idle_test\test_debugobj.py"	"1611"	"5427A574CFCFD36A48E365F6F8864B226EE8D7EB48702FF1496570302B1D9ACC"
"04_CODE\D_finale_CODE_AND_DOCS\07_M1-M8图表修订_20260806\04_pagtn\env\Lib\idlelib\idle_test\test_debugobj_r.py"	"545"	"22D74368BA175175B9C14315F9D82FD7DDDE60AE93D2E5572E9A647DE7E869EB"
"04_CODE\D_finale_CODE_AND_DOCS\07_M1-M8图表修订_20260806\04_pagtn\env\Lib\idlelib\idle_test\test_delegator.py"	"1567"	"559D39DF8C1FF38D177943F245B87F5379EE5EA93399FD6B5F7BFA882E6ED8CA"
"04_CODE\D_finale_CODE_AND_DOCS\07_M1-M8图表修订_20260806\04_pagtn\env\Lib\idlelib\idle_test\test_editmenu.py"	"2564"	"ED3800137D48FFCF86ECB71AFE5A24CD9ED381571F23036438BA8A97F502326A"
"04_CODE\D_finale_CODE_AND_DOCS\07_M1-M8图表修订_20260806\04_pagtn\env\Lib\idlelib\idle_test\test_editor.py"	"8151"	"654AE5CA7F747A4A88D2868DE48C7BFF1F35B26098075F840722E955FE4CB83E"
"04_CODE\D_finale_CODE_AND_DOCS\07_M1-M8图表修订_20260806\04_pagtn\env\Lib\idlelib\idle_test\test_filelist.py"	"795"	"D4CEA5FDBA68FB9E361541820D44EED003C317F4EF14BB9DF3406B8D2C53EF7C"
"04_CODE\D_finale_CODE_AND_DOCS\07_M1-M8图表修订_20260806\04_pagtn\env\Lib\idlelib\idle_test\test_format.py"	"23610"	"B356A2A8F5FE14C39C6AF73623484DF4ED930CC16EF4605F3B04FD9B618867A6"
"04_CODE\D_finale_CODE_AND_DOCS\07_M1-M8图表修订_20260806\04_pagtn\env\Lib\idlelib\idle_test\test_grep.py"	"5072"	"CA64DE882B5608E016B7DF8F739089C9F262643BCE09979B76399CC4BE1EA12C"
"04_CODE\D_finale_CODE_AND_DOCS\07_M1-M8图表修订_20260806\04_pagtn\env\Lib\idlelib\idle_test\test_help.py"	"863"	"0513A2872307B45EA7869B7E07DC437D7E8C69524073513B96374397F371B32A"
"04_CODE\D_finale_CODE_AND_DOCS\07_M1-M8图表修订_20260806\04_pagtn\env\Lib\idlelib\idle_test\test_help_about.py"	"5904"	"47663DFBCDDCED35AD97631CEBB690A30AB3AA724BDE0A7174D11290AC79EB02"
"04_CODE\D_finale_CODE_AND_DOCS\07_M1-M8图表修订_20260806\04_pagtn\env\Lib\idlelib\idle_test\test_history.py"	"5517"	"6319FE7810ED91786B503DE80701A291A4F9ABE54C9E101C19C0917B709E62F3"
"04_CODE\D_finale_CODE_AND_DOCS\07_M1-M8图表修订_20260806\04_pagtn\env\Lib\idlelib\idle_test\test_hyperparser.py"	"9082"	"CD2FBC788D4D75B514E53951DC90D00D41A8A87BAAD31BC1E380B7449BFCF183"
"04_CODE\D_finale_CODE_AND_DOCS\07_M1-M8图表修订_20260806\04_pagtn\env\Lib\idlelib\idle_test\test_iomenu.py"	"2457"	"8250EB60EA1D7760589FEBF38C171C8C6E202E527A680030233539DB59439D8D"
"04_CODE\D_finale_CODE_AND_DOCS\07_M1-M8图表修订_20260806\04_pagtn\env\Lib\idlelib\idle_test\test_macosx.py"	"3444"	"975E48AB453711C5072988E2E66A7FE51E716AC64E494F022A5FF82781CCD368"
"04_CODE\D_finale_CODE_AND_DOCS\07_M1-M8图表修订_20260806\04_pagtn\env\Lib\idlelib\idle_test\test_mainmenu.py"	"1638"	"FAA064FFD9C8E30B1205E46BB4EDE816C74B7948CFA34C7795ED19C35EAC10D5"
"04_CODE\D_finale_CODE_AND_DOCS\07_M1-M8图表修订_20260806\04_pagtn\env\Lib\idlelib\idle_test\test_multicall.py"	"1317"	"1BFB51912275D8E346DCE0A40AB84316B15E3F142E66529A8C9CFD52210C1A1F"
"04_CODE\D_finale_CODE_AND_DOCS\07_M1-M8图表修订_20260806\04_pagtn\env\Lib\idlelib\idle_test\test_outwin.py"	"5417"	"4F0590E1FE9AF387FA627CB8A40CD7618DA5D2A46CE4B33446D54F6FBCCE2105"
"04_CODE\D_finale_CODE_AND_DOCS\07_M1-M8图表修订_20260806\04_pagtn\env\Lib\idlelib\idle_test\test_parenmatch.py"	"3544"	"5E0BA86116E28D46E7DB9ED33D85CF7CAA837E1779E1B8FEB5F6B6B4A837551E"
"04_CODE\D_finale_CODE_AND_DOCS\07_M1-M8图表修订_20260806\04_pagtn\env\Lib\idlelib\idle_test\test_pathbrowser.py"	"2422"	"A7D9C5085FF5C64232897F6EE0A09258A41A35F153F47FF0F3B8FA97EC67BE9E"
"04_CODE\D_finale_CODE_AND_DOCS\07_M1-M8图表修订_20260806\04_pagtn\env\Lib\idlelib\idle_test\test_percolator.py"	"4065"	"133B134A46B23CF2C635BE3116415FD388E3A1C1581BF1A77D7F7F0AFF3A725B"
"04_CODE\D_finale_CODE_AND_DOCS\07_M1-M8图表修订_20260806\04_pagtn\env\Lib\idlelib\idle_test\test_pyparse.py"	"19365"	"8F386A9F535369AFB495322E104077C66C5A3ABB91917EC69F868B405120CF35"
"04_CODE\D_finale_CODE_AND_DOCS\07_M1-M8图表修订_20260806\04_pagtn\env\Lib\idlelib\idle_test\test_pyshell.py"	"4965"	"FF47AECD0657EDBD7BC920473FE2E55B0BB0DB6F347DC52F5E81B767897D3BC5"
"04_CODE\D_finale_CODE_AND_DOCS\07_M1-M8图表修订_20260806\04_pagtn\env\Lib\idlelib\idle_test\test_query.py"	"15454"	"632C2DC13A158A5902E5B758166151FFA377DB7F5A0C368BC3B0741A237876C3"
"04_CODE\D_finale_CODE_AND_DOCS\07_M1-M8图表修订_20260806\04_pagtn\env\Lib\idlelib\idle_test\test_redirector.py"	"4176"	"517C1FE16DA359E01F3CDFDF3F7AEAD4283E8B8E1107522B72F59D4C4F3ADE4C"
"04_CODE\D_finale_CODE_AND_DOCS\07_M1-M8图表修订_20260806\04_pagtn\env\Lib\idlelib\idle_test\test_replace.py"	"8299"	"321333B3EAAD9ECBF633186BC625D4A60C4C736DEF0FA00665ADD2AB899EECB1"
"04_CODE\D_finale_CODE_AND_DOCS\07_M1-M8图表修订_20260806\04_pagtn\env\Lib\idlelib\idle_test\test_rpc.py"	"805"	"1E2D997F442002389B3DADB47ED8134947C664A32EF637F43AFDCBD1B5C13823"
"04_CODE\D_finale_CODE_AND_DOCS\07_M1-M8图表修订_20260806\04_pagtn\env\Lib\idlelib\idle_test\test_run.py"	"15687"	"3A116BD1038EFDB87831C45BECE072FAE2464CD568F1DDB9CCA1D7FB85BF34A9"
"04_CODE\D_finale_CODE_AND_DOCS\07_M1-M8图表修订_20260806\04_pagtn\env\Lib\idlelib\idle_test\test_runscript.py"	"777"	"4264A834DC230D397725F398D905D0746321D543C56644E5C89AF59FE3FEDB61"
"04_CODE\D_finale_CODE_AND_DOCS\07_M1-M8图表修订_20260806\04_pagtn\env\Lib\idlelib\idle_test\test_scrolledlist.py"	"496"	"A84EC601C8786DAF0564E978C97C0E14095C23F9A08BB64950F9CB541B074B3A"
"04_CODE\D_finale_CODE_AND_DOCS\07_M1-M8图表修订_20260806\04_pagtn\env\Lib\idlelib\idle_test\test_search.py"	"2459"	"C0550B241C99A566F61929515CA97AEDF99F73568DF3DFE93078ED22CB54892B"
"04_CODE\D_finale_CODE_AND_DOCS\07_M1-M8图表修订_20260806\04_pagtn\env\Lib\idlelib\idle_test\test_searchbase.py"	"5691"	"2B8550DD411B75C6152C4DA90843E1221094400080F9A1752E383D0B776F775B"
"04_CODE\D_finale_CODE_AND_DOCS\07_M1-M8图表修订_20260806\04_pagtn\env\Lib\idlelib\idle_test\test_searchengine.py"	"11588"	"519DDD5633EB8732539594F79ED21A6544F65E599A0D5C8C84DB3A488CCDAD97"
"04_CODE\D_finale_CODE_AND_DOCS\07_M1-M8图表修订_20260806\04_pagtn\env\Lib\idlelib\idle_test\test_sidebar.py"	"26854"	"262977182301B015C9D5051D8AC9861EB286F03B4126D3B01E4D6FE36D866F09"
"04_CODE\D_finale_CODE_AND_DOCS\07_M1-M8图表修订_20260806\04_pagtn\env\Lib\idlelib\idle_test\test_squeezer.py"	"19656"	"FD5F695E2B1C296719E0A5B494A93184CC7E28CCA22E9265DEF8171B23276B6C"
"04_CODE\D_finale_CODE_AND_DOCS\07_M1-M8图表修订_20260806\04_pagtn\env\Lib\idlelib\idle_test\test_stackviewer.py"	"991"	"15EAEABF43BBAF7D7BC795FB3DFD59C92F3691C73A20548513DCADEF8D45B8BF"
"04_CODE\D_finale_CODE_AND_DOCS\07_M1-M8图表修订_20260806\04_pagtn\env\Lib\idlelib\idle_test\test_statusbar.py"	"1133"	"0E9B262B9AD0046CBB0AF1101A651FCB88CD1CBA38E474B863ABBB074B260A02"
"04_CODE\D_finale_CODE_AND_DOCS\07_M1-M8图表修订_20260806\04_pagtn\env\Lib\idlelib\idle_test\test_text.py"	"6970"	"55ABE8A9D0BDB45EFECB879207F1259702CDCF47DBC636D7CCA8DD458F0DC70F"
"04_CODE\D_finale_CODE_AND_DOCS\07_M1-M8图表修订_20260806\04_pagtn\env\Lib\idlelib\idle_test\test_textview.py"	"7364"	"E45B199106608C7C981C149D3B4CCF092E7A2E7E9430CC76887CD769B9AAF533"
"04_CODE\D_finale_CODE_AND_DOCS\07_M1-M8图表修订_20260806\04_pagtn\env\Lib\idlelib\idle_test\test_tooltip.py"	"5385"	"B9A82E57761BBCA3D4E07193652E8294895765092EF8A651F4DCF63ACEC7F153"
"04_CODE\D_finale_CODE_AND_DOCS\07_M1-M8图表修订_20260806\04_pagtn\env\Lib\idlelib\idle_test\test_tree.py"	"1752"	"62AE68D64105485107E8173F94CE09739F276004BC8FA65EFA5ADD2C6188E166"
"04_CODE\D_finale_CODE_AND_DOCS\07_M1-M8图表修订_20260806\04_pagtn\env\Lib\idlelib\idle_test\test_undo.py"	"4228"	"C5178B2DD77D794938FA52ADCE719D4948A92BA1A689068CEC1FB6888D033E0E"
"04_CODE\D_finale_CODE_AND_DOCS\07_M1-M8图表修订_20260806\04_pagtn\env\Lib\idlelib\idle_test\test_util.py"	"308"	"300F627FC2199DEB246EC793EF47B032DE742D763A4170C8BB15E19CCBF602A5"
"04_CODE\D_finale_CODE_AND_DOCS\07_M1-M8图表修订_20260806\04_pagtn\env\Lib\idlelib\idle_test\test_warning.py"	"2740"	"D1EFC442B3FB93DE89FB0988C73F8536FC5099AFB761D2B69EC101C239C8C193"
"04_CODE\D_finale_CODE_AND_DOCS\07_M1-M8图表修订_20260806\04_pagtn\env\Lib\idlelib\idle_test\test_window.py"	"1075"	"336F2B6994F5AACCA9689F32249DB20A8DAC36934314B7D5BA391D94169D63C6"
"04_CODE\D_finale_CODE_AND_DOCS\07_M1-M8图表修订_20260806\04_pagtn\env\Lib\idlelib\idle_test\test_zoomheight.py"	"999"	"6300AA47014A5C2DFC9BC0D6C3FB234DFF4E4B60A6527D4CDFBB8C416F99DF44"
"04_CODE\D_finale_CODE_AND_DOCS\07_M1-M8图表修订_20260806\04_pagtn\env\Lib\idlelib\idle_test\test_zzdummy.py"	"4455"	"4502524AAA1923393725C04E6B2F27077399190E42BC8903415E95718C5F3C6F"
"04_CODE\D_finale_CODE_AND_DOCS\07_M1-M8图表修订_20260806\04_pagtn\env\Lib\idlelib\idle_test\tkinter_testing_utils.py"	"2333"	"ECE147CEF65152A54B0A3D4319BDF8ED82D9A6310273B0056CC17A2DE4D744CD"
"04_CODE\D_finale_CODE_AND_DOCS\07_M1-M8图表修订_20260806\04_pagtn\env\Lib\idlelib\iomenu.py"	"16159"	"7004F1AB2CFA5994E453F426507170EC37C1C4A5B9837BA319E5EAEBF1A29C34"
"04_CODE\D_finale_CODE_AND_DOCS\07_M1-M8图表修订_20260806\04_pagtn\env\Lib\idlelib\macosx.py"	"9401"	"DD779EC0188847FA526BAE492B6A38BAB696BD9A1E21CE7C36BD3E74E7D3DA0A"
"04_CODE\D_finale_CODE_AND_DOCS\07_M1-M8图表修订_20260806\04_pagtn\env\Lib\idlelib\mainmenu.py"	"3938"	"092FAD4454F593D7BF2E5E1E746ACADE92BB346D06476BA527F162F843AE3208"
"04_CODE\D_finale_CODE_AND_DOCS\07_M1-M8图表修订_20260806\04_pagtn\env\Lib\idlelib\multicall.py"	"18652"	"EFB7D9BDDCAE17FAB2108CB714C240C82D1368087B6D2B91E02EC224DDEBCE12"
"04_CODE\D_finale_CODE_AND_DOCS\07_M1-M8图表修订_20260806\04_pagtn\env\Lib\idlelib\outwin.py"	"5715"	"E1946C1A25A020A48843B2ED528BCDD6DF29B2AF117472B7E2627997B1339B84"
"04_CODE\D_finale_CODE_AND_DOCS\07_M1-M8图表修订_20260806\04_pagtn\env\Lib\idlelib\parenmatch.py"	"7204"	"F122E13C385A135CBBBE8B1D87EFEED43DDD3E0BE9DDD8AA24B267B61FAC4287"
"04_CODE\D_finale_CODE_AND_DOCS\07_M1-M8图表修订_20260806\04_pagtn\env\Lib\idlelib\pathbrowser.py"	"3093"	"42A4E008922C991049F1B42CA18700B65F2F8D0AB6DD12CC22671771E90C2065"
"04_CODE\D_finale_CODE_AND_DOCS\07_M1-M8图表修订_20260806\04_pagtn\env\Lib\idlelib\percolator.py"	"3568"	"42FE72C167EB3A2795CBE64C498D7CBE1DE05132BE29A99A58226AE83EFB31D4"
"04_CODE\D_finale_CODE_AND_DOCS\07_M1-M8图表修订_20260806\04_pagtn\env\Lib\idlelib\pyparse.py"	"19864"	"21C6BF43370998D5A5A6670F7B13409335E9A2C1A350ED586BBE63BE5F226648"
"04_CODE\D_finale_CODE_AND_DOCS\07_M1-M8图表修订_20260806\04_pagtn\env\Lib\idlelib\pyshell.py"	"62537"	"BF5182B2565539C6EE6C5941DB9BA3A4BFA60E21AC17EC23A675A1B2269AB19F"
"04_CODE\D_finale_CODE_AND_DOCS\07_M1-M8图表修订_20260806\04_pagtn\env\Lib\idlelib\query.py"	"15067"	"FAEA5EDD6B8693E6A32107054AD0DE3BE4D28E6AACB7792F86CBBE146131373B"
"04_CODE\D_finale_CODE_AND_DOCS\07_M1-M8图表修订_20260806\04_pagtn\env\Lib\idlelib\redirector.py"	"6777"	"7911A7534EB0C73EE3E2464C5F8498109653F73EBED8FA903780C5FD7CA00754"
"04_CODE\D_finale_CODE_AND_DOCS\07_M1-M8图表修订_20260806\04_pagtn\env\Lib\idlelib\replace.py"	"9841"	"EA13DB39AA89DF369B36200C7301874A5636403E8270B1862F946E2FFF081B84"
"04_CODE\D_finale_CODE_AND_DOCS\07_M1-M8图表修订_20260806\04_pagtn\env\Lib\idlelib\rpc.py"	"21078"	"8D0CB6E11C8DCC5DBDA89B9A582BFAA74FE2B661DDE442B02EB61B8FC47D9EB3"
"04_CODE\D_finale_CODE_AND_DOCS\07_M1-M8图表修订_20260806\04_pagtn\env\Lib\idlelib\run.py"	"21439"	"7D2C0013A3231F78A4B2AEE0FBBAEE7FB90134B07905BA6A309B4827CBBEA945"
"04_CODE\D_finale_CODE_AND_DOCS\07_M1-M8图表修订_20260806\04_pagtn\env\Lib\idlelib\runscript.py"	"8273"	"B92740FDDC7B1D603B1736A135BD15518081F20C0DB1E1A779CAB715EE9120FE"
"04_CODE\D_finale_CODE_AND_DOCS\07_M1-M8图表修订_20260806\04_pagtn\env\Lib\idlelib\scrolledlist.py"	"4478"	"25B0AD247977F6079226052E2B76DD4C127BF50F2F5E8FFBD1FE10BC631BFCA9"
"04_CODE\D_finale_CODE_AND_DOCS\07_M1-M8图表修订_20260806\04_pagtn\env\Lib\idlelib\search.py"	"5567"	"C53FF4D4814D97D0D95B7E15030D3AE8C732366ED84C2B300183E933270DF724"
"04_CODE\D_finale_CODE_AND_DOCS\07_M1-M8图表修订_20260806\04_pagtn\env\Lib\idlelib\searchbase.py"	"7856"	"5E13C99D9F264166D9204EEFF0492D43D03F2AFD8F66494B3E110D7665AB29CC"
"04_CODE\D_finale_CODE_AND_DOCS\07_M1-M8图表修订_20260806\04_pagtn\env\Lib\idlelib\searchengine.py"	"7415"	"11B0C8DF926E4F6BD2E26D0264B2D902C41BCC70D68A4A830DF1EA2DA2C2A6CC"
"04_CODE\D_finale_CODE_AND_DOCS\07_M1-M8图表修订_20260806\04_pagtn\env\Lib\idlelib\sidebar.py"	"20338"	"760F14EBB0312ADB289CDA0562C9EFF70982A0ACDE5D9D9D0B591390CD4A581E"
"04_CODE\D_finale_CODE_AND_DOCS\07_M1-M8图表修订_20260806\04_pagtn\env\Lib\idlelib\squeezer.py"	"12834"	"112221334FEE94A88CBA2CA7AC455E1BD6AB796397CBE036B1E8A98BC0787E30"
"04_CODE\D_finale_CODE_AND_DOCS\07_M1-M8图表修订_20260806\04_pagtn\env\Lib\idlelib\stackviewer.py"	"4016"	"EE053A65298E2EC2F4628D8269A33362816271FD81FAB4E550A621493C26A76F"
"04_CODE\D_finale_CODE_AND_DOCS\07_M1-M8图表修订_20260806\04_pagtn\env\Lib\idlelib\statusbar.py"	"1474"	"3F4DC0F27B0C23E488D022ABE8461529CE8A1B4EAF9DBFD97123EF2C502F684E"
"04_CODE\D_finale_CODE_AND_DOCS\07_M1-M8图表修订_20260806\04_pagtn\env\Lib\idlelib\textview.py"	"6808"	"EACE58159E9636BB1456885C21F5ED474E203090139E5DD3457AC72AD5552006"
"04_CODE\D_finale_CODE_AND_DOCS\07_M1-M8图表修订_20260806\04_pagtn\env\Lib\idlelib\tooltip.py"	"6471"	"73DFAD0E6652BCD67F7FCCDFACE2E4CD8D5F3C6FFE2EF1C2E86CA0CB12D5D034"
"04_CODE\D_finale_CODE_AND_DOCS\07_M1-M8图表修订_20260806\04_pagtn\env\Lib\idlelib\tree.py"	"16483"	"DD594FD0F47ED3CB956D6BC77F72F200144ACA13A3C3B9ECD7F472FCEFC9256A"
"04_CODE\D_finale_CODE_AND_DOCS\07_M1-M8图表修订_20260806\04_pagtn\env\Lib\idlelib\undo.py"	"11016"	"291FDA98995BB4688FBE05FD3FA689E21AADE3627C4C16E8971ED353F6CC3107"
"04_CODE\D_finale_CODE_AND_DOCS\07_M1-M8图表修订_20260806\04_pagtn\env\Lib\idlelib\util.py"	"731"	"A80958A9F028ED987DAF18CD55D78F6DB3AFF12E9C5629323D992829C0737413"
"04_CODE\D_finale_CODE_AND_DOCS\07_M1-M8图表修订_20260806\04_pagtn\env\Lib\idlelib\window.py"	"2616"	"CA31D8C01C9B468FCAD0A4E529C8E205C1E4ECF30520545DB654D466BD7158BD"
"04_CODE\D_finale_CODE_AND_DOCS\07_M1-M8图表修订_20260806\04_pagtn\env\Lib\idlelib\zoomheight.py"	"4203"	"5F6FF83CB0DF3EE5E7D997FFE23EFB341B994BFBAF00B79A4832D54231A095DD"
"04_CODE\D_finale_CODE_AND_DOCS\07_M1-M8图表修订_20260806\04_pagtn\env\Lib\idlelib\zzdummy.py"	"2005"	"5E248F0EA4F35052D23BB2C43564AA567B8CEBAF91FD63BA0BE8FEF2F4167945"
"04_CODE\D_finale_CODE_AND_DOCS\07_M1-M8图表修订_20260806\04_pagtn\env\Lib\imaplib.py"	"55217"	"43C858A2E8CD721098A6DF08967F6B49301B721D1CF3E11526E5BFFAF5A29299"
"04_CODE\D_finale_CODE_AND_DOCS\07_M1-M8图表修订_20260806\04_pagtn\env\Lib\imghdr.py"	"3952"	"CD784FA55C7E285970600018940BD82E99A82AAD3F2D095C53D6612095C24133"
"04_CODE\D_finale_CODE_AND_DOCS\07_M1-M8图表修订_20260806\04_pagtn\env\Lib\imp.py"	"10606"	"3C64D27E656DF0BAAEFB1F0953E25A865D18085B07422FDCFBA8705C7B3893BE"
"04_CODE\D_finale_CODE_AND_DOCS\07_M1-M8图表修订_20260806\04_pagtn\env\Lib\importlib\__init__.py"	"6089"	"49AD4FDC8139026F7F3773E3F50F09207FF6BD8E92A2C382545525235448E525"
"04_CODE\D_finale_CODE_AND_DOCS\07_M1-M8图表修订_20260806\04_pagtn\env\Lib\importlib\_abc.py"	"1852"	"E24FA90513D1FD6E10DF30DC28044DFCAD857B88161C79DE10F7109C18227E8D"
"04_CODE\D_finale_CODE_AND_DOCS\07_M1-M8图表修订_20260806\04_pagtn\env\Lib\importlib\_bootstrap.py"	"48223"	"2AA31B7369A9725CE893FED35E33A2FFB1C908ECC7411A34D7975CB25A28F695"
"04_CODE\D_finale_CODE_AND_DOCS\07_M1-M8图表修订_20260806\04_pagtn\env\Lib\importlib\_bootstrap_external.py"	"68962"	"7C9A59DA1B351A226A092B1E1671CF9935255F2C22D593A138C8938DEC7E399E"
"04_CODE\D_finale_CODE_AND_DOCS\07_M1-M8图表修订_20260806\04_pagtn\env\Lib\importlib\abc.py"	"10969"	"10C316FD409976A2B5A0A379451048E418CCE21D2B792820738DEBE5E2B74C5E"
"04_CODE\D_finale_CODE_AND_DOCS\07_M1-M8图表修订_20260806\04_pagtn\env\Lib\importlib\machinery.py"	"880"	"D045CD7ECF2A12B6ECBFBEF79EB114E87EF2EBD756F5B705F73E6F3266E3DEDE"
"04_CODE\D_finale_CODE_AND_DOCS\07_M1-M8图表修订_20260806\04_pagtn\env\Lib\importlib\metadata\__init__.py"	"31109"	"BC6D98CD94459AD3B6EA5CB75CDE38383647655054F065B897176F7635D2D8BC"
"04_CODE\D_finale_CODE_AND_DOCS\07_M1-M8图表修订_20260806\04_pagtn\env\Lib\importlib\metadata\_adapters.py"	"1862"	"07A7C28B9FBC98B543154663DE4AC8E67028FA62A9D5D1FFA886AFC88C85AC9B"
"04_CODE\D_finale_CODE_AND_DOCS\07_M1-M8图表修订_20260806\04_pagtn\env\Lib\importlib\metadata\_collections.py"	"743"	"089D0E4C21C88D6034648552E2FA0E440B27D91E11D9C40112D3EC6442690126"
"04_CODE\D_finale_CODE_AND_DOCS\07_M1-M8图表修订_20260806\04_pagtn\env\Lib\importlib\metadata\_functools.py"	"2895"	"3EC636FB8AEB297E1155E442D681A9D65075A660BD78A37CF3F7FE6C3F6E3A80"
"04_CODE\D_finale_CODE_AND_DOCS\07_M1-M8图表修订_20260806\04_pagtn\env\Lib\importlib\metadata\_itertools.py"	"2068"	"72FAFFDAFF0145BC5C225E71E6575FA9D1E3848F188BCB3CCA4E741BF9E6EA34"
"04_CODE\D_finale_CODE_AND_DOCS\07_M1-M8图表修订_20260806\04_pagtn\env\Lib\importlib\metadata\_meta.py"	"1134"	"C920F8096B01E6A23A15375520BF3DE6B418504DF58D6E506F2FB203395D4512"
"04_CODE\D_finale_CODE_AND_DOCS\07_M1-M8图表修订_20260806\04_pagtn\env\Lib\importlib\metadata\_text.py"	"2166"	"1C2B0592C66924B7933F734493F9E0AC079755146D4EBB7287D78E001A113F80"
"04_CODE\D_finale_CODE_AND_DOCS\07_M1-M8图表修订_20260806\04_pagtn\env\Lib\importlib\readers.py"	"327"	"D0D57D118D64916F7E6EDB04F8BD1A760A1ABB879125899EF50A36D09EF54DF4"
"04_CODE\D_finale_CODE_AND_DOCS\07_M1-M8图表修订_20260806\04_pagtn\env\Lib\importlib\resources\__init__.py"	"506"	"7AF3E6D7690B818A939BEA5BCE6EB46CEBAE9AE993F08A41356169D2E332AF31"
"04_CODE\D_finale_CODE_AND_DOCS\07_M1-M8图表修订_20260806\04_pagtn\env\Lib\importlib\resources\_adapters.py"	"4504"	"A39D6D3F686956DA213F7DE0498C809063692DF60306AC7162C69DCA24598B51"
"04_CODE\D_finale_CODE_AND_DOCS\07_M1-M8图表修订_20260806\04_pagtn\env\Lib\importlib\resources\_common.py"	"2891"	"D4C487B710C16CBB061999417D2BF297CE6F21309F9D81D353D6E627B1126D8C"
"04_CODE\D_finale_CODE_AND_DOCS\07_M1-M8图表修订_20260806\04_pagtn\env\Lib\importlib\resources\_itertools.py"	"884"	"582749D46B3F90D170284372206ED33B4638DF82160AED338D5552B126D9C14F"
"04_CODE\D_finale_CODE_AND_DOCS\07_M1-M8图表修订_20260806\04_pagtn\env\Lib\importlib\resources\_legacy.py"	"3494"	"4CC2E4C7A68433A53CC484443D7A8666B31B5214E23D4B8F97A1120FB45D623E"
"04_CODE\D_finale_CODE_AND_DOCS\07_M1-M8图表修订_20260806\04_pagtn\env\Lib\importlib\resources\abc.py"	"4571"	"D106439F012FB61AA2410E779FCD979AC1D3D677A85E0DB5588BAF8080100EA8"
"04_CODE\D_finale_CODE_AND_DOCS\07_M1-M8图表修订_20260806\04_pagtn\env\Lib\importlib\resources\readers.py"	"3557"	"21505AC8F35D6D23D737623BAEC9651E021CCB5F789271703E5FD447D9942D10"
"04_CODE\D_finale_CODE_AND_DOCS\07_M1-M8图表修订_20260806\04_pagtn\env\Lib\importlib\resources\simple.py"	"3123"	"BA32EC6537797CADDE6D29CA91025D30D6368D4E5EF5A73AD20897604C8DB92A"
"04_CODE\D_finale_CODE_AND_DOCS\07_M1-M8图表修订_20260806\04_pagtn\env\Lib\importlib\simple.py"	"354"	"8E687AEEB1DB537D2717CB0352C5F126FF7D4095C6DE6DC7F00D5103F3009C40"
"04_CODE\D_finale_CODE_AND_DOCS\07_M1-M8图表修订_20260806\04_pagtn\env\Lib\importlib\util.py"	"12717"	"A1F26649B3409CC90627D3657DD8D38D159BD7E7A2CE34ECCA1297119701F608"
"04_CODE\D_finale_CODE_AND_DOCS\07_M1-M8图表修订_20260806\04_pagtn\env\Lib\inspect.py"	"123419"	"7A134C67F2256307547F2F0B81EB6F89B652C078AB22E59C062770BA9736C6FF"
"04_CODE\D_finale_CODE_AND_DOCS\07_M1-M8图表修订_20260806\04_pagtn\env\Lib\io.py"	"4320"	"12636601D4F488B583CFF41668C3A386C3B2D93499DF09DE0DF9D9A2A4B95194"
"04_CODE\D_finale_CODE_AND_DOCS\07_M1-M8图表修订_20260806\04_pagtn\env\Lib\ipaddress.py"	"81414"	"BA8D3389FF084FCB232B48204EC04F2B3EA4BD0EADF7B18C814947D185DE2C64"
"04_CODE\D_finale_CODE_AND_DOCS\07_M1-M8图表修订_20260806\04_pagtn\env\Lib\json\__init__.py"	"14020"	"D5D41E2C29049515D295D81A6D40B4890FBEC8D8482CFB401630F8EF2F77E4D5"
"04_CODE\D_finale_CODE_AND_DOCS\07_M1-M8图表修订_20260806\04_pagtn\env\Lib\json\decoder.py"	"12473"	"9F02654649816145BC76F8C210A5FE3BA1DE142D4D97A1C93105732E747C285B"
"04_CODE\D_finale_CODE_AND_DOCS\07_M1-M8图表修订_20260806\04_pagtn\env\Lib\json\encoder.py"	"16070"	"AF7BD40A0D0D0A3E726A9B4B3A2A543019F6AB97A340D0162A9C29CA9DA97869"
"04_CODE\D_finale_CODE_AND_DOCS\07_M1-M8图表修订_20260806\04_pagtn\env\Lib\json\scanner.py"	"2425"	"8604D9D03786D0D509ABB49E9F069337278EA988C244069AE8CA2C89ACC2CB08"
"04_CODE\D_finale_CODE_AND_DOCS\07_M1-M8图表修订_20260806\04_pagtn\env\Lib\json\tool.py"	"3339"	"D5174B728B376A12CFF3F17472D6B9B609C1D3926F7EE02D74D60C80AFD60C77"
"04_CODE\D_finale_CODE_AND_DOCS\07_M1-M8图表修订_20260806\04_pagtn\env\Lib\keyword.py"	"1061"	"AFBE73AFB68D32FA998E5FF3D081090DEEC457152470F5331CC2BD430A0E9D2A"
"04_CODE\D_finale_CODE_AND_DOCS\07_M1-M8图表修订_20260806\04_pagtn\env\Lib\lib2to3\__init__.py"	"156"	"5373A81AB198CDA8E95652DFF46ECFEE197A0B8901E8432AB448D97B8BC37F87"
"04_CODE\D_finale_CODE_AND_DOCS\07_M1-M8图表修订_20260806\04_pagtn\env\Lib\lib2to3\__main__.py"	"67"	"C7B09F90E66DEA194AD63DC02C6425DFF977D16F1F21A157B7475905C219A707"
"04_CODE\D_finale_CODE_AND_DOCS\07_M1-M8图表修订_20260806\04_pagtn\env\Lib\lib2to3\btm_matcher.py"	"6623"	"A1AA5D35558ACF4B6016054963285CB145F97A764926BEA07CBD674563F3248D"
"04_CODE\D_finale_CODE_AND_DOCS\07_M1-M8图表修订_20260806\04_pagtn\env\Lib\lib2to3\btm_utils.py"	"9945"	"C0653EB497A1A48195DD9C4ECBBF87E4EAB31188BE29AB1640E353209741588C"
"04_CODE\D_finale_CODE_AND_DOCS\07_M1-M8图表修订_20260806\04_pagtn\env\Lib\lib2to3\fixer_base.py"	"6690"	"C795A53CA849C42212C8EC33A74284E0377DF852EB4EA599ABA62D5AF1DF282A"
"04_CODE\D_finale_CODE_AND_DOCS\07_M1-M8图表修订_20260806\04_pagtn\env\Lib\lib2to3\fixer_util.py"	"15206"	"306D0B2EA8169BDCA711C6A31C0B1A3CE710D38AE2B6568EF519AA38451AF608"
"04_CODE\D_finale_CODE_AND_DOCS\07_M1-M8图表修订_20260806\04_pagtn\env\Lib\lib2to3\fixes\__init__.py"	"47"	"836CDB388117CF81E78D9FA2A141CCA1B14B0179733322E710067749A1B16FE9"
"04_CODE\D_finale_CODE_AND_DOCS\07_M1-M8图表修订_20260806\04_pagtn\env\Lib\lib2to3\fixes\fix_apply.py"	"2346"	"B5171E32758A78450854F40867775D4ACA58665BC920EBECE04FCFCC153AF02A"
"04_CODE\D_finale_CODE_AND_DOCS\07_M1-M8图表修订_20260806\04_pagtn\env\Lib\lib2to3\fixes\fix_asserts.py"	"984"	"4C77972812CB5EC0A72AFBCE3E1D618C27EF7B239329C5C952C2BCBE77DBA5DD"
"04_CODE\D_finale_CODE_AND_DOCS\07_M1-M8图表修订_20260806\04_pagtn\env\Lib\lib2to3\fixes\fix_basestring.py"	"320"	"D041443D6499A735BB78FEC9DA1BF33B3D034B5192C98BC273B16A44692FC88F"
"04_CODE\D_finale_CODE_AND_DOCS\07_M1-M8图表修订_20260806\04_pagtn\env\Lib\lib2to3\fixes\fix_buffer.py"	"590"	"2DA37B49C30D6A0B4DB43146EBB4AC8E5FFCB9814816B4742E464CB856977883"
"04_CODE\D_finale_CODE_AND_DOCS\07_M1-M8图表修订_20260806\04_pagtn\env\Lib\lib2to3\fixes\fix_dict.py"	"3760"	"38F460596EBFB64046AAB3D9A65935BD4C76A470118FB7D10A088DC0ECDC53EA"
"04_CODE\D_finale_CODE_AND_DOCS\07_M1-M8图表修订_20260806\04_pagtn\env\Lib\lib2to3\fixes\fix_except.py"	"3344"	"7FF6F560C3C3D7A5D9CEEF5BA31C556341F7CE1BC1B52D96B063F6C2C4765651"
"04_CODE\D_finale_CODE_AND_DOCS\07_M1-M8图表修订_20260806\04_pagtn\env\Lib\lib2to3\fixes\fix_exec.py"	"979"	"9E0893327205DEA12004E88D18C580286E7977E081B5EDA7BAF5B7BC93BC6C52"
"04_CODE\D_finale_CODE_AND_DOCS\07_M1-M8图表修订_20260806\04_pagtn\env\Lib\lib2to3\fixes\fix_execfile.py"	"2048"	"6FF65DB1192099457CB3D9F2618A893C6AC430028550284F3A34D5C08042B0EB"
"04_CODE\D_finale_CODE_AND_DOCS\07_M1-M8图表修订_20260806\04_pagtn\env\Lib\lib2to3\fixes\fix_exitfunc.py"	"2495"	"EF4F18F651D32410C43644C27590903D41E38E763B0E108E6C685A3412A7D29C"
"04_CODE\D_finale_CODE_AND_DOCS\07_M1-M8图表修订_20260806\04_pagtn\env\Lib\lib2to3\fixes\fix_filter.py"	"2765"	"2C7F0121193395750EAB2B2ABF5059D9A3B1A61F81763F52511265D7BCA5CB21"
"04_CODE\D_finale_CODE_AND_DOCS\07_M1-M8图表修订_20260806\04_pagtn\env\Lib\lib2to3\fixes\fix_funcattrs.py"	"644"	"111DF53FAC6A121D61ABE33883A68E731820DDC4864B0A4C1000CF2AC5F019CD"
"04_CODE\D_finale_CODE_AND_DOCS\07_M1-M8图表修订_20260806\04_pagtn\env\Lib\lib2to3\fixes\fix_future.py"	"547"	"BABA8CAFB48DD9181A0E1F7B0F20B585CE2925E8F347E00B87407A256BB16663"
"04_CODE\D_finale_CODE_AND_DOCS\07_M1-M8图表修订_20260806\04_pagtn\env\Lib\lib2to3\fixes\fix_getcwdu.py"	"451"	"5BC5252F683A401E7D81C5911617C4AF1A1BCDF99A51C4BF1CFCCB00446FF220"
"04_CODE\D_finale_CODE_AND_DOCS\07_M1-M8图表修订_20260806\04_pagtn\env\Lib\lib2to3\fixes\fix_has_key.py"	"3196"	"32943D3B921C1C3F0D3776D19E5120806990B817BC99A7E22799847ABFDA1F63"
"04_CODE\D_finale_CODE_AND_DOCS\07_M1-M8图表修订_20260806\04_pagtn\env\Lib\lib2to3\fixes\fix_idioms.py"	"4876"	"600E34FAF36E14307E59D55088E3979881D497B8FC9D77659E77709F9E8BAFD7"
"04_CODE\D_finale_CODE_AND_DOCS\07_M1-M8图表修订_20260806\04_pagtn\env\Lib\lib2to3\fixes\fix_import.py"	"3256"	"803BAF96F9603C957EB974F252B0AD9829C889A293E0CE6829DB1BCE3DA6DD4E"
"04_CODE\D_finale_CODE_AND_DOCS\07_M1-M8图表修订_20260806\04_pagtn\env\Lib\lib2to3\fixes\fix_imports.py"	"5684"	"CDF7EE6D85E2B148230984CFC4EA3F193BE458958EA42EF290854A9672A64370"
"04_CODE\D_finale_CODE_AND_DOCS\07_M1-M8图表修订_20260806\04_pagtn\env\Lib\lib2to3\fixes\fix_imports2.py"	"289"	"B6F3C628839FFE7FD72569DD6CA2210E18EDAE3E180002747EA011B76B7EC0EF"
"04_CODE\D_finale_CODE_AND_DOCS\07_M1-M8图表修订_20260806\04_pagtn\env\Lib\lib2to3\fixes\fix_input.py"	"708"	"10C5EF3B45A4EE7E88AF8852181916A788AAE2BEA52B08F3473815C1C43598D1"
"04_CODE\D_finale_CODE_AND_DOCS\07_M1-M8图表修订_20260806\04_pagtn\env\Lib\lib2to3\fixes\fix_intern.py"	"1144"	"8D29A162536B99C91BD2F9259DDA7F39FEC751949D6354D2C1F2E5D070C87D66"
"04_CODE\D_finale_CODE_AND_DOCS\07_M1-M8图表修订_20260806\04_pagtn\env\Lib\lib2to3\fixes\fix_isinstance.py"	"1608"	"8408C92B99F50D8C4978B47A2B2155588E315F2EBBE58C160DCDCDCB89E19914"
"04_CODE\D_finale_CODE_AND_DOCS\07_M1-M8图表修订_20260806\04_pagtn\env\Lib\lib2to3\fixes\fix_itertools.py"	"1548"	"578A51B9935020B03A510DE15ECE55FCD02C9474F37A54C158FB97BA5FD15AF1"
"04_CODE\D_finale_CODE_AND_DOCS\07_M1-M8图表修订_20260806\04_pagtn\env\Lib\lib2to3\fixes\fix_itertools_imports.py"	"2086"	"2E419CFBD7F2A326AE7FA10873AA377112EBEC32545238FDF988ACB088C3CDB7"
"04_CODE\D_finale_CODE_AND_DOCS\07_M1-M8图表修订_20260806\04_pagtn\env\Lib\lib2to3\fixes\fix_long.py"	"476"	"306B80E0A72C0D16DD934B7D51AB0C9A4224F83BE5D6CBAD8A7158A0A5D73551"
"04_CODE\D_finale_CODE_AND_DOCS\07_M1-M8图表修订_20260806\04_pagtn\env\Lib\lib2to3\fixes\fix_map.py"	"3640"	"B82C0762C44ADF2AF7745C030AFE291E2BADFE360925046C8E58D85340717696"
"04_CODE\D_finale_CODE_AND_DOCS\07_M1-M8图表修订_20260806\04_pagtn\env\Lib\lib2to3\fixes\fix_metaclass.py"	"8197"	"45A30C866AA2FF69E089DA147ED09986AAD4516B5E5DD943F8DFCB7D3946A3E1"
"04_CODE\D_finale_CODE_AND_DOCS\07_M1-M8图表修订_20260806\04_pagtn\env\Lib\lib2to3\fixes\fix_methodattrs.py"	"606"	"8D60082F98CE52EE4955099BFD447CBADFA0E9B24CCB8D135CECC833168D44E8"
"04_CODE\D_finale_CODE_AND_DOCS\07_M1-M8图表修订_20260806\04_pagtn\env\Lib\lib2to3\fixes\fix_ne.py"	"571"	"4F9CB1388BA86F29422D20979D3423FDF3541BA35A17ED44D6F4A517FF784ECD"
"04_CODE\D_finale_CODE_AND_DOCS\07_M1-M8图表修订_20260806\04_pagtn\env\Lib\lib2to3\fixes\fix_next.py"	"3174"	"5C7D86D9F81B2498486D626C7FECED1B92F23171CF9E42881ABB78DE1A93BCCD"
"04_CODE\D_finale_CODE_AND_DOCS\07_M1-M8图表修订_20260806\04_pagtn\env\Lib\lib2to3\fixes\fix_nonzero.py"	"591"	"C2CD7E3BA44508643A20EEC4EA4C19F2F1ADFD36F6B974D7C143E449571AE736"
"04_CODE\D_finale_CODE_AND_DOCS\07_M1-M8图表修订_20260806\04_pagtn\env\Lib\lib2to3\fixes\fix_numliterals.py"	"768"	"1C4DD0F7881999ABDE6CF4D232836FA3E55FC41A7D5AA2B9866092F65707DB7F"
"04_CODE\D_finale_CODE_AND_DOCS\07_M1-M8图表修订_20260806\04_pagtn\env\Lib\lib2to3\fixes\fix_operator.py"	"3426"	"023872FE9F03A25387CF2C17FC950CF0F990353DF66E603C3A1CD3199DBCCD86"
"04_CODE\D_finale_CODE_AND_DOCS\07_M1-M8图表修订_20260806\04_pagtn\env\Lib\lib2to3\fixes\fix_paren.py"	"1226"	"53734F1D7778AD28A4EC3AB4415923E2DA8F230DE4CD527589829F570E9F254D"
"04_CODE\D_finale_CODE_AND_DOCS\07_M1-M8图表修订_20260806\04_pagtn\env\Lib\lib2to3\fixes\fix_print.py"	"2844"	"CF2690F1B502249289F52CD544190DB0B94D59DF5ECA139829CD2BF0742E9DBA"
"04_CODE\D_finale_CODE_AND_DOCS\07_M1-M8图表修订_20260806\04_pagtn\env\Lib\lib2to3\fixes\fix_raise.py"	"2926"	"C38FFEC5862597EE8F9DAC50385AF943EE312BFC394366BE08B2FC12563CA1A5"
"04_CODE\D_finale_CODE_AND_DOCS\07_M1-M8图表修订_20260806\04_pagtn\env\Lib\lib2to3\fixes\fix_raw_input.py"	"454"	"CE04CBAA76D414949AFC230360DD9A29FF579BD868CC7F8805230D126AC9CE9B"
"04_CODE\D_finale_CODE_AND_DOCS\07_M1-M8图表修订_20260806\04_pagtn\env\Lib\lib2to3\fixes\fix_reduce.py"	"837"	"9A03910A6C183586E1DB01863FCDE6417D06745FB3E63032333D71C5E82E7919"
"04_CODE\D_finale_CODE_AND_DOCS\07_M1-M8图表修订_20260806\04_pagtn\env\Lib\lib2to3\fixes\fix_reload.py"	"1081"	"17570148167E43B2155B6E1C814A3CCA9E3EF53750C504932A9C7D62A8B68A3F"
"04_CODE\D_finale_CODE_AND_DOCS\07_M1-M8图表修订_20260806\04_pagtn\env\Lib\lib2to3\fixes\fix_renames.py"	"2221"	"8B71472317BF3ADABF819E665C725D03E3064BAA45F6FFBFD78CCA83EAA46E8D"
"04_CODE\D_finale_CODE_AND_DOCS\07_M1-M8图表修订_20260806\04_pagtn\env\Lib\lib2to3\fixes\fix_repr.py"	"613"	"D16930B7EF8577747CFEF602ABA854C64CE85D4AE1E54A18A456EAA202643E3D"
"04_CODE\D_finale_CODE_AND_DOCS\07_M1-M8图表修订_20260806\04_pagtn\env\Lib\lib2to3\fixes\fix_set_literal.py"	"1697"	"33F2C0B6E16357E083C3A98877E7317ABE1578A44C288E5979C9D96FB5AA6727"
"04_CODE\D_finale_CODE_AND_DOCS\07_M1-M8图表修订_20260806\04_pagtn\env\Lib\lib2to3\fixes\fix_standarderror.py"	"449"	"CE7EB37BC7FB29AA138B1CEC6656AE8B4886CBFA700E119A1BB8484284CB717A"
"04_CODE\D_finale_CODE_AND_DOCS\07_M1-M8图表修订_20260806\04_pagtn\env\Lib\lib2to3\fixes\fix_sys_exc.py"	"1034"	"0143830586D09D702CA3EEAA8F86698E5FD18AF69FD28147E71A1A77600D356A"
"04_CODE\D_finale_CODE_AND_DOCS\07_M1-M8图表修订_20260806\04_pagtn\env\Lib\lib2to3\fixes\fix_throw.py"	"1582"	"FEC731ED523D5CDFA21893833B52B2844EABFD1549792C1C9F8CEAC2D0E8E901"
"04_CODE\D_finale_CODE_AND_DOCS\07_M1-M8图表修订_20260806\04_pagtn\env\Lib\lib2to3\fixes\fix_tuple_params.py"	"5565"	"F3307D4750D0657D9C42B857D5F37BDB5824F9358939DA7D16D13F61EB8ABC72"
"04_CODE\D_finale_CODE_AND_DOCS\07_M1-M8图表修订_20260806\04_pagtn\env\Lib\lib2to3\fixes\fix_types.py"	"1774"	"A0A133CFC78E82E1F71CE628408E7D10A38552BA3E3228EBD113838C1CE44484"
"04_CODE\D_finale_CODE_AND_DOCS\07_M1-M8图表修订_20260806\04_pagtn\env\Lib\lib2to3\fixes\fix_unicode.py"	"1256"	"01B2A9B1084B6A0424F27EEC488C761F75F053A409608EC36A9EE0EDE0D38097"
"04_CODE\D_finale_CODE_AND_DOCS\07_M1-M8图表修订_20260806\04_pagtn\env\Lib\lib2to3\fixes\fix_urllib.py"	"8367"	"3D1C04D976FF4D2841025A785AAAB0CC4EE06C9C9B4E09D1E2456949FA273856"
"04_CODE\D_finale_CODE_AND_DOCS\07_M1-M8图表修订_20260806\04_pagtn\env\Lib\lib2to3\fixes\fix_ws_comma.py"	"1090"	"5E7A16DAEC0B2619110516804BF90CAC459A4D0315198FD4EFF69C36C54378DD"
"04_CODE\D_finale_CODE_AND_DOCS\07_M1-M8图表修订_20260806\04_pagtn\env\Lib\lib2to3\fixes\fix_xrange.py"	"2694"	"60D8CE92DB6F399606D2E40A3C631BA566127E8CD637EBBF35B822672139CAB2"
"04_CODE\D_finale_CODE_AND_DOCS\07_M1-M8图表修订_20260806\04_pagtn\env\Lib\lib2to3\fixes\fix_xreadlines.py"	"689"	"E8C2F19F7047BFC7539FD78839929004D8FE0EFBA1FBCBD9D712D285E43834BA"
"04_CODE\D_finale_CODE_AND_DOCS\07_M1-M8图表修订_20260806\04_pagtn\env\Lib\lib2to3\fixes\fix_zip.py"	"1289"	"55CE115556C7513DD967364DC6A40C39210C874E8168CF090DDD6DC606DF34CB"
"04_CODE\D_finale_CODE_AND_DOCS\07_M1-M8图表修订_20260806\04_pagtn\env\Lib\lib2to3\main.py"	"11854"	"8F5DFA77B8C8B375DABA8BB88AAA195395674311E2513B29575A70821E3AA0B8"
"04_CODE\D_finale_CODE_AND_DOCS\07_M1-M8图表修订_20260806\04_pagtn\env\Lib\lib2to3\patcomp.py"	"7054"	"A033A3EB91A39F96747D4300AA3394965E529C71896CD6503DD27E6B685EEDE5"
"04_CODE\D_finale_CODE_AND_DOCS\07_M1-M8图表修订_20260806\04_pagtn\env\Lib\lib2to3\pgen2\__init__.py"	"143"	"858EB0F50533BD3BD16FE32815F77FABFED92EDE885070B6CB15827EC66EA500"
"04_CODE\D_finale_CODE_AND_DOCS\07_M1-M8图表修订_20260806\04_pagtn\env\Lib\lib2to3\pgen2\conv.py"	"9642"	"E2946A686C12E02248FAFB1A57E7514E0C22BDB2B4A66E644215C86FEDC37BFF"
"04_CODE\D_finale_CODE_AND_DOCS\07_M1-M8图表修订_20260806\04_pagtn\env\Lib\lib2to3\pgen2\driver.py"	"5969"	"57AF5E220CD6C6B75E8DEAD2CEA395EAD2297DD98E398AD705CA2BCE0E9E6594"
"04_CODE\D_finale_CODE_AND_DOCS\07_M1-M8图表修订_20260806\04_pagtn\env\Lib\lib2to3\pgen2\grammar.py"	"5552"	"4898D446D6AE73F7259A3F91839ECA1A3380670A9F378B80780707F714FAD17C"
"04_CODE\D_finale_CODE_AND_DOCS\07_M1-M8图表修订_20260806\04_pagtn\env\Lib\lib2to3\pgen2\literals.py"	"1635"	"84BC9D5387A2E20FAB844E530358571AFA39FA3FC0E8024270B5F7D8AC5A595A"
"04_CODE\D_finale_CODE_AND_DOCS\07_M1-M8图表修订_20260806\04_pagtn\env\Lib\lib2to3\pgen2\parse.py"	"8155"	"E245E005E524AB445A570DF31F70C6FD7B901EE3B0B68BD3BCF4B41B37FA7BB6"
"04_CODE\D_finale_CODE_AND_DOCS\07_M1-M8图表修订_20260806\04_pagtn\env\Lib\lib2to3\pgen2\pgen.py"	"13830"	"8FE2AC7E0303F0110D75832D746E6661FCD5373FA498D929163F557FD1027434"
"04_CODE\D_finale_CODE_AND_DOCS\07_M1-M8图表修订_20260806\04_pagtn\env\Lib\lib2to3\pgen2\token.py"	"1302"	"47C7F968E1E3BF66D53FB4A6A9FC848CDAE11D66D49BB70C7CF41961EA91F30C"
"04_CODE\D_finale_CODE_AND_DOCS\07_M1-M8图表修订_20260806\04_pagtn\env\Lib\lib2to3\pgen2\tokenize.py"	"21119"	"AAA0B98F6A65E08E9F8E34358198E329D29554A0D4B5F5059924A252EEB0F5C4"
"04_CODE\D_finale_CODE_AND_DOCS\07_M1-M8图表修订_20260806\04_pagtn\env\Lib\lib2to3\pygram.py"	"1305"	"B49D77876A9D1822FF6BE04DAF464341A8E4C0C3414240ABF519254DE2A97A48"
"04_CODE\D_finale_CODE_AND_DOCS\07_M1-M8图表修订_20260806\04_pagtn\env\Lib\lib2to3\pytree.py"	"27974"	"E53689352FB4FC83D85A09369650389EE01DB802AD872A8ABFC0BF6603EC38B9"
"04_CODE\D_finale_CODE_AND_DOCS\07_M1-M8图表修订_20260806\04_pagtn\env\Lib\lib2to3\refactor.py"	"27507"	"6E9A4262FB65CD4D277F009DF73FFA5748F5FE3B963D3C5395C160D5F88B089B"
"04_CODE\D_finale_CODE_AND_DOCS\07_M1-M8图表修订_20260806\04_pagtn\env\Lib\linecache.py"	"5649"	"C985113D9219C02950916E75090158BCCF44CACAC09014741B1C59B07968D111"
"04_CODE\D_finale_CODE_AND_DOCS\07_M1-M8图表修订_20260806\04_pagtn\env\Lib\locale.py"	"79095"	"AC828DF41B2FAC93BA3E66A2735216C98C0E1853B8DFB9B859E301FE64153FEB"
"04_CODE\D_finale_CODE_AND_DOCS\07_M1-M8图表修订_20260806\04_pagtn\env\Lib\logging\__init__.py"	"80677"	"FB2531D0C21738A13EB38093E22C5C7BB651C309DCC79FA444227CE841859C7F"
"04_CODE\D_finale_CODE_AND_DOCS\07_M1-M8图表修订_20260806\04_pagtn\env\Lib\logging\config.py"	"37001"	"B83AEAD25609A9D14BEB107005136C0DA8C6B930338E861E64BB2BC237BC34FE"
"04_CODE\D_finale_CODE_AND_DOCS\07_M1-M8图表修订_20260806\04_pagtn\env\Lib\logging\handlers.py"	"61920"	"2C452D744D1A5E40DC61737223FD7D19C96878505C7B50636FA988ADDC354AFA"
"04_CODE\D_finale_CODE_AND_DOCS\07_M1-M8图表修订_20260806\04_pagtn\env\Lib\lzma.py"	"13277"	"58FB9D2FDC8A8AF7B25E218F17EA3B51BDFA53BDF40F440AB33C605974CA5C2E"
"04_CODE\D_finale_CODE_AND_DOCS\07_M1-M8图表修订_20260806\04_pagtn\env\Lib\mailbox.py"	"78830"	"ACFDBA74CE626BABE25AD0AFF9255292F90FFDADD8DD47B40BA526DAA29E805B"
"04_CODE\D_finale_CODE_AND_DOCS\07_M1-M8图表修订_20260806\04_pagtn\env\Lib\mailcap.py"	"9369"	"B85ECCB4567C5C7652B08FE1308FD2337FC5F206D805FAAD908CB98E35B0EEB8"
"04_CODE\D_finale_CODE_AND_DOCS\07_M1-M8图表修订_20260806\04_pagtn\env\Lib\mimetypes.py"	"22962"	"C8604AF9340BEE72663B73109223E57ABC2D5E7511C94AD3E40F6533414734FC"
"04_CODE\D_finale_CODE_AND_DOCS\07_M1-M8图表修订_20260806\04_pagtn\env\Lib\modulefinder.py"	"23699"	"E07AB000C3698A7530AF2C52955AC8BB7647140D22DCA1C30F83443FAA191E0F"
"04_CODE\D_finale_CODE_AND_DOCS\07_M1-M8图表修订_20260806\04_pagtn\env\Lib\msilib\__init__.py"	"17655"	"D024165F8B2D90E2FB428348B2E9548DEA43F3539D4DBF91E752BDE5A4510C98"
"04_CODE\D_finale_CODE_AND_DOCS\07_M1-M8图表修订_20260806\04_pagtn\env\Lib\msilib\schema.py"	"81579"	"A7D6C1A4699A75BB88A8A012ADBB64142DC47ADCC31212C3C0E7AE092B4161AE"
"04_CODE\D_finale_CODE_AND_DOCS\07_M1-M8图表修订_20260806\04_pagtn\env\Lib\msilib\sequence.py"	"3929"	"A68438BACD41B60C5359B5C5EF32163249F69233292FA94ACD53535CB08CD65D"
"04_CODE\D_finale_CODE_AND_DOCS\07_M1-M8图表修订_20260806\04_pagtn\env\Lib\msilib\text.py"	"9018"	"FE5BC6023FC58E01E1C80FBE21304CCD6AADD8C384FE6AFEBED279C3D2925DE4"
"04_CODE\D_finale_CODE_AND_DOCS\07_M1-M8图表修订_20260806\04_pagtn\env\Lib\multiprocessing\__init__.py"	"916"	"A5A42976033C7D63EE2740ACCEEF949A3582DCB0E0442845F9717E1BE771C68B"
"04_CODE\D_finale_CODE_AND_DOCS\07_M1-M8图表修订_20260806\04_pagtn\env\Lib\multiprocessing\connection.py"	"32395"	"4FD122A7695FFA1429461E3E8F241CBAC6361DC9AEBF06BC94483545E3BF73D5"
"04_CODE\D_finale_CODE_AND_DOCS\07_M1-M8图表修订_20260806\04_pagtn\env\Lib\multiprocessing\context.py"	"11597"	"BD8628D1E140D933D40ED14B51009820C1B0B9B5B6C71971DF5FC761DA65BD08"
"04_CODE\D_finale_CODE_AND_DOCS\07_M1-M8图表修订_20260806\04_pagtn\env\Lib\multiprocessing\dummy\__init__.py"	"3061"	"9127A40EA0FF342CB414383B5E7C594A05BE2DD835FE246BD3BB0DC036A32A90"
"04_CODE\D_finale_CODE_AND_DOCS\07_M1-M8图表修订_20260806\04_pagtn\env\Lib\multiprocessing\dummy\connection.py"	"1598"	"D63DD1979FDE9C133EFE430EE870E6BA6DE43C0A0513866CE3CE475791FE57AB"
"04_CODE\D_finale_CODE_AND_DOCS\07_M1-M8图表修订_20260806\04_pagtn\env\Lib\multiprocessing\forkserver.py"	"12134"	"E99F0AA2E4DC41AF9D259F220C5EB2632E2ACE89B6851E712223BF2682016F29"
"04_CODE\D_finale_CODE_AND_DOCS\07_M1-M8图表修订_20260806\04_pagtn\env\Lib\multiprocessing\heap.py"	"11626"	"F6BB79BB99B9AE484935F0D68822E9603A1622DD0B6C4966C79DB232A93BA614"
"04_CODE\D_finale_CODE_AND_DOCS\07_M1-M8图表修订_20260806\04_pagtn\env\Lib\multiprocessing\managers.py"	"47684"	"7A67D8CCC2805E519917911ABB9913A3A9650F8E9623AC98D8EC8A289DBA69E2"
"04_CODE\D_finale_CODE_AND_DOCS\07_M1-M8图表修订_20260806\04_pagtn\env\Lib\multiprocessing\pool.py"	"32759"	"1539AD7E8AA4B8DF03778F1FE5381D928928C5837BE7172747BF07C3E6CB4A78"
"04_CODE\D_finale_CODE_AND_DOCS\07_M1-M8图表修订_20260806\04_pagtn\env\Lib\multiprocessing\popen_fork.py"	"2377"	"0A09DB57E7FAB7061C01A61778FEEA6E2B6BB02CCBC150332F2960B05258EF95"
"04_CODE\D_finale_CODE_AND_DOCS\07_M1-M8图表修订_20260806\04_pagtn\env\Lib\multiprocessing\popen_forkserver.py"	"2230"	"0588AD0E5A36718B4377DC2A2A97864A10986C25A33DC3BFED12595711B0CDAB"
"04_CODE\D_finale_CODE_AND_DOCS\07_M1-M8图表修订_20260806\04_pagtn\env\Lib\multiprocessing\popen_spawn_posix.py"	"2029"	"97B5D25AA479516894489877E6A7921252EE35F51E118C2F1F91F32919E7CAA8"
"04_CODE\D_finale_CODE_AND_DOCS\07_M1-M8图表修订_20260806\04_pagtn\env\Lib\multiprocessing\popen_spawn_win32.py"	"4515"	"6EF8EFD9CD4E99C64A6778F7AD0957E924DE9EB4AA167337ED121A2621B1FFAA"
"04_CODE\D_finale_CODE_AND_DOCS\07_M1-M8图表修订_20260806\04_pagtn\env\Lib\multiprocessing\process.py"	"12139"	"67F0C2A7A3A83C92DD024705BAC18619A2E123C9DF77C414BEB81035EA4A0E18"
"04_CODE\D_finale_CODE_AND_DOCS\07_M1-M8图表修订_20260806\04_pagtn\env\Lib\multiprocessing\queues.py"	"12023"	"C6A5E3D6918DE807074142EB4257746093CA78FFD897D828D559B7EA711C71A8"
"04_CODE\D_finale_CODE_AND_DOCS\07_M1-M8图表修订_20260806\04_pagtn\env\Lib\multiprocessing\reduction.py"	"9512"	"4999F8B9AE7B3E8A7F5DE302612B4131498DC2E238A2C47F894905C1C63294FE"
"04_CODE\D_finale_CODE_AND_DOCS\07_M1-M8图表修订_20260806\04_pagtn\env\Lib\multiprocessing\resource_sharer.py"	"5145"	"BBA3C7F2B76A9CF4E8CEB642801C405411DA95ADF91947D81B0043586038290E"
"04_CODE\D_finale_CODE_AND_DOCS\07_M1-M8图表修订_20260806\04_pagtn\env\Lib\multiprocessing\resource_tracker.py"	"10332"	"B0099F5E2285FE2462B77C47BBF29220B57C778741A34F386C10C1E9940884C8"
"04_CODE\D_finale_CODE_AND_DOCS\07_M1-M8图表修订_20260806\04_pagtn\env\Lib\multiprocessing\shared_memory.py"	"18458"	"51301E70710220E1C494FF5383AC94442A38A4A6622F2EB94E40128C45DE1AEB"
"04_CODE\D_finale_CODE_AND_DOCS\07_M1-M8图表修订_20260806\04_pagtn\env\Lib\multiprocessing\sharedctypes.py"	"6306"	"77EF522912474652490B7DF523112858E51721E63DCF109B8567A35CE9B31B0D"
"04_CODE\D_finale_CODE_AND_DOCS\07_M1-M8图表修订_20260806\04_pagtn\env\Lib\multiprocessing\spawn.py"	"9644"	"EBF9FA40EB622384C37690D8C78E7208744DF031155AB4CEEDAB0FC791A1669B"
"04_CODE\D_finale_CODE_AND_DOCS\07_M1-M8图表修订_20260806\04_pagtn\env\Lib\multiprocessing\synchronize.py"	"12285"	"9AFC08F6D99DEB0CEFCBE2F0302DADF3942114AA5564AFA0B41BC69F54D1ECAF"
"04_CODE\D_finale_CODE_AND_DOCS\07_M1-M8图表修订_20260806\04_pagtn\env\Lib\multiprocessing\util.py"	"14261"	"6752C4515EC69F82E9DF64E017DA490C3754E51D818C270EA1AD2D64E09268BE"
"04_CODE\D_finale_CODE_AND_DOCS\07_M1-M8图表修订_20260806\04_pagtn\env\Lib\netrc.py"	"6929"	"6394E8E650D04C26ED20B6058D5E93119F544EF1BD00AEFB942297D2E2F6C7E1"
"04_CODE\D_finale_CODE_AND_DOCS\07_M1-M8图表修订_20260806\04_pagtn\env\Lib\nntplib.py"	"41087"	"6A76A94B951B273AA87335D7C9C4D7273E4C59485C784B057F681443B32D9004"
"04_CODE\D_finale_CODE_AND_DOCS\07_M1-M8图表修订_20260806\04_pagtn\env\Lib\ntpath.py"	"28766"	"258E9F1FB694C4F73314FA5BF13EC03DB90F1B136549DE82B4E12AF7A98F38E2"
"04_CODE\D_finale_CODE_AND_DOCS\07_M1-M8图表修订_20260806\04_pagtn\env\Lib\nturl2path.py"	"2887"	"980982BA66CC403D17874369D2770E09845B3D49F1D4514E1C52E01518114332"
"04_CODE\D_finale_CODE_AND_DOCS\07_M1-M8图表修订_20260806\04_pagtn\env\Lib\numbers.py"	"10348"	"6D70991643A109E9C99E94D6EA2734A995FA8E89114A70EA09737413FA9AE292"
"04_CODE\D_finale_CODE_AND_DOCS\07_M1-M8图表修订_20260806\04_pagtn\env\Lib\opcode.py"	"10447"	"E6FC6DC49CED415D6EC285AAF1076148B8C4CB253D3A4D2384A7BAB994D394BF"
"04_CODE\D_finale_CODE_AND_DOCS\07_M1-M8图表修订_20260806\04_pagtn\env\Lib\operator.py"	"10965"	"B2AF20F67667203C1730E686CC5D0427BECC94DB4C97F1D3EFE3ED2158473F6A"
"04_CODE\D_finale_CODE_AND_DOCS\07_M1-M8图表修订_20260806\04_pagtn\env\Lib\optparse.py"	"60369"	"07D224301CBA312FA0697BFF9CD5A4BB4F778A90629632091B3F4AE874D89AF5"
"04_CODE\D_finale_CODE_AND_DOCS\07_M1-M8图表修订_20260806\04_pagtn\env\Lib\os.py"	"39530"	"8A5D4AC7B87C6C5B31FCB5081F7F7C06F8403A2FDB3EB23692C48933BAEB899E"
"04_CODE\D_finale_CODE_AND_DOCS\07_M1-M8图表修订_20260806\04_pagtn\env\Lib\pathlib.py"	"48566"	"3B21AC188FD9AC20BACC8CCD976FABD5D8CCF5000F8E157D3DFFF005B228FB3D"
"04_CODE\D_finale_CODE_AND_DOCS\07_M1-M8图表修订_20260806\04_pagtn\env\Lib\pdb.py"	"64173"	"BB1603E96C17A4C8C3266B0DF9FBCCA25565D492F0444E968CDBA045058E4F03"
"04_CODE\D_finale_CODE_AND_DOCS\07_M1-M8图表修订_20260806\04_pagtn\env\Lib\pickle.py"	"65132"	"227B9550B1491F5ED3BF7B444A97F91113D47A3BB0E82FB49DA24CBC255D407F"
"04_CODE\D_finale_CODE_AND_DOCS\07_M1-M8图表修订_20260806\04_pagtn\env\Lib\pickletools.py"	"93861"	"1D43B5D94C640F5FC7569A0CDA0ECB3B08E97CC1BA9C1907BA72BAC610903A3E"
"04_CODE\D_finale_CODE_AND_DOCS\07_M1-M8图表修订_20260806\04_pagtn\env\Lib\pipes.py"	"8978"	"153F2D249D954B5536C6A049202617FF43BA2F9B109C426E06676C577DDEDC61"
"04_CODE\D_finale_CODE_AND_DOCS\07_M1-M8图表修订_20260806\04_pagtn\env\Lib\pkgutil.py"	"24638"	"54E8463BC398757AEB01253996C0EF12E2BA8FEFDEF89DD2E54B15BD70669228"
"04_CODE\D_finale_CODE_AND_DOCS\07_M1-M8图表修订_20260806\04_pagtn\env\Lib\platform.py"	"43792"	"1FBF3610EBDD7E981C50459DD188B94A25544CA297086D25B4B5576AB9626A93"
"04_CODE\D_finale_CODE_AND_DOCS\07_M1-M8图表修订_20260806\04_pagtn\env\Lib\plistlib.py"	"28594"	"7B25F338CC4A4E600AD25B3C5B7BF54F0714DDC1AE7D5AA5A7BC77FF5F7C38D1"
"04_CODE\D_finale_CODE_AND_DOCS\07_M1-M8图表修订_20260806\04_pagtn\env\Lib\poplib.py"	"15198"	"7B341E6ADB4E4341B211A221A7224849EA415FC1E39C014B05AE7D9A566819F4"
"04_CODE\D_finale_CODE_AND_DOCS\07_M1-M8图表修订_20260806\04_pagtn\env\Lib\posixpath.py"	"17072"	"AA5C97446B9D11A3B6D5A5F949A814243BBDA8F2862D70BD9F18AD6961BB001C"
"04_CODE\D_finale_CODE_AND_DOCS\07_M1-M8图表修订_20260806\04_pagtn\env\Lib\pprint.py"	"24583"	"3A51D754E876047C9891C29817D979EDF4E717801AD283B2CFCF242CC196AD7E"
"04_CODE\D_finale_CODE_AND_DOCS\07_M1-M8图表修订_20260806\04_pagtn\env\Lib\profile.py"	"22883"	"4D87BDC8B85BF0A9BDEE3E9D975A8A1A0C7360CB264FB68C4C48A102E718E3A3"
"04_CODE\D_finale_CODE_AND_DOCS\07_M1-M8图表修订_20260806\04_pagtn\env\Lib\pstats.py"	"29356"	"D62D1E6A626EBD92187419BFE075A76997CCE26FE99DD4520786D4A82B6FF10C"
"04_CODE\D_finale_CODE_AND_DOCS\07_M1-M8图表修订_20260806\04_pagtn\env\Lib\pty.py"	"6317"	"0B153A3908429AE92056178405F8D44AD204282CBC188AC7AB5EA4BF3C4F65E0"
"04_CODE\D_finale_CODE_AND_DOCS\07_M1-M8图表修订_20260806\04_pagtn\env\Lib\py_compile.py"	"7837"	"3464F04938B57A7AAFBC5C394CCD4C46823EE607F7FE36B48B91ECBC30FF4E48"
"04_CODE\D_finale_CODE_AND_DOCS\07_M1-M8图表修订_20260806\04_pagtn\env\Lib\pyclbr.py"	"11396"	"E8CA09333701BA41244E20B8C2C37B7ED0499B88C4B2CA82CAC51EF89CA9E647"
"04_CODE\D_finale_CODE_AND_DOCS\07_M1-M8图表修订_20260806\04_pagtn\env\Lib\pydoc.py"	"112650"	"8EC708A846132F72B35184595C1A6498518F3EE63B10FC8244BE8F225F582E78"
"04_CODE\D_finale_CODE_AND_DOCS\07_M1-M8图表修订_20260806\04_pagtn\env\Lib\pydoc_data\__init__.py"	"0"	"E3B0C44298FC1C149AFBF4C8996FB92427AE41E4649B934CA495991B7852B855"
"04_CODE\D_finale_CODE_AND_DOCS\07_M1-M8图表修订_20260806\04_pagtn\env\Lib\pydoc_data\topics.py"	"775171"	"C883C85BCD1ED3544080937358DE2097CB0BA99AA44B5D1CA976BEBF6030CCBA"
"04_CODE\D_finale_CODE_AND_DOCS\07_M1-M8图表修订_20260806\04_pagtn\env\Lib\queue.py"	"11496"	"F6C37FC37CD7440979F7D22D40EE818FA3B714C573610C08FA52911D541193F0"
"04_CODE\D_finale_CODE_AND_DOCS\07_M1-M8图表修订_20260806\04_pagtn\env\Lib\quopri.py"	"7268"	"7070B61E5A582423A1BB405E3D23CB3E26C4FAAFCB142A8CBB88EC3F2D6104E9"
"04_CODE\D_finale_CODE_AND_DOCS\07_M1-M8图表修订_20260806\04_pagtn\env\Lib\random.py"	"32162"	"B931A2D452DB89AB9E1F79D59B66CE194DBD6748049CFE44699726DA52B9C956"
"04_CODE\D_finale_CODE_AND_DOCS\07_M1-M8图表修订_20260806\04_pagtn\env\Lib\re\__init__.py"	"15889"	"029EAD61F362489E9BB034F4C2503ABEE95462056541E9AD07715DE3C353B0DA"
"04_CODE\D_finale_CODE_AND_DOCS\07_M1-M8图表修订_20260806\04_pagtn\env\Lib\re\_casefix.py"	"5446"	"41572AC50CF96B04496E676D8A6708898BB8E752E06DAD34ED4C50C5D8F1FE40"
"04_CODE\D_finale_CODE_AND_DOCS\07_M1-M8图表修订_20260806\04_pagtn\env\Lib\re\_compiler.py"	"26089"	"C05067F8BFA4C13CBBF1EEDC4D5CAFC9B621BCB6EBC5771BA0518A18095AF15A"
"04_CODE\D_finale_CODE_AND_DOCS\07_M1-M8图表修订_20260806\04_pagtn\env\Lib\re\_constants.py"	"5930"	"3E4463DC8BA87C4A3563BE46D2D593E82CA9A0FB91768CFE5A07554ED3DE82C5"
"04_CODE\D_finale_CODE_AND_DOCS\07_M1-M8图表修订_20260806\04_pagtn\env\Lib\re\_parser.py"	"42420"	"4748E39C77D6DC14F81AF80E68A62AD99031A8182D5E0B219A6666D0CFB1626F"
"04_CODE\D_finale_CODE_AND_DOCS\07_M1-M8图表修订_20260806\04_pagtn\env\Lib\reprlib.py"	"5437"	"264433CC232332DB871666B3BB6E4C2CB97B092CB8D5056A45EC2E53DAEA2B1C"
"04_CODE\D_finale_CODE_AND_DOCS\07_M1-M8图表修订_20260806\04_pagtn\env\Lib\rlcompleter.py"	"7827"	"FEE9AD9C55529BE48329B78E982FBBA0201BD218326EAF80A87996C9F8C805BB"
"04_CODE\D_finale_CODE_AND_DOCS\07_M1-M8图表修订_20260806\04_pagtn\env\Lib\runpy.py"	"13159"	"F7AF4206D8CBB27FCE7731174B190EDD6569EC3FAD060A727D4BFCDE69DD965C"
"04_CODE\D_finale_CODE_AND_DOCS\07_M1-M8图表修订_20260806\04_pagtn\env\Lib\sched.py"	"6351"	"EDFB309483D7CB05E06AD86D1FDEB819629F71402DC6710A1BEC36C7AFCAAC50"
"04_CODE\D_finale_CODE_AND_DOCS\07_M1-M8图表修订_20260806\04_pagtn\env\Lib\secrets.py"	"2028"	"86893F2E4D33E8D02F8CC1D1DE7A436D395AE9C9D48FF3DC0225A9CCA1601759"
"04_CODE\D_finale_CODE_AND_DOCS\07_M1-M8图表修订_20260806\04_pagtn\env\Lib\selectors.py"	"19671"	"1EEB102373E18C96311203F30C516E785BD8642275AA0BD66E43A284C9692385"
"04_CODE\D_finale_CODE_AND_DOCS\07_M1-M8图表修订_20260806\04_pagtn\env\Lib\shelve.py"	"8560"	"B978C6F0FFA901B041D6518AFED03F2938A62168066013EE7D23BAAC31C356C0"
"04_CODE\D_finale_CODE_AND_DOCS\07_M1-M8图表修订_20260806\04_pagtn\env\Lib\shlex.py"	"13501"	"42AB6060F316E121E374E6621D8C1C98B8DB323903C3DF289A810C45A8AE46A7"
"04_CODE\D_finale_CODE_AND_DOCS\07_M1-M8图表修订_20260806\04_pagtn\env\Lib\shutil.py"	"56517"	"AA2C11B95294111EDDDFEB02F9082EC7C4C21060D87F6857364B5BB95FB94E09"
"04_CODE\D_finale_CODE_AND_DOCS\07_M1-M8图表修订_20260806\04_pagtn\env\Lib\signal.py"	"2495"	"0363C964C90AC0B3E515DE5749205E6E6454051A1211058375D84D91EAB6071A"
"04_CODE\D_finale_CODE_AND_DOCS\07_M1-M8图表修订_20260806\04_pagtn\env\Lib\site.py"	"22987"	"0577E4B379D8EF4AA0ECF88A264EF18C10F72EA72119AFAE36524D1AAE77C9BF"
"04_CODE\D_finale_CODE_AND_DOCS\07_M1-M8图表修订_20260806\04_pagtn\env\Lib\smtpd.py"	"31162"	"EF3420607DC3F2D9D7BF5238D1865942036EBB8E37C7C9A3AD8663043565A1DA"
"04_CODE\D_finale_CODE_AND_DOCS\07_M1-M8图表修订_20260806\04_pagtn\env\Lib\smtplib.py"	"45418"	"B154E27998D0EF0B32FCC665299CDB30883FFE039EDE3C4FAAC3A9DB6618D35D"
"04_CODE\D_finale_CODE_AND_DOCS\07_M1-M8图表修订_20260806\04_pagtn\env\Lib\sndhdr.py"	"7448"	"D1CB49F6545EF831A69322275EF26F6CA6964953E70D81A8A80FCCA8D600FFC0"
"04_CODE\D_finale_CODE_AND_DOCS\07_M1-M8图表修订_20260806\04_pagtn\env\Lib\socket.py"	"37557"	"64360E73E3DB69396D45D5EE256E8306B3653212AB96AE4A130070488CDDBB30"
"04_CODE\D_finale_CODE_AND_DOCS\07_M1-M8图表修订_20260806\04_pagtn\env\Lib\socketserver.py"	"27586"	"A1402DF8627949D0B72591E742795FCD48F911172610D4E3C2F16BD7DCAE8128"
"04_CODE\D_finale_CODE_AND_DOCS\07_M1-M8图表修订_20260806\04_pagtn\env\Lib\sqlite3\__init__.py"	"2536"	"29878411A7BCEFCD56A3751FE689DEA2C99BDA75A13A485D78898834A323F0C0"
"04_CODE\D_finale_CODE_AND_DOCS\07_M1-M8图表修订_20260806\04_pagtn\env\Lib\sqlite3\dbapi2.py"	"3305"	"E49882F895BBBDAD7E5AF6A9079EDFFAAE9B82BBA3FD664281ACB607DB56C346"
"04_CODE\D_finale_CODE_AND_DOCS\07_M1-M8图表修订_20260806\04_pagtn\env\Lib\sqlite3\dump.py"	"3471"	"7B23E13D844D448F6B34FA8B051CEC57C9A2C37A94EAE96C57B03233B64457D8"
"04_CODE\D_finale_CODE_AND_DOCS\07_M1-M8图表修订_20260806\04_pagtn\env\Lib\sre_compile.py"	"231"	"F7FD87F8AC9DAD7D1387E2401761EC05806C5108201A6D1EDE6AB2F481F6DF54"
"04_CODE\D_finale_CODE_AND_DOCS\07_M1-M8图表修订_20260806\04_pagtn\env\Lib\sre_constants.py"	"232"	"87013DC0B349C2C044100F70A8DAA9D713E60A527E26F6AB8EE1FC978A6D3234"
"04_CODE\D_finale_CODE_AND_DOCS\07_M1-M8图表修订_20260806\04_pagtn\env\Lib\sre_parse.py"	"229"	"C4929134532306081918F185C99305C6F55213BC16B32F8C259BC60F7F81E810"
"04_CODE\D_finale_CODE_AND_DOCS\07_M1-M8图表修订_20260806\04_pagtn\env\Lib\ssl.py"	"54305"	"5C9B4DAA3D54E9941978C75076A6D0C60BE3324A7BCDA5B54B5FDF33E1D156D6"
"04_CODE\D_finale_CODE_AND_DOCS\07_M1-M8图表修订_20260806\04_pagtn\env\Lib\stat.py"	"5485"	"052AF0327EAE6941B69B05C088B3E748F79995635F80AC4CC7125EB333EB4C77"
"04_CODE\D_finale_CODE_AND_DOCS\07_M1-M8图表修订_20260806\04_pagtn\env\Lib\statistics.py"	"47705"	"889A066F1B8063E73387CEB84018EFC507A89B365B56C6AFB9CC15B2ED25C2D9"
"04_CODE\D_finale_CODE_AND_DOCS\07_M1-M8图表修订_20260806\04_pagtn\env\Lib\string.py"	"11786"	"24AEAE1F0526250F442022022BF98DF9A823B1CB330543EE79E70E44907462E9"
"04_CODE\D_finale_CODE_AND_DOCS\07_M1-M8图表修订_20260806\04_pagtn\env\Lib\stringprep.py"	"12917"	"60B6C83581093029312EFB6670B11C540090B3F78BCF72264467B494F02F21A5"
"04_CODE\D_finale_CODE_AND_DOCS\07_M1-M8图表修订_20260806\04_pagtn\env\Lib\struct.py"	"257"	"9C231F9497CAF513A22DEE8F790B07F969B0E45854A0BDD6DD84B492E08C2856"
"04_CODE\D_finale_CODE_AND_DOCS\07_M1-M8图表修订_20260806\04_pagtn\env\Lib\subprocess.py"	"88725"	"BAA9F9138D8D20DF6284F67E7D2E790F847F65E2C5370DE322D54CCCD737F2D9"
"04_CODE\D_finale_CODE_AND_DOCS\07_M1-M8图表修订_20260806\04_pagtn\env\Lib\sunau.py"	"18480"	"D1ED39EAFFF3B238071B2708059AFCFFA8CA58F2EADFCDC085E7A459C36275EE"
"04_CODE\D_finale_CODE_AND_DOCS\07_M1-M8图表修订_20260806\04_pagtn\env\Lib\symtable.py"	"10368"	"CE90D8E945776674B15302527E3D56D053276356CECC373EEB4E558623240B0C"
"04_CODE\D_finale_CODE_AND_DOCS\07_M1-M8图表修订_20260806\04_pagtn\env\Lib\sysconfig.py"	"30395"	"89F95941AAC4069D0C811ACD9042F78AB09CF79797194059D463F1BB3141B97E"
"04_CODE\D_finale_CODE_AND_DOCS\07_M1-M8图表修订_20260806\04_pagtn\env\Lib\tabnanny.py"	"11299"	"73BC1829F10634726DB7A22F1CB5C06F76802D54CD7EDBA0ECFF145156CAA2F8"
"04_CODE\D_finale_CODE_AND_DOCS\07_M1-M8图表修订_20260806\04_pagtn\env\Lib\tarfile.py"	"111943"	"8D54813FE9EDE7FCEF47AFF61D26976EAC7512A41873D36AC2FA1B610A0FD835"
"04_CODE\D_finale_CODE_AND_DOCS\07_M1-M8图表修订_20260806\04_pagtn\env\Lib\telnetlib.py"	"23301"	"1984CEBFB50180759CA075B0EA340D3624500DC22FAB524A4DBF57C18BB548CA"
"04_CODE\D_finale_CODE_AND_DOCS\07_M1-M8图表修订_20260806\04_pagtn\env\Lib\tempfile.py"	"31873"	"EA4B01B1DFD4AB1F3974A98C216879770A4F7DB060BF233A48E3A4223487C836"
"04_CODE\D_finale_CODE_AND_DOCS\07_M1-M8图表修订_20260806\04_pagtn\env\Lib\test\__init__.py"	"47"	"836CDB388117CF81E78D9FA2A141CCA1B14B0179733322E710067749A1B16FE9"
"04_CODE\D_finale_CODE_AND_DOCS\07_M1-M8图表修订_20260806\04_pagtn\env\Lib\test\support\__init__.py"	"76208"	"1AEB789756647C5EF96567632A39F059930313A3ADCC3ED211294E1725454014"
"04_CODE\D_finale_CODE_AND_DOCS\07_M1-M8图表修订_20260806\04_pagtn\env\Lib\test\support\bytecode_helper.py"	"1647"	"8ADF3D7F67B83B0EB473E070655421B57627B820E42119886DB4345D665B087E"
"04_CODE\D_finale_CODE_AND_DOCS\07_M1-M8图表修订_20260806\04_pagtn\env\Lib\test\support\hashlib_helper.py"	"1907"	"19924C427E33C86284EF2A41F76AB6937AB36F12E3D1EF4E617CDBF616A8FC12"
"04_CODE\D_finale_CODE_AND_DOCS\07_M1-M8图表修订_20260806\04_pagtn\env\Lib\test\support\import_helper.py"	"10082"	"529D6A1E517D89E4270308D8FDF3A44058F23249E82FC0B305DA8844C0BC13A4"
"04_CODE\D_finale_CODE_AND_DOCS\07_M1-M8图表修订_20260806\04_pagtn\env\Lib\test\support\interpreters.py"	"5829"	"D77D05CEA8A58266C831522EA230300068F0EFE734AD07DEE4E0CF3CF0E014C4"
"04_CODE\D_finale_CODE_AND_DOCS\07_M1-M8图表修订_20260806\04_pagtn\env\Lib\test\support\logging_helper.py"	"916"	"BE1927E654180FCF6D84257BE161FE6FA59796774E862C89B6B78ADB656738F3"
"04_CODE\D_finale_CODE_AND_DOCS\07_M1-M8图表修订_20260806\04_pagtn\env\Lib\test\support\os_helper.py"	"22855"	"759D942C6377C91B2197A341A759536005F980D07C187AF9F9356146E92FCF13"
"04_CODE\D_finale_CODE_AND_DOCS\07_M1-M8图表修订_20260806\04_pagtn\env\Lib\test\support\pty_helper.py"	"3052"	"D724296E344278CE3FFB39962C5761DD04B19E987F8068A09FFF02CAB7418CC2"
"04_CODE\D_finale_CODE_AND_DOCS\07_M1-M8图表修订_20260806\04_pagtn\env\Lib\test\support\script_helper.py"	"11719"	"65A4DC19FFB84E91400A7E3C6E51A58CED9F998270703FB8F9FC96DAAA0C5740"
"04_CODE\D_finale_CODE_AND_DOCS\07_M1-M8图表修订_20260806\04_pagtn\env\Lib\test\support\socket_helper.py"	"13419"	"BAB758812667FFFAF509E57D0758640FB91693850D1B413390E878FF5E003F3A"
"04_CODE\D_finale_CODE_AND_DOCS\07_M1-M8图表修订_20260806\04_pagtn\env\Lib\test\support\threading_helper.py"	"7882"	"A742CFF6379B4F9786E8F0A081C4AB5CBAF8090F9024999447209257C92A8995"
"04_CODE\D_finale_CODE_AND_DOCS\07_M1-M8图表修订_20260806\04_pagtn\env\Lib\test\support\warnings_helper.py"	"6853"	"515C10201568A2FCB868D1C34FFE9D7F04E3F617A2CB61D587167359A83B09EC"
"04_CODE\D_finale_CODE_AND_DOCS\07_M1-M8图表修订_20260806\04_pagtn\env\Lib\textwrap.py"	"19718"	"62867E40CDEA6669B361F72AF4D7DAF0359F207C92CBEDDFC7C7506397C1F31C"
"04_CODE\D_finale_CODE_AND_DOCS\07_M1-M8图表修订_20260806\04_pagtn\env\Lib\this.py"	"1003"	"481D0CB3DE511EAE0B5713DAD18542B07EAFD9C013BB7690F7497BAD49923A71"
"04_CODE\D_finale_CODE_AND_DOCS\07_M1-M8图表修订_20260806\04_pagtn\env\Lib\threading.py"	"58231"	"F8B8D9EBD040E1373D76E73C23C683F7C7C204ADD96BF9D8D9C21AC751CF5252"
"04_CODE\D_finale_CODE_AND_DOCS\07_M1-M8图表修订_20260806\04_pagtn\env\Lib\timeit.py"	"13519"	"E6414BBC158AD2007FC17F892EC49CCA67CBB6D4F90920F4267DDEB19F032A03"
"04_CODE\D_finale_CODE_AND_DOCS\07_M1-M8图表修订_20260806\04_pagtn\env\Lib\tkinter\__init__.py"	"172803"	"EC29262D0002430FA0062EF44E51CFF02A2C2F74744B6E6B910471E5E3178DCC"
"04_CODE\D_finale_CODE_AND_DOCS\07_M1-M8图表修订_20260806\04_pagtn\env\Lib\tkinter\__main__.py"	"148"	"9738A6CB9CDD8139721DD82118BD527897DB5325D807222883F70FB1C5A1C27E"
"04_CODE\D_finale_CODE_AND_DOCS\07_M1-M8图表修订_20260806\04_pagtn\env\Lib\tkinter\colorchooser.py"	"2660"	"1224241DCFB4EC6AFF3CAFC66ADEB2B2A3759397A28693173915458C50040143"
"04_CODE\D_finale_CODE_AND_DOCS\07_M1-M8图表修订_20260806\04_pagtn\env\Lib\tkinter\commondialog.py"	"1296"	"82DD1551F85ACE68AC465F54B89C4D71BD21E3C0478D65DEB1B5E4E07F5111D6"
"04_CODE\D_finale_CODE_AND_DOCS\07_M1-M8图表修订_20260806\04_pagtn\env\Lib\tkinter\constants.py"	"1493"	"C01314DC51D1C8EFFEBA2528720A65DA133596D4143200C68595C02067BF1DA2"
"04_CODE\D_finale_CODE_AND_DOCS\07_M1-M8图表修订_20260806\04_pagtn\env\Lib\tkinter\dialog.py"	"1535"	"4F8201D3ADA7B6D0F450B417E55747ADAEE5F894412C4875169B0736A5FF0FAA"
"04_CODE\D_finale_CODE_AND_DOCS\07_M1-M8图表修订_20260806\04_pagtn\env\Lib\tkinter\dnd.py"	"11644"	"542B804B243B502B5525A8B1F04A02A120B1DB4E3599F5C7865E60693ED3672A"
"04_CODE\D_finale_CODE_AND_DOCS\07_M1-M8图表修订_20260806\04_pagtn\env\Lib\tkinter\filedialog.py"	"14947"	"77A7A130572C2F0351F1F0DEC0DB4E7AC9E71970B74DFCB6C2D93B66DA869DF6"
"04_CODE\D_finale_CODE_AND_DOCS\07_M1-M8图表修订_20260806\04_pagtn\env\Lib\tkinter\font.py"	"7000"	"A73482BADACC4A69FF7FAE9445793A4D858212FDEF103360A478BBFD6ED2F496"
"04_CODE\D_finale_CODE_AND_DOCS\07_M1-M8图表修订_20260806\04_pagtn\env\Lib\tkinter\messagebox.py"	"3861"	"CDBF655C66778A19F0E25754A5F198A850C8BD958CE651E8FE4B2B52AD7F9C63"
"04_CODE\D_finale_CODE_AND_DOCS\07_M1-M8图表修订_20260806\04_pagtn\env\Lib\tkinter\scrolledtext.py"	"1816"	"C7CC050EC9CC3CC6A47215B5BC79B2D3E5C6ED895A4300AB0E20F6C249385E3F"
"04_CODE\D_finale_CODE_AND_DOCS\07_M1-M8图表修订_20260806\04_pagtn\env\Lib\tkinter\simpledialog.py"	"11753"	"63349AE75F9D74A49376F3375E38E5059C9424B918BFD2C67CF45EC70DCF3EAC"
"04_CODE\D_finale_CODE_AND_DOCS\07_M1-M8图表修订_20260806\04_pagtn\env\Lib\tkinter\test\__init__.py"	"0"	"E3B0C44298FC1C149AFBF4C8996FB92427AE41E4649B934CA495991B7852B855"
"04_CODE\D_finale_CODE_AND_DOCS\07_M1-M8图表修订_20260806\04_pagtn\env\Lib\tkinter\test\support.py"	"4188"	"BE6B77832AEB4FF875C11048E56E59B2F305FE339E09A6F51C75C855F5447885"
"04_CODE\D_finale_CODE_AND_DOCS\07_M1-M8图表修订_20260806\04_pagtn\env\Lib\tkinter\test\test_tkinter\__init__.py"	"0"	"E3B0C44298FC1C149AFBF4C8996FB92427AE41E4649B934CA495991B7852B855"
"04_CODE\D_finale_CODE_AND_DOCS\07_M1-M8图表修订_20260806\04_pagtn\env\Lib\tkinter\test\test_tkinter\test_colorchooser.py"	"2202"	"0813CA40826B08A639AE45B6990D7AD7C4125B062B5DF801599EEA0E649D2D4D"
"04_CODE\D_finale_CODE_AND_DOCS\07_M1-M8图表修订_20260806\04_pagtn\env\Lib\tkinter\test\test_tkinter\test_font.py"	"5974"	"83BC52F81BF3B4059756A7339523C45809675709E311F96BB569C71CC9803B8D"
"04_CODE\D_finale_CODE_AND_DOCS\07_M1-M8图表修订_20260806\04_pagtn\env\Lib\tkinter\test\test_tkinter\test_geometry_managers.py"	"40711"	"EAE724352399E373A81F57182C12A8D03C05D81A8C41F9BC6FE2F58258354EDE"
"04_CODE\D_finale_CODE_AND_DOCS\07_M1-M8图表修订_20260806\04_pagtn\env\Lib\tkinter\test\test_tkinter\test_images.py"	"16404"	"3573E3514421A59D359EC9A25BD0203C430B1EA52AC6C54A1069B606E958F9E7"
"04_CODE\D_finale_CODE_AND_DOCS\07_M1-M8图表修订_20260806\04_pagtn\env\Lib\tkinter\test\test_tkinter\test_loadtk.py"	"1486"	"A43F90E11F43E7BC7EB918DE31DC2CD3F2F0767B151190F023AE47D26479BFE7"
"04_CODE\D_finale_CODE_AND_DOCS\07_M1-M8图表修订_20260806\04_pagtn\env\Lib\tkinter\test\test_tkinter\test_messagebox.py"	"1125"	"666707900BFACF01E2DE2E8BA0C496E360A8A93C961D9C36FFED7B5922C558EE"
"04_CODE\D_finale_CODE_AND_DOCS\07_M1-M8图表修订_20260806\04_pagtn\env\Lib\tkinter\test\test_tkinter\test_misc.py"	"30752"	"0F20A886CDF57B72494458A941E6DA3C72F7898F1B27B00EB3AF1DC989AB1C8B"
"04_CODE\D_finale_CODE_AND_DOCS\07_M1-M8图表修订_20260806\04_pagtn\env\Lib\tkinter\test\test_tkinter\test_simpledialog.py"	"1009"	"7974AD2AA7122794A6ED0006F92B1E63F2A8242C7C202BBF3A39CBBAEE447405"
"04_CODE\D_finale_CODE_AND_DOCS\07_M1-M8图表修订_20260806\04_pagtn\env\Lib\tkinter\test\test_tkinter\test_text.py"	"4318"	"0CD15898D5B81701C50963FCD51EB821700F29CF4A10EC7AD637E6279598E212"
"04_CODE\D_finale_CODE_AND_DOCS\07_M1-M8图表修订_20260806\04_pagtn\env\Lib\tkinter\test\test_tkinter\test_variables.py"	"10801"	"267EE87E14E5E30F904843E06F75915B4814A74077669968124E76AB80C614F9"
"04_CODE\D_finale_CODE_AND_DOCS\07_M1-M8图表修订_20260806\04_pagtn\env\Lib\tkinter\test\test_tkinter\test_widgets.py"	"59494"	"85132043E7148A7139C3755E31EE93C20D35A59EF5EA2DED835915A6738CD981"
"04_CODE\D_finale_CODE_AND_DOCS\07_M1-M8图表修订_20260806\04_pagtn\env\Lib\tkinter\test\test_ttk\__init__.py"	"0"	"E3B0C44298FC1C149AFBF4C8996FB92427AE41E4649B934CA495991B7852B855"
"04_CODE\D_finale_CODE_AND_DOCS\07_M1-M8图表修订_20260806\04_pagtn\env\Lib\tkinter\test\test_ttk\test_extensions.py"	"11940"	"BF7ADE2AB960FC224EEE5B58567C2A16025FD1AB1D3E85A697C2C00F50F0ED84"
"04_CODE\D_finale_CODE_AND_DOCS\07_M1-M8图表修订_20260806\04_pagtn\env\Lib\tkinter\test\test_ttk\test_style.py"	"14969"	"40512E7B0F4C6400E62DC1399A521E815F015567222C29446CAA93A390EB0544"
"04_CODE\D_finale_CODE_AND_DOCS\07_M1-M8图表修订_20260806\04_pagtn\env\Lib\tkinter\test\test_ttk\test_widgets.py"	"70170"	"2B18E4D34F7244A438725E54CF6CBAAEA041B39BDE9C89FAE4A558B491605947"
"04_CODE\D_finale_CODE_AND_DOCS\07_M1-M8图表修订_20260806\04_pagtn\env\Lib\tkinter\test\widget_tests.py"	"19760"	"59E074D0909AC002BEB06CAABF80FAF661657FCF985D5BC3664BD8F8E4F14573"
"04_CODE\D_finale_CODE_AND_DOCS\07_M1-M8图表修订_20260806\04_pagtn\env\Lib\tkinter\tix.py"	"77032"	"5D7A11093A1F6510DE786B0E9D67902AB33A57F637CD8F5E2603CF6C5C609A18"
"04_CODE\D_finale_CODE_AND_DOCS\07_M1-M8图表修订_20260806\04_pagtn\env\Lib\tkinter\ttk.py"	"56242"	"9E10F6F4434357958DC813AE4D9128D36D51F7BF9193EBC3F1EA049176A8B5AD"
"04_CODE\D_finale_CODE_AND_DOCS\07_M1-M8图表修订_20260806\04_pagtn\env\Lib\token.py"	"2386"	"2CABB6A81CAFA84B475FC852C20B6BAD45955EC0F88063720A831495215F776B"
"04_CODE\D_finale_CODE_AND_DOCS\07_M1-M8图表修订_20260806\04_pagtn\env\Lib\tokenize.py"	"26336"	"79AA94EBE1761811EA9B2DA2ADA409A8CB9ABD7C6EAC241D0C181A36684BB609"
"04_CODE\D_finale_CODE_AND_DOCS\07_M1-M8图表修订_20260806\04_pagtn\env\Lib\tomllib\__init__.py"	"308"	"71F67036895F4C5ACAB942618AF0CBD3D814451BA61E967F358D0F341A5B8F51"
"04_CODE\D_finale_CODE_AND_DOCS\07_M1-M8图表修订_20260806\04_pagtn\env\Lib\tomllib\_parser.py"	"22631"	"4579B04A7566452304781CCCE37D3EBC1C36E810B058BDB1F33C0E51DDAB0397"
"04_CODE\D_finale_CODE_AND_DOCS\07_M1-M8图表修订_20260806\04_pagtn\env\Lib\tomllib\_re.py"	"2943"	"75B8E0E428594F6DCA6BDCFD0C73977DDB52A4FC147DD80C5E78FC34EA25CBEC"
"04_CODE\D_finale_CODE_AND_DOCS\07_M1-M8图表修订_20260806\04_pagtn\env\Lib\tomllib\_types.py"	"254"	"F864C6D9552A929C7032ACE654EE05EF26CA75D21B027B801D77E65907138B74"
"04_CODE\D_finale_CODE_AND_DOCS\07_M1-M8图表修订_20260806\04_pagtn\env\Lib\trace.py"	"29182"	"DD08F8DC9ADFD264E52ADAF319BE22246E59F2B3A9C2B6FD8CFD62BC915BE639"
"04_CODE\D_finale_CODE_AND_DOCS\07_M1-M8图表修订_20260806\04_pagtn\env\Lib\traceback.py"	"40547"	"C40D394AAD6A3456D6B62385732A7D6272FB3444E9FA388710EFEFE75070201D"
"04_CODE\D_finale_CODE_AND_DOCS\07_M1-M8图表修订_20260806\04_pagtn\env\Lib\tracemalloc.py"	"18047"	"C2CC84A05B824DF79840C98729A0E94EF8909B11C528A1B2C5A00AA436B97B25"
"04_CODE\D_finale_CODE_AND_DOCS\07_M1-M8图表修订_20260806\04_pagtn\env\Lib\tty.py"	"879"	"066A541E6D38EAD952D63CC32AFBAC51A33ACF354799F235C582EAB17488105D"
"04_CODE\D_finale_CODE_AND_DOCS\07_M1-M8图表修订_20260806\04_pagtn\env\Lib\turtle.py"	"144360"	"787AF385D6D4417AAC8B686E8D5F49CE4AFD7D1D09BDE685BB378ED6ECC4FB7D"
"04_CODE\D_finale_CODE_AND_DOCS\07_M1-M8图表修订_20260806\04_pagtn\env\Lib\turtledemo\__init__.py"	"314"	"5F465277C96C107A5AF544B0A962561F97CB0BFD75906D9BF9741450ED02B0E1"
"04_CODE\D_finale_CODE_AND_DOCS\07_M1-M8图表修订_20260806\04_pagtn\env\Lib\turtledemo\__main__.py"	"15285"	"6620F0AF34BE5E144CF5097F120B3C9E457BE5389B8B35C7AAE2E88495486AEE"
"04_CODE\D_finale_CODE_AND_DOCS\07_M1-M8图表修订_20260806\04_pagtn\env\Lib\turtledemo\bytedesign.py"	"4248"	"6DEEEE99E0DDB4ED29A648F95D4D33E9F3292C21DBECEC301337C22A605A280F"
"04_CODE\D_finale_CODE_AND_DOCS\07_M1-M8图表修订_20260806\04_pagtn\env\Lib\turtledemo\chaos.py"	"951"	"BC8A3A9B77E90446FB7060FF68EE008FFD6B23B366052207EC225CC163B4DAE5"
"04_CODE\D_finale_CODE_AND_DOCS\07_M1-M8图表修订_20260806\04_pagtn\env\Lib\turtledemo\clock.py"	"3180"	"8728B6E1F7E81E8C9FBC5797588D1766E6BE15D353E0F29C38F3E75D28084FCD"
"04_CODE\D_finale_CODE_AND_DOCS\07_M1-M8图表修订_20260806\04_pagtn\env\Lib\turtledemo\colormixer.py"	"1339"	"BBB065830EDB37FD53B1C004118853176FD8DA32EE532CB0D363960880920374"
"04_CODE\D_finale_CODE_AND_DOCS\07_M1-M8图表修订_20260806\04_pagtn\env\Lib\turtledemo\forest.py"	"2966"	"68CD81B7DA35CA49D9066CC2CBA24768CDDBF90797DBD619A559CF899CDE926B"
"04_CODE\D_finale_CODE_AND_DOCS\07_M1-M8图表修订_20260806\04_pagtn\env\Lib\turtledemo\fractalcurves.py"	"3473"	"29FADF34C5EABDA4649848D052FA2ED3AE829E55BC3AC5933F2AEDF3FB04B320"
"04_CODE\D_finale_CODE_AND_DOCS\07_M1-M8图表修订_20260806\04_pagtn\env\Lib\turtledemo\lindenmayer.py"	"2434"	"4B597F52C1CB35AE8ED540D1DB2DAB52276C7874FEBD7A659EE50F26BE26F61E"
"04_CODE\D_finale_CODE_AND_DOCS\07_M1-M8图表修订_20260806\04_pagtn\env\Lib\turtledemo\minimal_hanoi.py"	"2051"	"0E458A6257FB5A4ECD2785962850FA87924B23D4EAD8AEBB70AAB38904FF8EF5"
"04_CODE\D_finale_CODE_AND_DOCS\07_M1-M8图表修订_20260806\04_pagtn\env\Lib\turtledemo\nim.py"	"6513"	"939D1EE904A7B00579BB44719B0286E7524BF560C7FFFF6D482064B41B09FDB3"
"04_CODE\D_finale_CODE_AND_DOCS\07_M1-M8图表修订_20260806\04_pagtn\env\Lib\turtledemo\paint.py"	"1291"	"81AA22D0DA1D934CB47EDFEF1883F9FE8EF864C56D484F79F9EC4B46457D047E"
"04_CODE\D_finale_CODE_AND_DOCS\07_M1-M8图表修订_20260806\04_pagtn\env\Lib\turtledemo\peace.py"	"1066"	"B260B857164684B3065AD760FEC0245AB6505C220814FB179A3D080F2BBA0814"
"04_CODE\D_finale_CODE_AND_DOCS\07_M1-M8图表修订_20260806\04_pagtn\env\Lib\turtledemo\penrose.py"	"3380"	"14AEB10DB966BFD4EC923A19EB96892EB2AA2723C0962C0824FE2CA9F30E300A"
"04_CODE\D_finale_CODE_AND_DOCS\07_M1-M8图表修订_20260806\04_pagtn\env\Lib\turtledemo\planet_and_moon.py"	"2825"	"CD2C5344B67DBE781CF4C7F0F1EB1B97E6D8A5BF50329BDAA4E42E7D390EA609"
"04_CODE\D_finale_CODE_AND_DOCS\07_M1-M8图表修订_20260806\04_pagtn\env\Lib\turtledemo\rosette.py"	"1361"	"61DFD5BB932CC5A0C3BB9CAA8ED74889A19A8D3EE3CB6707EA8F63595EC350B0"
"04_CODE\D_finale_CODE_AND_DOCS\07_M1-M8图表修订_20260806\04_pagtn\env\Lib\turtledemo\round_dance.py"	"1804"	"4ECAAC02E68F11EC1A406A6CE8A4B17E4F8AF74F76157E0776360D0DD041F276"
"04_CODE\D_finale_CODE_AND_DOCS\07_M1-M8图表修订_20260806\04_pagtn\env\Lib\turtledemo\sorting_animate.py"	"5052"	"A82A7608D3620CD8A956D3335BDDBC2E30320486645DE5D2EC26F481B0A74254"
"04_CODE\D_finale_CODE_AND_DOCS\07_M1-M8图表修订_20260806\04_pagtn\env\Lib\turtledemo\tree.py"	"1401"	"3318448046C83C176F95A97C33B5CD82E0076BEE038D72810BEF3DAC1085E590"
"04_CODE\D_finale_CODE_AND_DOCS\07_M1-M8图表修订_20260806\04_pagtn\env\Lib\turtledemo\two_canvases.py"	"1119"	"3300593114FB9286AF9360CC9D871A40E5DCBEA4AEDC24B832607D1DD71C7B96"
"04_CODE\D_finale_CODE_AND_DOCS\07_M1-M8图表修订_20260806\04_pagtn\env\Lib\turtledemo\yinyang.py"	"821"	"0737A80B939AAFCF3D8A1BF60B63E781979C749337D02B6C216680893F9FFFC5"
"04_CODE\D_finale_CODE_AND_DOCS\07_M1-M8图表修订_20260806\04_pagtn\env\Lib\types.py"	"10067"	"0C08FBB650C37535A7D8361FC12029E3F4C72A418CF564E8779DAE14B979E5BA"
"04_CODE\D_finale_CODE_AND_DOCS\07_M1-M8图表修订_20260806\04_pagtn\env\Lib\typing.py"	"120951"	"EFF3DF4F1D65E13D690B8F427CADA4DD3B88431DD1E7F319FDA1BD0062113203"
"04_CODE\D_finale_CODE_AND_DOCS\07_M1-M8图表修订_20260806\04_pagtn\env\Lib\unittest\__init__.py"	"3934"	"2A24D1843801BA82EEF666ABECFA49768422A8058F442AF8666BF71BAF68D752"
"04_CODE\D_finale_CODE_AND_DOCS\07_M1-M8图表修订_20260806\04_pagtn\env\Lib\unittest\__main__.py"	"472"	"FF6B9A100D32001715B40D61BC4D613623B139EDB1FDC3566427B83C331CAAE3"
"04_CODE\D_finale_CODE_AND_DOCS\07_M1-M8图表修订_20260806\04_pagtn\env\Lib\unittest\_log.py"	"2746"	"905672317AB26C656C600DEFCE25D477728068F597F00A7F94E22E8128C323B9"
"04_CODE\D_finale_CODE_AND_DOCS\07_M1-M8图表修订_20260806\04_pagtn\env\Lib\unittest\async_case.py"	"5465"	"B389B976F622C28223105998BF0BE011F2B8C48EB33D2F1133E41E562867EE31"
"04_CODE\D_finale_CODE_AND_DOCS\07_M1-M8图表修订_20260806\04_pagtn\env\Lib\unittest\case.py"	"58503"	"F062E82D6BCDC231865B62BD3F8FC8847E49211F4884C685EC696216E227B957"
"04_CODE\D_finale_CODE_AND_DOCS\07_M1-M8图表修订_20260806\04_pagtn\env\Lib\unittest\loader.py"	"22536"	"44B8D2C7EEA54B02DD687D9615FE198CB67AF12C832889009BC85CF5CF064D82"
"04_CODE\D_finale_CODE_AND_DOCS\07_M1-M8图表修订_20260806\04_pagtn\env\Lib\unittest\main.py"	"11415"	"A05B67E605DFD82E5232735D4093C36496A818AB9E4E7DB7190D05CD8405CAA9"
"04_CODE\D_finale_CODE_AND_DOCS\07_M1-M8图表修订_20260806\04_pagtn\env\Lib\unittest\mock.py"	"104264"	"2576119E5653CA21AB32DD5A1A5F5604DEB2B1C7A240E315710EA927BC193749"
"04_CODE\D_finale_CODE_AND_DOCS\07_M1-M8图表修订_20260806\04_pagtn\env\Lib\unittest\result.py"	"8518"	"EB3F6ED6A6D339B8113479F6878F1946BF082B8818A89DAF85F0B63A5BE1F9C1"
"04_CODE\D_finale_CODE_AND_DOCS\07_M1-M8图表修订_20260806\04_pagtn\env\Lib\unittest\runner.py"	"9418"	"BC559DD2B01B373929EF342697B1A4C102F10259D96351C3961E9364DE5097B8"
"04_CODE\D_finale_CODE_AND_DOCS\07_M1-M8图表修订_20260806\04_pagtn\env\Lib\unittest\signals.py"	"2403"	"F8286E818CA56E10E03745BC056CDFD31147678F9A1DC8CB6B0FE96EF9A4362A"
"04_CODE\D_finale_CODE_AND_DOCS\07_M1-M8图表修订_20260806\04_pagtn\env\Lib\unittest\suite.py"	"13512"	"ED2DA92BC9F97C53403EE2D3D12CC53B16A96E85D596EBC887B5A93458F3F6BC"
"04_CODE\D_finale_CODE_AND_DOCS\07_M1-M8图表修订_20260806\04_pagtn\env\Lib\unittest\test\__init__.py"	"668"	"3FF9D41C8CD1F9708DA1432BE0ABB9346BCE8F8D43B06A03BE9FBB30C8A87878"
"04_CODE\D_finale_CODE_AND_DOCS\07_M1-M8图表修订_20260806\04_pagtn\env\Lib\unittest\test\__main__.py"	"596"	"3ADD05DCD7DEE4190919ABE0323334AC96CCF05EA7D8762D68A6CE75F9D3AEA5"
"04_CODE\D_finale_CODE_AND_DOCS\07_M1-M8图表修订_20260806\04_pagtn\env\Lib\unittest\test\_test_warnings.py"	"2304"	"19CAD5A18DB63D2CF37CCBC75166D186166C32F44F89D898BF47BA5016E6DE91"
"04_CODE\D_finale_CODE_AND_DOCS\07_M1-M8图表修订_20260806\04_pagtn\env\Lib\unittest\test\dummy.py"	"50"	"5EC85038C527BD87CC6A9F8842324329097CF599462E886536D13211343C7717"
"04_CODE\D_finale_CODE_AND_DOCS\07_M1-M8图表修订_20260806\04_pagtn\env\Lib\unittest\test\support.py"	"3752"	"666649BA205681DC9A3E0650A4AB7B8752CA3788115B7E9BA76DF89456E827D6"
"04_CODE\D_finale_CODE_AND_DOCS\07_M1-M8图表修订_20260806\04_pagtn\env\Lib\unittest\test\test_assertions.py"	"17208"	"A64613077BD6869C8BB9D72ADCD91E21ADBB928A3F4C465742A44FA626657775"
"04_CODE\D_finale_CODE_AND_DOCS\07_M1-M8图表修订_20260806\04_pagtn\env\Lib\unittest\test\test_async_case.py"	"16740"	"78C458BFAB0476CCDD7F86B4E2A643418EE7680166A867CBFCD899C0A036CEAD"
"04_CODE\D_finale_CODE_AND_DOCS\07_M1-M8图表修订_20260806\04_pagtn\env\Lib\unittest\test\test_break.py"	"10811"	"749BD0443482D0E04A5ECE2DCB6357C63D30310A60A6DB86870D7DD13711B779"
"04_CODE\D_finale_CODE_AND_DOCS\07_M1-M8图表修订_20260806\04_pagtn\env\Lib\unittest\test\test_case.py"	"78261"	"01FC36432171E303B6503A23569A13907748E3CAF1BA0BCF234C43B44381A5BC"
"04_CODE\D_finale_CODE_AND_DOCS\07_M1-M8图表修订_20260806\04_pagtn\env\Lib\unittest\test\test_discovery.py"	"32851"	"3E4641B768047D34C678197A9E59D72D06C78820087F122DC9C412EB90F51F2F"
"04_CODE\D_finale_CODE_AND_DOCS\07_M1-M8图表修订_20260806\04_pagtn\env\Lib\unittest\test\test_functiontestcase.py"	"5540"	"9B56ECE677221688DA6D6AE8FC8D666A3CDD20696F5C6D3AD054534F3DEA5965"
"04_CODE\D_finale_CODE_AND_DOCS\07_M1-M8图表修订_20260806\04_pagtn\env\Lib\unittest\test\test_loader.py"	"66133"	"6C15355AE4E00123D3709FA941C2CA1A6D4889F14BBC2255F3FA62DE6EFD5D97"
"04_CODE\D_finale_CODE_AND_DOCS\07_M1-M8图表修订_20260806\04_pagtn\env\Lib\unittest\test\test_program.py"	"16727"	"81F27CFA4895F9593D1AF45B0E83FBCBB7A216802BB145431055B26DBA957D2D"
"04_CODE\D_finale_CODE_AND_DOCS\07_M1-M8图表修订_20260806\04_pagtn\env\Lib\unittest\test\test_result.py"	"54171"	"19297FEA08B73B6DCB5A91D76E34A1EF2B57A4BBCD6798A60BAF3876583F954F"
"04_CODE\D_finale_CODE_AND_DOCS\07_M1-M8图表修订_20260806\04_pagtn\env\Lib\unittest\test\test_runner.py"	"50643"	"D64219D754C7A1E56D9FFE0533D6559285F9963AC86D44048B9158BE625AB2BB"
"04_CODE\D_finale_CODE_AND_DOCS\07_M1-M8图表修订_20260806\04_pagtn\env\Lib\unittest\test\test_setups.py"	"16503"	"0BD10FABE5314C160AEA7AFF21F59A9F5CD272D97327FBF391E096DF3DCFC6F4"
"04_CODE\D_finale_CODE_AND_DOCS\07_M1-M8图表修订_20260806\04_pagtn\env\Lib\unittest\test\test_skipping.py"	"20080"	"F60057F2360698846050D4EB495F2AA6F91BE2EC44690DEFC28E7A83F7CE116C"
"04_CODE\D_finale_CODE_AND_DOCS\07_M1-M8图表修订_20260806\04_pagtn\env\Lib\unittest\test\test_suite.py"	"15184"	"A8A8E4B6A10D6287210BC33113BFB2B739C6CFAEA99717690945045E683B3B9B"
"04_CODE\D_finale_CODE_AND_DOCS\07_M1-M8图表修订_20260806\04_pagtn\env\Lib\unittest\test\testmock\__init__.py"	"465"	"D09E5ECEB09B486C3F8BDA429CC1B1927EF65E568D583B37DE53F4F9812771F3"
"04_CODE\D_finale_CODE_AND_DOCS\07_M1-M8图表修订_20260806\04_pagtn\env\Lib\unittest\test\testmock\__main__.py"	"623"	"BBBC16CB8B42E626B7562A7A9C8FEBD810C759F844BBEDAB2D3425B674DA47A0"
"04_CODE\D_finale_CODE_AND_DOCS\07_M1-M8图表修订_20260806\04_pagtn\env\Lib\unittest\test\testmock\support.py"	"268"	"CB226F9CD99F7A80DB68391BC9E4CBFDC8B7488C4CE2FDF345235FD0D0FFB3BD"
"04_CODE\D_finale_CODE_AND_DOCS\07_M1-M8图表修订_20260806\04_pagtn\env\Lib\unittest\test\testmock\testasync.py"	"38149"	"7AB9FF20028A24D786D3192ED5EC2AA9492D527D37B31ACDB780E65CA4F4B329"
"04_CODE\D_finale_CODE_AND_DOCS\07_M1-M8图表修订_20260806\04_pagtn\env\Lib\unittest\test\testmock\testcallable.py"	"4267"	"282F1825AB17973059621D92863EB385A7246D3583BDEF5F82E142CFF58D7F65"
"04_CODE\D_finale_CODE_AND_DOCS\07_M1-M8图表修订_20260806\04_pagtn\env\Lib\unittest\test\testmock\testhelpers.py"	"34781"	"F4B3B9D36F7AA3E32A0CE3CF96118B56C55C8E6E90D2BB28BAC59F6DE5D639A3"
"04_CODE\D_finale_CODE_AND_DOCS\07_M1-M8图表修订_20260806\04_pagtn\env\Lib\unittest\test\testmock\testmagicmethods.py"	"16243"	"2D7DD1368E34002C3050D92B380EBEBA2751157500B2FB92C3288E5CC098108B"
"04_CODE\D_finale_CODE_AND_DOCS\07_M1-M8图表修订_20260806\04_pagtn\env\Lib\unittest\test\testmock\testmock.py"	"79845"	"7525AC8D3F670C06025377136412A4F4FD2A74DD445905D1819669CFE0E7E271"
"04_CODE\D_finale_CODE_AND_DOCS\07_M1-M8图表修订_20260806\04_pagtn\env\Lib\unittest\test\testmock\testpatch.py"	"60220"	"4A99C1890BEE1FAF656189FC995BCEB61F18F75FB0F18469027F891925D9AA1F"
"04_CODE\D_finale_CODE_AND_DOCS\07_M1-M8图表修订_20260806\04_pagtn\env\Lib\unittest\test\testmock\testsealable.py"	"7369"	"154919B15D47165081F349415090EA49D9B9509C4C9432CCB183201F0B67C931"
"04_CODE\D_finale_CODE_AND_DOCS\07_M1-M8图表修订_20260806\04_pagtn\env\Lib\unittest\test\testmock\testsentinel.py"	"1325"	"34F10EE69EDEE4A879FF88E15B00B09466E1DF3A1BB6080673C215E17E305BB1"
"04_CODE\D_finale_CODE_AND_DOCS\07_M1-M8图表修订_20260806\04_pagtn\env\Lib\unittest\test\testmock\testwith.py"	"12229"	"650200ACF4306B004506689C8B2A13AE6FC533911DFD4FA137B695A05C67BE58"
"04_CODE\D_finale_CODE_AND_DOCS\07_M1-M8图表修订_20260806\04_pagtn\env\Lib\unittest\util.py"	"5215"	"FDCC640C3505D16DEAB9C32EAE7C3F5F67C3B5E81C563DC6698FA7FCF403854D"
"04_CODE\D_finale_CODE_AND_DOCS\07_M1-M8图表修订_20260806\04_pagtn\env\Lib\urllib\__init__.py"	"0"	"E3B0C44298FC1C149AFBF4C8996FB92427AE41E4649B934CA495991B7852B855"
"04_CODE\D_finale_CODE_AND_DOCS\07_M1-M8图表修订_20260806\04_pagtn\env\Lib\urllib\error.py"	"2415"	"D12B3CC66AF3F42A8EBE63E1C91D24F92C6237B6A93A3702938DFFABD812D77B"
"04_CODE\D_finale_CODE_AND_DOCS\07_M1-M8图表修订_20260806\04_pagtn\env\Lib\urllib\parse.py"	"44836"	"16D609EFE91F08901DF42C3176A6046E34E97FD39813954871D5A16E89E6B454"
"04_CODE\D_finale_CODE_AND_DOCS\07_M1-M8图表修订_20260806\04_pagtn\env\Lib\urllib\request.py"	"101960"	"A9CF43CBA43FFD83956D4B14BE76869585AC9C0FBF935F8772CFAD24DBCE4C03"
"04_CODE\D_finale_CODE_AND_DOCS\07_M1-M8图表修订_20260806\04_pagtn\env\Lib\urllib\response.py"	"2361"	"7E6C3B6D7A95F0D74F5968F51A87ADAE8A51BF42390CDFEC98C7A99203E7BB76"
"04_CODE\D_finale_CODE_AND_DOCS\07_M1-M8图表修订_20260806\04_pagtn\env\Lib\urllib\robotparser.py"	"9424"	"389B811835F9A3BA72B192C3487B0266FA31F6E571B7A83CEB2A34792DC0D9FC"
"04_CODE\D_finale_CODE_AND_DOCS\07_M1-M8图表修订_20260806\04_pagtn\env\Lib\uu.py"	"7365"	"DD1F5BE33FB25A1B0832891EA07DB4A4A2AE41B466E37E24E204604FDC6D18CF"
"04_CODE\D_finale_CODE_AND_DOCS\07_M1-M8图表修订_20260806\04_pagtn\env\Lib\uuid.py"	"27597"	"E936B632E7B14CBDAD7DA077EDF59D1DE77F5A4C8507A5E7D0028B1D336D9883"
"04_CODE\D_finale_CODE_AND_DOCS\07_M1-M8图表修订_20260806\04_pagtn\env\Lib\venv\__init__.py"	"26323"	"8671BC5810EE3E52A5AE7AA3B625764688CF12513B2F8E1B0B82AAEC93F118A6"
"04_CODE\D_finale_CODE_AND_DOCS\07_M1-M8图表修订_20260806\04_pagtn\env\Lib\venv\__main__.py"	"145"	"722537C68C0622F8293D39BB6AB1288F3637D8DC45D6F9AAE96E49AF8145CA36"
"04_CODE\D_finale_CODE_AND_DOCS\07_M1-M8图表修订_20260806\04_pagtn\env\Lib\venv\scripts\common\Activate.ps1"	"9033"	"3795A060DEA7D621320D6D841DEB37591FADF7F5592C5CB2286F9867AF0E91DF"
"04_CODE\D_finale_CODE_AND_DOCS\07_M1-M8图表修订_20260806\04_pagtn\env\Lib\warnings.py"	"21110"	"47328418F0365F0897A2D3789F684DBABA1D5B9C492871F1B72A35B8E2E92021"
"04_CODE\D_finale_CODE_AND_DOCS\07_M1-M8图表修订_20260806\04_pagtn\env\Lib\wave.py"	"21818"	"95BA2DE5E7BE0420FEA3E8AEF0A9E0261DF1F75F9F428E3455509A8F33DBE9F2"
"04_CODE\D_finale_CODE_AND_DOCS\07_M1-M8图表修订_20260806\04_pagtn\env\Lib\weakref.py"	"21513"	"56F8D313FB74019E53EB9287400702FBCE788B7FE30E097B0B6E06296F3F080C"
"04_CODE\D_finale_CODE_AND_DOCS\07_M1-M8图表修订_20260806\04_pagtn\env\Lib\webbrowser.py"	"25136"	"77EC84259B10BF94F05A0C103CCF3D2D3CB8D7C3F5D1B73CFFF1514918FAC793"
"04_CODE\D_finale_CODE_AND_DOCS\07_M1-M8图表修订_20260806\04_pagtn\env\Lib\wsgiref\__init__.py"	"657"	"C30E144025A63D267778D92F2F066FA592B476E789D888F79B96C059BF0BEF60"
"04_CODE\D_finale_CODE_AND_DOCS\07_M1-M8图表修订_20260806\04_pagtn\env\Lib\wsgiref\handlers.py"	"21550"	"E3712E8B8C6069D9AE70AA07801E65CFB15B1F0BF6FBF34AFE92123ED9AD8745"
"04_CODE\D_finale_CODE_AND_DOCS\07_M1-M8图表修订_20260806\04_pagtn\env\Lib\wsgiref\headers.py"	"7370"	"9E579AB07BE58D321F820B481230A10D5BA6DC4DB6512C5323051C4870465CA4"
"04_CODE\D_finale_CODE_AND_DOCS\07_M1-M8图表修订_20260806\04_pagtn\env\Lib\wsgiref\simple_server.py"	"5171"	"D435CAD48B5F63C0356E1AC70755E6E35EB94B02F9844B813E5762199110BC2B"
"04_CODE\D_finale_CODE_AND_DOCS\07_M1-M8图表修订_20260806\04_pagtn\env\Lib\wsgiref\types.py"	"1717"	"BA66D30CE511A88EBA9B809616C51E12BF89C67972102E7D976B18557F7A6387"
"04_CODE\D_finale_CODE_AND_DOCS\07_M1-M8图表修订_20260806\04_pagtn\env\Lib\wsgiref\util.py"	"5472"	"93783CDA348368538525F52A5E9A5A43A3DE93CAEC26B6A030ECFB3AEDF98B98"
"04_CODE\D_finale_CODE_AND_DOCS\07_M1-M8图表修订_20260806\04_pagtn\env\Lib\wsgiref\validate.py"	"15097"	"622C6A2C69DB3B10A8C124B5B06FCDF538BFE03F18F31667B78416123B777308"
"04_CODE\D_finale_CODE_AND_DOCS\07_M1-M8图表修订_20260806\04_pagtn\env\Lib\xdrlib.py"	"5977"	"B881D9C59E381F0F01F10E911C2F1B483B1ABE466D9A985F9ACDEAC30B0C8D6F"
"04_CODE\D_finale_CODE_AND_DOCS\07_M1-M8图表修订_20260806\04_pagtn\env\Lib\xml\__init__.py"	"557"	"34296F728E7FE68CCCB97A9F6EDBF3BF3A686F44044C744FE85F207A92ED4811"
"04_CODE\D_finale_CODE_AND_DOCS\07_M1-M8图表修订_20260806\04_pagtn\env\Lib\xml\dom\__init__.py"	"4019"	"B415A6F3D3663C3AC332EE4A0F4213EADAD9281508DC97410E258A03633B063A"
"04_CODE\D_finale_CODE_AND_DOCS\07_M1-M8图表修订_20260806\04_pagtn\env\Lib\xml\dom\domreg.py"	"3451"	"826B02A803930834B96B1086CBEE7DB1D21C684F65DD3073706DC7BB5BA1A3E8"
"04_CODE\D_finale_CODE_AND_DOCS\07_M1-M8图表修订_20260806\04_pagtn\env\Lib\xml\dom\expatbuilder.py"	"35767"	"40EBC018D1F1D7F16121F2DEC0CEDE039FEA8A89BF18862D7ED3489ADB934BE8"
"04_CODE\D_finale_CODE_AND_DOCS\07_M1-M8图表修订_20260806\04_pagtn\env\Lib\xml\dom\minicompat.py"	"3367"	"42974C4C67803DFE80B016FF8AEEA0D1E5C751703AB3AEC5BE765F4E534367BE"
"04_CODE\D_finale_CODE_AND_DOCS\07_M1-M8图表修订_20260806\04_pagtn\env\Lib\xml\dom\minidom.py"	"67982"	"CEB557C3BC32E2A734D947DFFB2452676CFB2F6D83D6B490B9E2D9F700F45D33"
"04_CODE\D_finale_CODE_AND_DOCS\07_M1-M8图表修订_20260806\04_pagtn\env\Lib\xml\dom\NodeFilter.py"	"936"	"9BFACBBB64E239A75591A7260B3ED86748EEB4366E6C40F3542753E79BACE9A7"
"04_CODE\D_finale_CODE_AND_DOCS\07_M1-M8图表修订_20260806\04_pagtn\env\Lib\xml\dom\pulldom.py"	"11637"	"614B88673D496A360E6B10EFE8D733C7C0826FB214470FF12F24A1E597699870"
"04_CODE\D_finale_CODE_AND_DOCS\07_M1-M8图表修订_20260806\04_pagtn\env\Lib\xml\dom\xmlbuilder.py"	"12387"	"D4F33A8F018755626B64557953A91C6BBA21FF613DA46F7558A2874AA5D08EBF"
"04_CODE\D_finale_CODE_AND_DOCS\07_M1-M8图表修订_20260806\04_pagtn\env\Lib\xml\etree\__init__.py"	"1605"	"91950EDFB196C105D93886F8AF7EA3C0A79E06A6B63BE3E5A4EA09804E8672A6"
"04_CODE\D_finale_CODE_AND_DOCS\07_M1-M8图表修订_20260806\04_pagtn\env\Lib\xml\etree\cElementTree.py"	"82"	"D0F57ACAB07FE4F9C116C3392D85946BAC8E78608F409CEA70005F16EA019B57"
"04_CODE\D_finale_CODE_AND_DOCS\07_M1-M8图表修订_20260806\04_pagtn\env\Lib\xml\etree\ElementInclude.py"	"6882"	"97B513DB52E9D8382D446E283583E3ADF20AAE86FB93D4764565AC08250399C0"
"04_CODE\D_finale_CODE_AND_DOCS\07_M1-M8图表修订_20260806\04_pagtn\env\Lib\xml\etree\ElementPath.py"	"13997"	"AE8A80A8B51567B4F0965481682705E70C73DD6BFA145283F630D6833F1B4975"
"04_CODE\D_finale_CODE_AND_DOCS\07_M1-M8图表修订_20260806\04_pagtn\env\Lib\xml\etree\ElementTree.py"	"74399"	"86C7890D6903D9FE37687633617AFAC35FC53B0D6BAB4EE0A334EA3FFD0C31C4"
"04_CODE\D_finale_CODE_AND_DOCS\07_M1-M8图表修订_20260806\04_pagtn\env\Lib\xml\parsers\__init__.py"	"167"	"B88497ADC30D5D5EDA7789C25A2206EE9270C932D584D7AC42680325651DA45C"
"04_CODE\D_finale_CODE_AND_DOCS\07_M1-M8图表修订_20260806\04_pagtn\env\Lib\xml\parsers\expat.py"	"248"	"64E1947747C2874117A7458BBA1F07C86620CC0ED9A4A4116D262878E4A2AA09"
"04_CODE\D_finale_CODE_AND_DOCS\07_M1-M8图表修订_20260806\04_pagtn\env\Lib\xml\sax\__init__.py"	"3642"	"4CF987C524AAA6CA2030A59A13A98EA3EAE6CD3051099D1DD462D557E7BC7E77"
"04_CODE\D_finale_CODE_AND_DOCS\07_M1-M8图表修订_20260806\04_pagtn\env\Lib\xml\sax\_exceptions.py"	"4785"	"CFA45778E457731E0988D9CEEF29CF9EEEF916F22D7BD53F4CB08C7A2B8B2CE2"
"04_CODE\D_finale_CODE_AND_DOCS\07_M1-M8图表修订_20260806\04_pagtn\env\Lib\xml\sax\expatreader.py"	"16211"	"4EE774E2D0A3EFE1CD1A1AFDB3778F6A95523C79BC940DDFD40C19592BA7BE21"
"04_CODE\D_finale_CODE_AND_DOCS\07_M1-M8图表修订_20260806\04_pagtn\env\Lib\xml\sax\handler.py"	"15617"	"64C7AAE49F1DD382A7B9012610307BFA1D43A14A5DC09A5C8DA30903F6805C3D"
"04_CODE\D_finale_CODE_AND_DOCS\07_M1-M8图表修订_20260806\04_pagtn\env\Lib\xml\sax\saxutils.py"	"12255"	"3FE2CDB6386E0C4D42D37C657BBECB78B69C57AEDB1610DBD8BF4043944130AB"
"04_CODE\D_finale_CODE_AND_DOCS\07_M1-M8图表修订_20260806\04_pagtn\env\Lib\xml\sax\xmlreader.py"	"12684"	"922A6E2995952366B366C13736D715D77FA1868EE453FDABE35043059357768F"
"04_CODE\D_finale_CODE_AND_DOCS\07_M1-M8图表修订_20260806\04_pagtn\env\Lib\xmlrpc\__init__.py"	"38"	"87AD5C8954DD56FBBCA04517BF87477FF4DCE575170C7DD1281D7EF1F4214AC8"
"04_CODE\D_finale_CODE_AND_DOCS\07_M1-M8图表修订_20260806\04_pagtn\env\Lib\xmlrpc\client.py"	"49391"	"2E6D11A76A1D1F360655E251466EC192843A6BDAC1E97BD88DCD358B3045ADCD"
"04_CODE\D_finale_CODE_AND_DOCS\07_M1-M8图表修订_20260806\04_pagtn\env\Lib\xmlrpc\server.py"	"36867"	"607BD06518658F7B3152A4FD1F00F778029EE8640C923BF2DF61DBD52FA342B9"
"04_CODE\D_finale_CODE_AND_DOCS\07_M1-M8图表修订_20260806\04_pagtn\env\Lib\zipapp.py"	"7535"	"776078E89FD7DADBCE41678F8BACD3B493135E6D610911C867489415420DE383"
"04_CODE\D_finale_CODE_AND_DOCS\07_M1-M8图表修订_20260806\04_pagtn\env\Lib\zipfile.py"	"94447"	"8C6C3A7BEA4909A66F6014A38A405A1103F0A5EBB14F8A4FA0433B72F99BF49B"
"04_CODE\D_finale_CODE_AND_DOCS\07_M1-M8图表修订_20260806\04_pagtn\env\Lib\zipimport.py"	"30897"	"E84B98DD13D3A8AE3FF2094EF2889DCEAD41D754F0531686F0B70B8D225676CC"
"04_CODE\D_finale_CODE_AND_DOCS\07_M1-M8图表修订_20260806\04_pagtn\env\Lib\zoneinfo\__init__.py"	"703"	"AC7FB403E4371D07482EF2FDA81DBCF6879484E9FC41D4BE42C156D7E54C68A8"
"04_CODE\D_finale_CODE_AND_DOCS\07_M1-M8图表修订_20260806\04_pagtn\env\Lib\zoneinfo\_common.py"	"5294"	"67DEAF0BA41AA4865E007297677207485A89B75629EEA0EE5C472BE8A3E83BF6"
"04_CODE\D_finale_CODE_AND_DOCS\07_M1-M8图表修订_20260806\04_pagtn\env\Lib\zoneinfo\_tzpath.py"	"5096"	"90326CDD057E1161F1049C6C4A8B486D8ADE35371C44FC3FB42DD13F2BEDD6B6"
"04_CODE\D_finale_CODE_AND_DOCS\07_M1-M8图表修订_20260806\04_pagtn\env\Lib\zoneinfo\_zoneinfo.py"	"24674"	"EBB9B679519A23252EB90541003A2FDBB3F2D7BC36713FD70672BAA575DCDCB6"
"04_CODE\D_finale_CODE_AND_DOCS\07_M1-M8图表修订_20260806\04_pagtn\env\Library\lib\tclConfig.sh"	"8174"	"E5C3463D8F8F48869B68382068CED503C81D32EE545F792DA346E5870C098C15"
"04_CODE\D_finale_CODE_AND_DOCS\07_M1-M8图表修订_20260806\04_pagtn\env\Library\lib\tclooConfig.sh"	"773"	"9A3210C14CBA9AEAD381E376FF4BB454CC3DFD96F9D112FC66D8770E5197C17D"
"04_CODE\D_finale_CODE_AND_DOCS\07_M1-M8图表修订_20260806\04_pagtn\env\Library\lib\tdbc1.1.5\tdbcConfig.sh"	"4348"	"2A6E05409B6F34D9054BC00C786C916239EED461FF07F63498BF679A9F8110E6"
"04_CODE\D_finale_CODE_AND_DOCS\07_M1-M8图表修订_20260806\04_pagtn\env\Scripts\2to3-script.py"	"74"	"CD4C36AF54383D8C7103721FB491E5B0A5F5D7C71B85456D6A894BD61F1EB092"
"04_CODE\D_finale_CODE_AND_DOCS\07_M1-M8图表修订_20260806\04_pagtn\env\Scripts\idle-script.py"	"72"	"D43EF2F45FFD2551B678003ADE97D9B4A17413C322935571C006D2871D96E8F6"
"04_CODE\D_finale_CODE_AND_DOCS\07_M1-M8图表修订_20260806\04_pagtn\env\Scripts\pip3-script.py"	"214"	"9620F68692A742CE49516156BC54F3C263B48D2C8300879BF6A69AF84527DBF6"
"04_CODE\D_finale_CODE_AND_DOCS\07_M1-M8图表修订_20260806\04_pagtn\env\Scripts\pip-script.py"	"214"	"9620F68692A742CE49516156BC54F3C263B48D2C8300879BF6A69AF84527DBF6"
"04_CODE\D_finale_CODE_AND_DOCS\07_M1-M8图表修订_20260806\04_pagtn\env\Scripts\pydoc-script.py"	"57"	"61515CDBA67A1834887D8DC57507788EF40253C58C2C8C95596D52A80694AE06"
"04_CODE\D_finale_CODE_AND_DOCS\07_M1-M8图表修订_20260806\04_pagtn\env\Scripts\wheel-script.py"	"207"	"392F974D268EA4956ADABDB0FDB5FFB018F630FE1300D1AF4D5F8DCB9F53EBA2"
"04_CODE\D_finale_CODE_AND_DOCS\07_M1-M8图表修订_20260806\04_pagtn\env\Tools\demo\beer.py"	"566"	"AD664A7EA177192866B365F05528D2F67EE85F52DA720FF84776DD082122767E"
"04_CODE\D_finale_CODE_AND_DOCS\07_M1-M8图表修订_20260806\04_pagtn\env\Tools\demo\eiffel.py"	"3911"	"00A896D378B3749D27CC05322E6DFB6243EDF79FEEC6CA2E0F0F0E23EBF60D62"
"04_CODE\D_finale_CODE_AND_DOCS\07_M1-M8图表修订_20260806\04_pagtn\env\Tools\demo\hanoi.py"	"4611"	"B2006267403CD4B97A8D289D343BB82CC34C03BD357F1AEFC441135B05C6A41F"
"04_CODE\D_finale_CODE_AND_DOCS\07_M1-M8图表修订_20260806\04_pagtn\env\Tools\demo\life.py"	"8987"	"6A5A27E3028D4A5FF7A57D950D98D7EF71052BFB2FB2BD10D7BF648F9F217AA9"
"04_CODE\D_finale_CODE_AND_DOCS\07_M1-M8图表修订_20260806\04_pagtn\env\Tools\demo\markov.py"	"3691"	"58F6474AEAEC81FD0F15FE0757F0FFC15FCF9A31E102C95931C9D1F2CAB2B77B"
"04_CODE\D_finale_CODE_AND_DOCS\07_M1-M8图表修订_20260806\04_pagtn\env\Tools\demo\mcast.py"	"2223"	"748F27FBF0678C2624B990C4523C071B3BF8FDC06A1E93DBBAF29C90DD92A210"
"04_CODE\D_finale_CODE_AND_DOCS\07_M1-M8图表修订_20260806\04_pagtn\env\Tools\demo\queens.py"	"2270"	"FA92DFAD7091C7B9C6CC53DB28881613887F046B43B648A8AA33A60D664416AC"
"04_CODE\D_finale_CODE_AND_DOCS\07_M1-M8图表修订_20260806\04_pagtn\env\Tools\demo\redemo.py"	"5749"	"AE01F5BA375B31B2E028F4696CB01D32061366E111F9FA3187474F6A9BCE09A5"
"04_CODE\D_finale_CODE_AND_DOCS\07_M1-M8图表修订_20260806\04_pagtn\env\Tools\demo\rpython.py"	"811"	"56EF31C650CD1894473F3FEB1A06015BDDB1B5B8C87BA044776ABCC64267D031"
"04_CODE\D_finale_CODE_AND_DOCS\07_M1-M8图表修订_20260806\04_pagtn\env\Tools\demo\rpythond.py"	"1323"	"56EBD8BF60C1373802F91E5499E4E40D9AE4DF1C269DB2A49D239EDF103D22E4"
"04_CODE\D_finale_CODE_AND_DOCS\07_M1-M8图表修订_20260806\04_pagtn\env\Tools\demo\sortvisu.py"	"19987"	"0D18F75930A6940D43BB4921F17A76BB9F60A532F033045F09B8E4E3DD3D4083"
"04_CODE\D_finale_CODE_AND_DOCS\07_M1-M8图表修订_20260806\04_pagtn\env\Tools\demo\spreadsheet.py"	"25623"	"E2CE5C8D4C44CC2DBC67453EA1C9EA62E467BB0D2FF46742430B7C6E977CDDF0"
"04_CODE\D_finale_CODE_AND_DOCS\07_M1-M8图表修订_20260806\04_pagtn\env\Tools\demo\vector.py"	"1877"	"11A3444D9A46232EBA288093CBB12E356427B238CF17A7E4304521D543EEE607"
"04_CODE\D_finale_CODE_AND_DOCS\07_M1-M8图表修订_20260806\04_pagtn\env\Tools\i18n\makelocalealias.py"	"5029"	"8CFC9A27D3CC32CF3B8A8F58B6D5B18717E6E1786A958312C168B741D485ED9D"
"04_CODE\D_finale_CODE_AND_DOCS\07_M1-M8图表修订_20260806\04_pagtn\env\Tools\i18n\msgfmt.py"	"7592"	"79C83D2646E7CF742226B52C989431CEA1B08749ADBB599FBA001BB0203EFE1F"
"04_CODE\D_finale_CODE_AND_DOCS\07_M1-M8图表修订_20260806\04_pagtn\env\Tools\i18n\pygettext.py"	"24225"	"41504D19C3BD05BD6B274ECE89E071857A52F3B1FAE2C5D825DA36F6F5B5DB67"
"04_CODE\D_finale_CODE_AND_DOCS\07_M1-M8图表修订_20260806\04_pagtn\env\Tools\scripts\2to3.py"	"96"	"20033343A6830AFDB6824AEA0963201AF5B42B81FF9AC576826190F3E56437B6"
"04_CODE\D_finale_CODE_AND_DOCS\07_M1-M8图表修订_20260806\04_pagtn\env\Tools\scripts\abitype.py"	"5572"	"E50B3874AB3D89544B9971A7E21C662ACC6566F3FB14AD9E082829C6AD975A3F"
"04_CODE\D_finale_CODE_AND_DOCS\07_M1-M8图表修订_20260806\04_pagtn\env\Tools\scripts\analyze_dxp.py"	"4183"	"6B452CD913FE7BD8AB9EB6B00E2C3639161A0EC5337039D7EFFE50DEE278A5DA"
"04_CODE\D_finale_CODE_AND_DOCS\07_M1-M8图表修订_20260806\04_pagtn\env\Tools\scripts\byext.py"	"3904"	"6EE9217C93E6F5585BF83A86D7E2FC798F0EAC6234FD9A361E0391B44CCA84DA"
"04_CODE\D_finale_CODE_AND_DOCS\07_M1-M8图表修订_20260806\04_pagtn\env\Tools\scripts\byteyears.py"	"1650"	"C5D951197C74D4D4717F186097A46771F337CD0337FBF68B8470CBC22B792A28"
"04_CODE\D_finale_CODE_AND_DOCS\07_M1-M8图表修订_20260806\04_pagtn\env\Tools\scripts\checkpip.py"	"793"	"86383AD3550750BDAF6D84585A94797521B6819901ADF2EDE9F2B20BFBF0151D"
"04_CODE\D_finale_CODE_AND_DOCS\07_M1-M8图表修订_20260806\04_pagtn\env\Tools\scripts\cleanfuture.py"	"8626"	"BD2B01CA608607BB563F18475A562193A40C9A7E46D17F262F058DA98F349313"
"04_CODE\D_finale_CODE_AND_DOCS\07_M1-M8图表修订_20260806\04_pagtn\env\Tools\scripts\combinerefs.py"	"4454"	"9BCA73B526B8A765145E1388B3C0BFFDF5DD9A3CEEB2F8B2DF369A3835940CD7"
"04_CODE\D_finale_CODE_AND_DOCS\07_M1-M8图表修订_20260806\04_pagtn\env\Tools\scripts\copytime.py"	"663"	"D6AB4B778507420C244663DF2FB2D5FE2EE5EE078D502A6DA6026E1791EB34DE"
"04_CODE\D_finale_CODE_AND_DOCS\07_M1-M8图表修订_20260806\04_pagtn\env\Tools\scripts\crlf.py"	"632"	"188BB160B9B1262A4772E5D9DFC0374F5170E359C1867D3D7287967B58D2B2CB"
"04_CODE\D_finale_CODE_AND_DOCS\07_M1-M8图表修订_20260806\04_pagtn\env\Tools\scripts\db2pickle.py"	"3630"	"004CF775FDA2783974AFC1599C33B77228F04F7C053760F4A9552927207A064E"
"04_CODE\D_finale_CODE_AND_DOCS\07_M1-M8图表修订_20260806\04_pagtn\env\Tools\scripts\deepfreeze.py"	"19826"	"B3A79AE268439AAC83BB801AABA5000C653C562BD13D308D6FACA0A4562E4F5B"
"04_CODE\D_finale_CODE_AND_DOCS\07_M1-M8图表修订_20260806\04_pagtn\env\Tools\scripts\diff.py"	"2256"	"103E18C5D4A0D24D3C0DA99D1EAEE3CBF11BB74430D10C4F7B0FEF0AD3DC19C3"
"04_CODE\D_finale_CODE_AND_DOCS\07_M1-M8图表修订_20260806\04_pagtn\env\Tools\scripts\dutree.py"	"1638"	"A7C4A2FE730E950A6FC9FAB50B328F925585E005AFE52E4FA524027F8BF990B5"
"04_CODE\D_finale_CODE_AND_DOCS\07_M1-M8图表修订_20260806\04_pagtn\env\Tools\scripts\eptags.py"	"1581"	"54AA93343D6E6BD8B0F8D035EEFE4AA28489B0579AF2894A505E225C8290EF8F"
"04_CODE\D_finale_CODE_AND_DOCS\07_M1-M8图表修订_20260806\04_pagtn\env\Tools\scripts\find_recursionlimit.py"	"3995"	"4E4412D9176FA44B09DE646CE52907F86C278DAFAB36F7F112A417CA1782F2F4"
"04_CODE\D_finale_CODE_AND_DOCS\07_M1-M8图表修订_20260806\04_pagtn\env\Tools\scripts\finddiv.py"	"2535"	"17DAD9FBCA640261E2E4A749BD56391A5BB14D1A3A643B690A581F3BBD7374D6"
"04_CODE\D_finale_CODE_AND_DOCS\07_M1-M8图表修订_20260806\04_pagtn\env\Tools\scripts\findlinksto.py"	"1071"	"9511528EB787D474D5E38C8F73E9C0023F49805F104B2B588BE5DF65A88A519F"
"04_CODE\D_finale_CODE_AND_DOCS\07_M1-M8图表修订_20260806\04_pagtn\env\Tools\scripts\findnocoding.py"	"2952"	"0D829B2F82E65726A370C3B8AFB75A193E58EEADBA4E1F1F412107FF9102BE4E"
"04_CODE\D_finale_CODE_AND_DOCS\07_M1-M8图表修订_20260806\04_pagtn\env\Tools\scripts\find-uname.py"	"1207"	"332A86B31DF9C0A0241963E9A127756CC2FBB73FEBCEDB2C75225F16D9F7CBAB"
"04_CODE\D_finale_CODE_AND_DOCS\07_M1-M8图表修订_20260806\04_pagtn\env\Tools\scripts\fixcid.py"	"10165"	"99B58221231A292E056A135F76A6F0E3A0F146D8263B0072E2BB97D4D144B717"
"04_CODE\D_finale_CODE_AND_DOCS\07_M1-M8图表修订_20260806\04_pagtn\env\Tools\scripts\fixdiv.py"	"14241"	"24CAAF3CDC7FE677CFB8886A8FEA7A0A878F7C96019FBCA04FF4B92C934F64BE"
"04_CODE\D_finale_CODE_AND_DOCS\07_M1-M8图表修订_20260806\04_pagtn\env\Tools\scripts\fixheader.py"	"1359"	"BEAF5CA8AB28058FADB6A817A07DFFE521EB60A032CB2E60719AF3374DA9819A"
"04_CODE\D_finale_CODE_AND_DOCS\07_M1-M8图表修订_20260806\04_pagtn\env\Tools\scripts\fixnotice.py"	"3029"	"61F827456ACFA99C2DD97BE8C59109B58BEC738CBD11E126A1926F1419BF2100"
"04_CODE\D_finale_CODE_AND_DOCS\07_M1-M8图表修订_20260806\04_pagtn\env\Tools\scripts\fixps.py"	"892"	"10BD8F27F521985A72A1B10D9122DA00F89ED685BC079BEBEEB5095B5463FC8E"
"04_CODE\D_finale_CODE_AND_DOCS\07_M1-M8图表修订_20260806\04_pagtn\env\Tools\scripts\freeze_modules.py"	"24267"	"B47BEE07B52B83B165D4BA2CF568DF4027D29DCAFA4871CA605BA30223A59605"
"04_CODE\D_finale_CODE_AND_DOCS\07_M1-M8图表修订_20260806\04_pagtn\env\Tools\scripts\generate_global_objects.py"	"10038"	"55D8E6B04F17AC4E6310DBA4E22C0A8811C66FA6FFC977E3B400144ADAF92A66"
"04_CODE\D_finale_CODE_AND_DOCS\07_M1-M8图表修订_20260806\04_pagtn\env\Tools\scripts\generate_opcode_h.py"	"5128"	"5158BFD668DDEC6CD42FE3A338804DF88F25E7B14C24AE1835105CB15D8F02CB"
"04_CODE\D_finale_CODE_AND_DOCS\07_M1-M8图表修订_20260806\04_pagtn\env\Tools\scripts\generate_re_casefix.py"	"2703"	"21F3F9365223887913C2D924F74BCE7A2C2A3E08AE4A49EFDE994532E7C78A9F"
"04_CODE\D_finale_CODE_AND_DOCS\07_M1-M8图表修订_20260806\04_pagtn\env\Tools\scripts\generate_sre_constants.py"	"2200"	"695464E17D4D0091DFD3004C2CBAF999CA138A2B059F93C0468C04D8BBDEED34"
"04_CODE\D_finale_CODE_AND_DOCS\07_M1-M8图表修订_20260806\04_pagtn\env\Tools\scripts\generate_stdlib_module_names.py"	"4862"	"34EF644B4D8F81B33677995F671090CEBDAD171EC43311C0F56B54531CADCDA1"
"04_CODE\D_finale_CODE_AND_DOCS\07_M1-M8图表修订_20260806\04_pagtn\env\Tools\scripts\generate_token.py"	"6977"	"30185EDBECA159086761C95068C053ACA0FD4FF0F3BC58D46C09437E49063510"
"04_CODE\D_finale_CODE_AND_DOCS\07_M1-M8图表修订_20260806\04_pagtn\env\Tools\scripts\get-remote-certificate.py"	"2307"	"8B8140346F970586094E630DAE61AABAE03B55CC3E447DDB4E39FF723D8C5F03"
"04_CODE\D_finale_CODE_AND_DOCS\07_M1-M8图表修订_20260806\04_pagtn\env\Tools\scripts\google.py"	"501"	"2866723CAFA9519EA0F7292B6663BF84F3B933F6BF5B78184117EFEE85DD447D"
"04_CODE\D_finale_CODE_AND_DOCS\07_M1-M8图表修订_20260806\04_pagtn\env\Tools\scripts\gprof2html.py"	"2339"	"139A16077028E99A08984D9AA129F0E420B67F9E481D8A3EAEDDFBB378829312"
"04_CODE\D_finale_CODE_AND_DOCS\07_M1-M8图表修订_20260806\04_pagtn\env\Tools\scripts\highlight.py"	"9162"	"FE757329D020804BF031ED7B7CC1D49D825DDBB715065DCE58D33531D4DE2BD2"
"04_CODE\D_finale_CODE_AND_DOCS\07_M1-M8图表修订_20260806\04_pagtn\env\Tools\scripts\ifdef.py"	"3704"	"496E621F9CEE8F12894743FB767CFC5493442141F347990BC054878662EC22A5"
"04_CODE\D_finale_CODE_AND_DOCS\07_M1-M8图表修订_20260806\04_pagtn\env\Tools\scripts\import_diagnostics.py"	"999"	"390A3D8D9C09F4ED63D5CBA06A997448424176011B16D5E1B371F24B6BC465B6"
"04_CODE\D_finale_CODE_AND_DOCS\07_M1-M8图表修订_20260806\04_pagtn\env\Tools\scripts\lfcr.py"	"640"	"62142195E8E5AB3A89606F27D41BD77B65ABB59B463C446D6E577BFD55F47DA3"
"04_CODE\D_finale_CODE_AND_DOCS\07_M1-M8图表修订_20260806\04_pagtn\env\Tools\scripts\linktree.py"	"2440"	"496EC0A36A0C669808F70D3B411CAE6B3806371D04CFA3435C9A96C7EF807C37"
"04_CODE\D_finale_CODE_AND_DOCS\07_M1-M8图表修订_20260806\04_pagtn\env\Tools\scripts\lll.py"	"748"	"7615E8B5F4B9A880C6431247DAACCC984068CEC6D896C9B2E950EFB040571EF1"
"04_CODE\D_finale_CODE_AND_DOCS\07_M1-M8图表修订_20260806\04_pagtn\env\Tools\scripts\mailerdaemon.py"	"8040"	"65D82C2EB82783290C8BA1FAAF4D01D203E2A5ADEFBCCFDB8FC211DD84975CA5"
"04_CODE\D_finale_CODE_AND_DOCS\07_M1-M8图表修订_20260806\04_pagtn\env\Tools\scripts\make_ctype.py"	"2280"	"C450FEFE8CCEC1EB7BED7799EA750D2669A204024B336E0815FD2C7060225A94"
"04_CODE\D_finale_CODE_AND_DOCS\07_M1-M8图表修订_20260806\04_pagtn\env\Tools\scripts\md5sum.py"	"2518"	"0071503614D8AB66FB51278F60573153FE8694E2DE8BCF3F10EA955355368734"
"04_CODE\D_finale_CODE_AND_DOCS\07_M1-M8图表修订_20260806\04_pagtn\env\Tools\scripts\mkreal.py"	"1631"	"C45B34BA3E1B5D6C5F9B4EAC79858A0BD89575056ED6C7F8E64716C7C7965DF8"
"04_CODE\D_finale_CODE_AND_DOCS\07_M1-M8图表修订_20260806\04_pagtn\env\Tools\scripts\ndiff.py"	"3820"	"B6CDAD1690B6C50A43B19239E119EB3FE5755453548B804268A3CDD83BBED7DA"
"04_CODE\D_finale_CODE_AND_DOCS\07_M1-M8图表修订_20260806\04_pagtn\env\Tools\scripts\nm2def.py"	"2483"	"1674F9E4CA0F8D1253CDEE2BD0EE491A7CD6899143D29249A7F1200FA59BECB7"
"04_CODE\D_finale_CODE_AND_DOCS\07_M1-M8图表修订_20260806\04_pagtn\env\Tools\scripts\objgraph.py"	"5942"	"449B5FDD4D45D1568AB834E19EEBCA618BAACF568F0C4FF4B8C8A7C5C0925939"
"04_CODE\D_finale_CODE_AND_DOCS\07_M1-M8图表修订_20260806\04_pagtn\env\Tools\scripts\parse_html5_entities.py"	"3999"	"1D0D62CDC5AAE0B6091F79CD942B64D6B00373E9A30B93DA7F03C3FDC4647307"
"04_CODE\D_finale_CODE_AND_DOCS\07_M1-M8图表修订_20260806\04_pagtn\env\Tools\scripts\parseentities.py"	"1740"	"EB781E21CB5C8E66B433BFF4471EE8CABC7A66F173B1B559455DDDBDFDD6E22E"
"04_CODE\D_finale_CODE_AND_DOCS\07_M1-M8图表修订_20260806\04_pagtn\env\Tools\scripts\patchcheck.py"	"10048"	"CECDB7E7574997037169FFDCCE8E52260EA5A3593FCB8A8DD9B2DD17AF278839"
"04_CODE\D_finale_CODE_AND_DOCS\07_M1-M8图表修订_20260806\04_pagtn\env\Tools\scripts\pathfix.py"	"6787"	"7A2FF222346D3C95B08814E3372975823E099C17DDDAA73A459A3D840E6E9C1B"
"04_CODE\D_finale_CODE_AND_DOCS\07_M1-M8图表修订_20260806\04_pagtn\env\Tools\scripts\pdeps.py"	"4004"	"034BCA275F172D7E67FF3E504BB5314765619E24943480321A2838BE58ACF403"
"04_CODE\D_finale_CODE_AND_DOCS\07_M1-M8图表修订_20260806\04_pagtn\env\Tools\scripts\pep384_macrocheck.py"	"4719"	"C0619417BC16FC80128048E8751C5261F2AFD61F7A87FDC350A63936FCAF8D20"
"04_CODE\D_finale_CODE_AND_DOCS\07_M1-M8图表修订_20260806\04_pagtn\env\Tools\scripts\pickle2db.py"	"4021"	"E89C4EAB0B199EB58EC21C2506EDA27D46F838E1D0F84565B7CABFC8054FCB70"
"04_CODE\D_finale_CODE_AND_DOCS\07_M1-M8图表修订_20260806\04_pagtn\env\Tools\scripts\pindent.py"	"17127"	"298BA6FF015BB3B43ABD7012BF33E5A57786DA99DB45741D0687C4914A3B3664"
"04_CODE\D_finale_CODE_AND_DOCS\07_M1-M8图表修订_20260806\04_pagtn\env\Tools\scripts\ptags.py"	"1315"	"EF7B450C4FEB07BB8A4087C4D5824C05297A71FEA72A1B4C265D83FFEB9475D6"
"04_CODE\D_finale_CODE_AND_DOCS\07_M1-M8图表修订_20260806\04_pagtn\env\Tools\scripts\pydoc3.py"	"80"	"F03AE1CF496AD34A2CF82E33FF0A975878CCCF769475015E95A7E0955D6E7063"
"04_CODE\D_finale_CODE_AND_DOCS\07_M1-M8图表修订_20260806\04_pagtn\env\Tools\scripts\pysource.py"	"3864"	"BDC639DB52BAB3683ADF8748F902A4D30346EB12B8A085F92A6090AD6D71D564"
"04_CODE\D_finale_CODE_AND_DOCS\07_M1-M8图表修订_20260806\04_pagtn\env\Tools\scripts\reindent.py"	"11647"	"79AFA4E2EF0CFCA510D852A2A0E22FF15C0E5A0455A9D4F416F9761CD548C6D9"
"04_CODE\D_finale_CODE_AND_DOCS\07_M1-M8图表修订_20260806\04_pagtn\env\Tools\scripts\reindent-rst.py"	"279"	"4D367080AE5C83B172071956BB4F0CEA333D9506E8BC8A418844AE38959F9B33"
"04_CODE\D_finale_CODE_AND_DOCS\07_M1-M8图表修订_20260806\04_pagtn\env\Tools\scripts\rgrep.py"	"1580"	"54E415C277DF5A94B6FBC4C7400F0AA4213D830750F169B0999369A5C9B7608E"
"04_CODE\D_finale_CODE_AND_DOCS\07_M1-M8图表修订_20260806\04_pagtn\env\Tools\scripts\run_tests.py"	"3218"	"630C15B1414D7A61BECFFD15C6164030C0425F9449522301FD8284DF4323A8DF"
"04_CODE\D_finale_CODE_AND_DOCS\07_M1-M8图表修订_20260806\04_pagtn\env\Tools\scripts\smelly.py"	"5022"	"9AB33FF7E784BD87C937A3B398ED9703C5FF5D85878F182ABD50B955D41C6F6C"
"04_CODE\D_finale_CODE_AND_DOCS\07_M1-M8图表修订_20260806\04_pagtn\env\Tools\scripts\sortperf.py"	"5870"	"0EB887F3A10E084A1E97F1FF565AA8233EE302C28D3EB2BEF4E24EDE2DCAD4D9"
"04_CODE\D_finale_CODE_AND_DOCS\07_M1-M8图表修订_20260806\04_pagtn\env\Tools\scripts\stable_abi.py"	"25117"	"E9255BCCA702FCDC31EE01BF640BC5491F8EED5446A22C8122B0D89489705D29"
"04_CODE\D_finale_CODE_AND_DOCS\07_M1-M8图表修订_20260806\04_pagtn\env\Tools\scripts\startuptime.py"	"435"	"0A8953E19976A3FC32C98521928116C5EDC988943C64765DAF4EA85BC197CE3A"
"04_CODE\D_finale_CODE_AND_DOCS\07_M1-M8图表修订_20260806\04_pagtn\env\Tools\scripts\suff.py"	"510"	"7C9C5A591EE590D70CAEADD38AD53675412A934FADC15F798529C42C7889CAC0"
"04_CODE\D_finale_CODE_AND_DOCS\07_M1-M8图表修订_20260806\04_pagtn\env\Tools\scripts\summarize_stats.py"	"13058"	"0E2EB29D52FBD4AB13026892065891233996B08F0B8E698FA74A743353A1E6CB"
"04_CODE\D_finale_CODE_AND_DOCS\07_M1-M8图表修订_20260806\04_pagtn\env\Tools\scripts\texi2html.py"	"70373"	"B7A3601B21A0C7D5B18302930762E5740A9E199E07075067DF0381CF69501F81"
"04_CODE\D_finale_CODE_AND_DOCS\07_M1-M8图表修订_20260806\04_pagtn\env\Tools\scripts\umarshal.py"	"9818"	"ACC928A877BA357BD1BF72CAA4476E7546383C3A6FBEA4FAC5ACD361F90DDE7B"
"04_CODE\D_finale_CODE_AND_DOCS\07_M1-M8图表修订_20260806\04_pagtn\env\Tools\scripts\untabify.py"	"1296"	"A713C21B82C7118B85ED38C1E78840AFAC50D8C67D205BBEB2197170C5F750B5"
"04_CODE\D_finale_CODE_AND_DOCS\07_M1-M8图表修订_20260806\04_pagtn\env\Tools\scripts\update_file.py"	"2764"	"94F01B432EC47A5D675A50C8E44051D1629DDE33186EE2C62E4BBC6EA2FD49E6"
"04_CODE\D_finale_CODE_AND_DOCS\07_M1-M8图表修订_20260806\04_pagtn\env\Tools\scripts\var_access_benchmark.py"	"11912"	"FF0FD735A9A548CEBCE4380D9E1E7660F5F86A3D2CA3C240E4314A1231A27EA9"
"04_CODE\D_finale_CODE_AND_DOCS\07_M1-M8图表修订_20260806\04_pagtn\env\Tools\scripts\verify_ensurepip_wheels.py"	"3391"	"E16936F8170020BDFB18E6B9E977F3F99FD250DC9E69AA79B25A7CEA0B8EA749"
"04_CODE\D_finale_CODE_AND_DOCS\07_M1-M8图表修订_20260806\04_pagtn\env\Tools\scripts\which.py"	"1686"	"11B2B81AC4EE9076A0D9C0CCC789D047C9A1467F2763D12297F31B521A36CF28"
"04_CODE\D_finale_CODE_AND_DOCS\07_M1-M8图表修订_20260806\04_pagtn\env\Tools\scripts\win_add2path.py"	"1658"	"30034ACE8427493F3169BB46D870D6F0224EEA86E0E1A3E85BC5FAED1D398553"
"04_CODE\D_finale_CODE_AND_DOCS\07_M1-M8图表修订_20260806\08_reproducibility\README_REBUILD.md"	"1369"	"93B2B52D3C1B4E117A85343A7C79A9059444F866981A6901BA9FA92009AD47CE"
"04_CODE\D_finale_CODE_AND_DOCS\07_M1-M8图表修订_20260806\08_reproducibility\scripts\build_m2_fixed.py"	"4366"	"0A2FFB65846CB55E112DB359F088C7C667C81CEE32291E5B39317415FCBDB4A4"
"04_CODE\D_finale_CODE_AND_DOCS\07_M1-M8图表修订_20260806\08_reproducibility\scripts\build_m5_pagtn_final.py"	"8126"	"F8C745C014885BFBBA6F5F7EA0324AE5E1949CBF5E54D0142D29063CCD6AE837"
"04_CODE\D_finale_CODE_AND_DOCS\07_M1-M8图表修订_20260806\08_reproducibility\scripts\build_revised_deck.mjs"	"18610"	"CF0AE1689A2C8058BBDBA9DED9BD371B5A7990AE8284C1EB60E96282BB0AACCB"
"04_CODE\D_finale_CODE_AND_DOCS\07_M1-M8图表修订_20260806\08_reproducibility\scripts\build_revised_deck_portable_v2.mjs"	"1747"	"FB2102416B072ABB6D51FCD23F1FAA68F1415535B8981ABC31B620CBEC96F578"
"04_CODE\D_finale_CODE_AND_DOCS\07_M1-M8图表修订_20260806\08_reproducibility\scripts\build_revised_deck_v4.mjs"	"783"	"D22415476246E7C7500820E20E03FAF4C8B6659D4AC07C38D436C118CD43EB0D"
"04_CODE\D_finale_CODE_AND_DOCS\07_M1-M8图表修订_20260806\08_reproducibility\scripts\build_revision_figures.py"	"38237"	"88971B9F7D0E4AEFC465787D83B1C6F4B6033C7B8DA9546D39EEB579AC9C92D9"
"04_CODE\D_finale_CODE_AND_DOCS\07_M1-M8图表修订_20260806\08_reproducibility\scripts\build_source_contribution_counts.py"	"4096"	"A22C0E43D06955AD1DC562073E87E6F44517D0DCDAC698389BED1A5FD03A5366"
"04_CODE\D_finale_CODE_AND_DOCS\07_M1-M8图表修订_20260806\08_reproducibility\scripts\classify_binding_site_side.py"	"6606"	"90B03252C0C9E05128D8124D91C5A06287D7E361264A54E24C00260FA4287506"
"04_CODE\D_finale_CODE_AND_DOCS\07_M1-M8图表修订_20260806\08_reproducibility\scripts\fetch_alphafold_confidence.py"	"6469"	"76C01A881ED0761EC845564614CACFE415FBE52069EF1E84E5F975F0F428602A"
"04_CODE\D_finale_CODE_AND_DOCS\07_M1-M8图表修订_20260806\08_reproducibility\scripts\finalize_revision_release.py"	"10676"	"E81CFDF36DE26D9DAE9DA5C08F7B704DD475971B12CB7EFA73DC8BC7E66471A5"
"04_CODE\D_finale_CODE_AND_DOCS\07_M1-M8图表修订_20260806\08_reproducibility\scripts\inspect_template_deck_win.mjs"	"3070"	"E2E209A06D7A38091A0766AEB4639190133F47B59BC8C6A4DF3443C557ED4355"
"04_CODE\D_finale_CODE_AND_DOCS\07_M1-M8图表修订_20260806\08_reproducibility\scripts\make_qa_thumbnail.py"	"434"	"A8F4D829A24DA314DB94341397D38A837CA5FF734C076125889ED65D841EB2B4"
"04_CODE\D_finale_CODE_AND_DOCS\07_M1-M8图表修订_20260806\08_reproducibility\scripts\run_pagtn_sample_experiment.py"	"14540"	"1A52B333F1D114D2DF50D591369D2EB2E1563480C1528F64BBD78A7D2741B8C8"
"04_CODE\D_finale_CODE_AND_DOCS\07_M1-M8图表修订_20260806\08_reproducibility\scripts\run_pagtn_sample_experiment_v2.py"	"1002"	"62A7BD48C2FA3460560152D12C96212A2192B9DDC6B16BF5EA2E3AB149D60036"
"04_CODE\D_finale_CODE_AND_DOCS\08_V6.4_database_freeze_and_figures_20260812\03_figures\captions\M1_V64_architecture_QA.md"	"223"	"3ED3C0E0B78D46CA67E8F05621C088846B5FAC0A30E3C2F967F6CFF369D6C6AC"
"04_CODE\D_finale_CODE_AND_DOCS\08_V6.4_database_freeze_and_figures_20260812\03_figures\captions\M2_V64_protein_landscape.md"	"202"	"26501F4FDFBA2D37E0D869B4BCBC6278747351120F1BE4FF9C6415F54AF1A2EC"
"04_CODE\D_finale_CODE_AND_DOCS\08_V6.4_database_freeze_and_figures_20260812\03_figures\captions\M3_V64_expression_localization.md"	"175"	"18E850A66C924CB6E84C0399EB57D0761E167D790CECB32D6111EAEB61E62207"
"04_CODE\D_finale_CODE_AND_DOCS\08_V6.4_database_freeze_and_figures_20260812\03_figures\captions\M4_V64_disease_ontology.md"	"181"	"6B0AE49EB72112AE5E77FBED8E24D7DAEF39DAB855C66422F52A5BD15C930749"
"04_CODE\D_finale_CODE_AND_DOCS\08_V6.4_database_freeze_and_figures_20260812\03_figures\captions\M5_V64_compound_landscape.md"	"244"	"697BED3BC20E6BC571DBBF1D6B26674549D770F17B4EAE4E187F6D62C08D75AE"
"04_CODE\D_finale_CODE_AND_DOCS\08_V6.4_database_freeze_and_figures_20260812\03_figures\captions\M6_V64_binding_evidence_sites.md"	"202"	"1B5A52FED81DE4991F1FB2F48892393BA2FD4E07A11657419B3DD099072E2342"
"04_CODE\D_finale_CODE_AND_DOCS\08_V6.4_database_freeze_and_figures_20260812\06_reproducibility\scripts\assemble_validate_v64.py"	"5655"	"EFAD787611BA5412EA00AB9A577095D90B97658B1FB148D1D79AF526EEE273D7"
"04_CODE\D_finale_CODE_AND_DOCS\08_V6.4_database_freeze_and_figures_20260812\06_reproducibility\scripts\audit_ihc_duplicates.py"	"1110"	"C802AC7F467E2D3AC3D039F7B792E36BCE6D9FE356232C5036F527A1248ACACA"
"04_CODE\D_finale_CODE_AND_DOCS\08_V6.4_database_freeze_and_figures_20260812\06_reproducibility\scripts\audit_v64_fields.py"	"4791"	"AB20223296F984CE94FF74A327E55C11647B62A8730279F8F4D346C4A732C77E"
"04_CODE\D_finale_CODE_AND_DOCS\08_V6.4_database_freeze_and_figures_20260812\06_reproducibility\scripts\audit_v64_relations.py"	"3259"	"C7038A0DEA2EFDAF99369CD0C1E6BA06C1347A2B0136798A8297FAE5D801A63B"
"04_CODE\D_finale_CODE_AND_DOCS\08_V6.4_database_freeze_and_figures_20260812\06_reproducibility\scripts\build_v64_figures.py"	"14663"	"AC79441621EE3DB324D541665CDCD466C34365BD917A60A88FA1C3E118AEC240"
"04_CODE\D_finale_CODE_AND_DOCS\08_V6.4_database_freeze_and_figures_20260812\06_reproducibility\scripts\build_v64_key_fk_accession.py"	"4331"	"6D7BFB9983208B480E291F53801C17CD6DA830F458111F36B0A306FC804C39E0"
"04_CODE\D_finale_CODE_AND_DOCS\08_V6.4_database_freeze_and_figures_20260812\06_reproducibility\scripts\build_v64_stats.py"	"6341"	"2D270AD4116CE6DC9819E08535D3E789CD2498FCBD7BFA7F3329C2DA725BD942"
"04_CODE\D_finale_CODE_AND_DOCS\08_V6.4_database_freeze_and_figures_20260812\06_reproducibility\scripts\build_v64_supplementary_stats.py"	"3197"	"10CC7D47BB07736E06E90A6FE46D77EF0722A5AC1D8BE4F541BFA78FC709ED23"
"04_CODE\D_finale_CODE_AND_DOCS\08_V6.4_database_freeze_and_figures_20260812\06_reproducibility\scripts\clean_ihc_v64.py"	"1324"	"EF231585A5F3AE8A614B7383109B82EC70012ADA5160292337672BB832859D72"
"04_CODE\D_finale_CODE_AND_DOCS\08_V6.4_database_freeze_and_figures_20260812\06_reproducibility\scripts\clean_pdb_identity_v64.py"	"4248"	"D8D5C05225D2835706CF5D894F6EF18D4C45A27037E982E37D4E16555C8B6B4D"
"04_CODE\D_finale_CODE_AND_DOCS\08_V6.4_database_freeze_and_figures_20260812\06_reproducibility\scripts\scope_sample_v64.py"	"2216"	"181F95100F2DDD5D21EBE34461A3E4836C778A9DFC44CCA719DDF6747C57D9AD"
"04_CODE\D_finale_CODE_AND_DOCS\08_V6.4_database_freeze_and_figures_20260812\README.md"	"2498"	"40F0FD2A466E1C4793A81CCA2B2D3587AC435EBE307F9B837C520F2AFEB6359A"
"04_CODE\D_finale_CODE_AND_DOCS\09_V6.4.1_final_publication_triage_20260812\README.md"	"951"	"AF068349870E4B2EA2FC81B35DE97594332E73798AFB8DE69F771FFEF48D0F02"
"04_CODE\D_finale_CODE_AND_DOCS\09_V7_data_freeze_working_20260813\01_rules\V7_SCOPE_NOTICE.md"	"171"	"2137ADA4A03D32FAC8AE989472428C21DE81096A1DB6AE05F7838D3C24FBACAE"
"04_CODE\D_finale_CODE_AND_DOCS\10_MemPro_V7_public_candidate_20260812\README.md"	"1334"	"751A638EB22C1895C882EFC8FB42FE991E8EB4A3659477D8D922351379A760BB"
"04_CODE\D_finale_CODE_AND_DOCS\11_MemPro_V7_automatic_data_release_20260813\03_docs\V7_RELEASE_POLICY.md"	"498"	"45F8E8C61B2A4A915AA7BE02E210A4407A7DE9C5593814AB1179EF0E3A44FA31"
"04_CODE\D_finale_CODE_AND_DOCS\11_MemPro_V7_automatic_data_release_20260813\03_docs\V7_VERSION_CHANGELOG.md"	"676"	"328F9AD0564CB759A7CF11E3903C84CB0E789EE699CB858F06774EDF2603B439"
"04_CODE\D_finale_CODE_AND_DOCS\13_MemPro_V7_final_data_release_20260813\04_docs\README.md"	"235"	"350ECBD4B247602DC3EAD7903279F17387FE71E5F1C1E963942053C5D04ECC1E"
"04_CODE\D_finale_CODE_AND_DOCS\17_MemPro_V7.1_candidate_20260814\00_docs\APPROVED_RELEASE_RULES_V71.md"	"2817"	"68116B235A24E49B648484C9A874562E133EB3F6D2D3F3E6A37B36BD34FF4980"
"04_CODE\D_finale_CODE_AND_DOCS\17_MemPro_V7.1_candidate_20260814\00_docs\HPA_V71_INTERPRETATION.md"	"377"	"EA7625E53AA5298C8A19A120E556B6864E23C20BDDA9AEB542F7A9C220F7D834"
"04_CODE\D_finale_CODE_AND_DOCS\17_MemPro_V7.1_candidate_20260814\00_docs\V71_SCOPE_AND_LIMITATIONS.md"	"347"	"5435245DC91A7F4EE6FABAC5F160AFDC50F7600B495F6E14A03D5A74C60DAD88"
"04_CODE\D_finale_CODE_AND_DOCS\18_MemPro_V7.1_final_20260814\00_docs\APPROVED_RELEASE_RULES_V71.md"	"2817"	"68116B235A24E49B648484C9A874562E133EB3F6D2D3F3E6A37B36BD34FF4980"
"04_CODE\D_finale_CODE_AND_DOCS\18_MemPro_V7.1_final_20260814\00_docs\HPA_V71_INTERPRETATION.md"	"377"	"EA7625E53AA5298C8A19A120E556B6864E23C20BDDA9AEB542F7A9C220F7D834"
"04_CODE\D_finale_CODE_AND_DOCS\18_MemPro_V7.1_final_20260814\00_docs\V71_SCOPE_AND_LIMITATIONS.md"	"347"	"5435245DC91A7F4EE6FABAC5F160AFDC50F7600B495F6E14A03D5A74C60DAD88"
"04_CODE\D_finale_CODE_AND_DOCS\18_MemPro_V7.1_final_20260814\05_scripts\v71_inventory_baseline.py"	"2322"	"7392EF7350FF6DC3516D0C68CFCF55E6D30893F393F21681FA60A3788008A9C1"
"04_CODE\D_finale_CODE_AND_DOCS\18_MemPro_V7.1_final_20260814\05_scripts\v71_profile_modules.py"	"3361"	"9E5AD83A9BAF565E4CD91307970F2A1C60D0A69E2979D348431251A0715B627D"
"04_CODE\D_finale_CODE_AND_DOCS\18_MemPro_V7.1_final_20260814\05_scripts\v71_stage1_schema.py"	"7858"	"DE73272010FD621D39B0873C4F10096835D5404665DA2E7A642C41CEE83259B1"
"04_CODE\D_finale_CODE_AND_DOCS\18_MemPro_V7.1_final_20260814\05_scripts\v71_stage2_correct_sites.py"	"4127"	"2FDC524322812240EE98A5F55B7664AC9F2A213686501A0AD5E8456FCD318C77"
"04_CODE\D_finale_CODE_AND_DOCS\18_MemPro_V7.1_final_20260814\05_scripts\v71_stage2_sites.py"	"9016"	"7206C14844EC7286A6D9EFA8BC52F7DF3B5035909860B2E06F5A8A25AA94BF05"
"04_CODE\D_finale_CODE_AND_DOCS\18_MemPro_V7.1_final_20260814\05_scripts\v71_stage3_entities.py"	"12375"	"EDB4D4A170E7F80DC3A2DC4FA80982C3BB9D9178096C85B7FA336B5A0297473E"
"04_CODE\D_finale_CODE_AND_DOCS\18_MemPro_V7.1_final_20260814\05_scripts\v71_stage4_expression_negative.py"	"8314"	"E60123B28C7880FD0494FD33B00F8CA8D4175C7511F14107D95A060D8130AB3D"
"04_CODE\D_finale_CODE_AND_DOCS\18_MemPro_V7.1_final_20260814\05_scripts\v71_stage4_run_safe_v2.py"	"1449"	"333B091F2FC08D5D208EA65A2054DEC41E86A45934502A866E7425C5314D92D8"
"04_CODE\D_finale_CODE_AND_DOCS\18_MemPro_V7.1_final_20260814\05_scripts\v71_stage5_lineage_class_disease.py"	"8552"	"10DD109D06419A22BAD0BCA2BF4E4578E6B0CDE4616B764B700BAD5EC8B01AC5"
"04_CODE\D_finale_CODE_AND_DOCS\18_MemPro_V7.1_final_20260814\05_scripts\v71_stage6_finalize.py"	"9457"	"852832F0C84A533F5AC8D19C5E6CA2C1464BB9D17CDBEA0B65189E2C953856BC"
"04_CODE\D_finale_CODE_AND_DOCS\20_MemPro_V7.1.1_final_20260814\00_docs\APPROVED_RELEASE_RULES_V71.md"	"2817"	"68116B235A24E49B648484C9A874562E133EB3F6D2D3F3E6A37B36BD34FF4980"
"04_CODE\D_finale_CODE_AND_DOCS\20_MemPro_V7.1.1_final_20260814\00_docs\HPA_V71_INTERPRETATION.md"	"377"	"EA7625E53AA5298C8A19A120E556B6864E23C20BDDA9AEB542F7A9C220F7D834"
"04_CODE\D_finale_CODE_AND_DOCS\20_MemPro_V7.1.1_final_20260814\00_docs\V71_SCOPE_AND_LIMITATIONS.md"	"347"	"5435245DC91A7F4EE6FABAC5F160AFDC50F7600B495F6E14A03D5A74C60DAD88"
"04_CODE\D_finale_CODE_AND_DOCS\20_MemPro_V7.1.1_final_20260814\00_docs\V711_HPA_CORRECTION.md"	"496"	"861A6018D764E24B28A073A89450A2A187493347A1C99B91751689E2DC422CDB"
"04_CODE\D_finale_CODE_AND_DOCS\20_MemPro_V7.1.1_final_20260814\05_scripts\v71_inventory_baseline.py"	"2322"	"7392EF7350FF6DC3516D0C68CFCF55E6D30893F393F21681FA60A3788008A9C1"
"04_CODE\D_finale_CODE_AND_DOCS\20_MemPro_V7.1.1_final_20260814\05_scripts\v71_profile_modules.py"	"3361"	"9E5AD83A9BAF565E4CD91307970F2A1C60D0A69E2979D348431251A0715B627D"
"04_CODE\D_finale_CODE_AND_DOCS\20_MemPro_V7.1.1_final_20260814\05_scripts\v71_stage1_schema.py"	"7858"	"DE73272010FD621D39B0873C4F10096835D5404665DA2E7A642C41CEE83259B1"
"04_CODE\D_finale_CODE_AND_DOCS\20_MemPro_V7.1.1_final_20260814\05_scripts\v71_stage2_correct_sites.py"	"4127"	"2FDC524322812240EE98A5F55B7664AC9F2A213686501A0AD5E8456FCD318C77"
"04_CODE\D_finale_CODE_AND_DOCS\20_MemPro_V7.1.1_final_20260814\05_scripts\v71_stage2_sites.py"	"9016"	"7206C14844EC7286A6D9EFA8BC52F7DF3B5035909860B2E06F5A8A25AA94BF05"
"04_CODE\D_finale_CODE_AND_DOCS\20_MemPro_V7.1.1_final_20260814\05_scripts\v71_stage3_entities.py"	"12375"	"EDB4D4A170E7F80DC3A2DC4FA80982C3BB9D9178096C85B7FA336B5A0297473E"
"04_CODE\D_finale_CODE_AND_DOCS\20_MemPro_V7.1.1_final_20260814\05_scripts\v71_stage4_expression_negative.py"	"8314"	"E60123B28C7880FD0494FD33B00F8CA8D4175C7511F14107D95A060D8130AB3D"
"04_CODE\D_finale_CODE_AND_DOCS\20_MemPro_V7.1.1_final_20260814\05_scripts\v71_stage4_run_safe_v2.py"	"1449"	"333B091F2FC08D5D208EA65A2054DEC41E86A45934502A866E7425C5314D92D8"
"04_CODE\D_finale_CODE_AND_DOCS\20_MemPro_V7.1.1_final_20260814\05_scripts\v71_stage5_lineage_class_disease.py"	"8552"	"10DD109D06419A22BAD0BCA2BF4E4578E6B0CDE4616B764B700BAD5EC8B01AC5"
"04_CODE\D_finale_CODE_AND_DOCS\20_MemPro_V7.1.1_final_20260814\05_scripts\v71_stage6_finalize.py"	"9457"	"852832F0C84A533F5AC8D19C5E6CA2C1464BB9D17CDBEA0B65189E2C953856BC"
"04_CODE\D_finale_CODE_AND_DOCS\21_MemPro_V7.1.1_figures_20260814\04_captions\M1_V711_caption.md"	"241"	"DD0B78FDCBD1A06A85F356F0D502DD32851BDD201520D36DD17095AD7F368B18"
"04_CODE\D_finale_CODE_AND_DOCS\21_MemPro_V7.1.1_figures_20260814\04_captions\M2_V711_caption.md"	"240"	"A7193B1449242F90BCB9EEC8204DF2072AFC9EC09C259E428A03080D64BBDA5F"
"04_CODE\D_finale_CODE_AND_DOCS\21_MemPro_V7.1.1_figures_20260814\04_captions\M3_V711_caption.md"	"250"	"0C2A1A851AD88C03EDAE5CDE0C239B91F3ED4E411BC45F9AADEA6D4DD69BD4C4"
"04_CODE\D_finale_CODE_AND_DOCS\21_MemPro_V7.1.1_figures_20260814\04_captions\M4_V711_caption.md"	"255"	"DF6755F42CEDA45D53F5E9163E7A334B0F4D18F8B2441E2D18B6233567F98B87"
"04_CODE\D_finale_CODE_AND_DOCS\21_MemPro_V7.1.1_figures_20260814\04_captions\M5_V711_caption.md"	"267"	"60AD325A3FC6AA4BD58C7FF00C220316CE2C5874BFF6A94C3B759E9F7C8DB2AD"
"04_CODE\D_finale_CODE_AND_DOCS\21_MemPro_V7.1.1_figures_20260814\04_captions\M6_V711_caption.md"	"282"	"A643CBA0D1E9D2D5F16C1489E511A36B20897D6CE3A08086D4E234C4B6A63672"
"04_CODE\D_finale_CODE_AND_DOCS\21_MemPro_V7.1.1_figures_20260814\04_captions\M7_V711_caption.md"	"244"	"489F1261FBE0A70FE13245FA68BB68357B0E72CB1742D120C44E590E94253FB1"
"04_CODE\D_finale_CODE_AND_DOCS\21_MemPro_V7.1.1_figures_20260814\04_captions\M8_V711_caption.md"	"202"	"0B7E871295D48AADD41AE56D300824645FB89970E85AB3551B641013FE2AE78C"
"04_CODE\D_finale_CODE_AND_DOCS\21_MemPro_V7.1.1_figures_20260814\06_reproducibility\build_v711_figure_stats.py"	"9376"	"69E24748983443464F92FF3FD550F107AF992880507FE82AEC92E27D73B78088"
"04_CODE\D_finale_CODE_AND_DOCS\21_MemPro_V7.1.1_figures_20260814\06_reproducibility\draw_v711_m1_m8.py"	"20414"	"4CC85FB674ABC95A1C4626AD947FED6D5DF53ADBD278F13BBEB230A5B4044E8E"
"04_CODE\D_finale_CODE_AND_DOCS\21_MemPro_V7.1.1_figures_20260814\06_reproducibility\finalize_v711_figures.py"	"3624"	"7BB8D7B3F9840825925B889E03FF08C0531FFBC8E3B22642DC9ACB4D738AFCF0"
"04_CODE\D_finale_CODE_AND_DOCS\21_MemPro_V7.1.1_figures_20260814\README.md"	"789"	"A1383C23C2B98BE326AEFA0A527FC9CDDAFF33F9FB3B77F9D0628F76CEA3AC5F"
"04_CODE\D_finale_CODE_AND_DOCS\docking_rescore_20260811\README.md"	"1140"	"597B4D2D6D404E9871EB07E309A90E71E06FD3C721047AC7BE9B650ADEDADB4F"
"04_CODE\D_finale_CODE_AND_DOCS\handoff\MemPro_Docking_Dscope_14404_20260811\audit_unk_removal.py"	"5933"	"1E129B07A6D6401D65DD0AFF130DF75A57CC4CDB74E1FCAA4D72CFAE6771FD27"
"04_CODE\D_finale_CODE_AND_DOCS\handoff\MemPro_Docking_Dscope_14404_20260811\environment.yml"	"106"	"114EB6BECC84C6FF6B1C51ECEA26673523509F0801449D17B610976609F32402"
"04_CODE\D_finale_CODE_AND_DOCS\handoff\MemPro_Docking_Dscope_14404_20260811\pipeline\00_validate_and_stage.py"	"567"	"BE443B351C4CF6BC874EFF1ADE71E5DF44EEB4CF9A220B7B7A2CA0640F8F7CB7"
"04_CODE\D_finale_CODE_AND_DOCS\handoff\MemPro_Docking_Dscope_14404_20260811\pipeline\01_download_pdbs.sh"	"2138"	"71A50F9D5B00F09D10D0053A50B8316202E2008DCCDB2DF2ADAD41B5527F2E0B"
"04_CODE\D_finale_CODE_AND_DOCS\handoff\MemPro_Docking_Dscope_14404_20260811\pipeline\02_prepare_proteins.sh"	"2523"	"7D1B0C1C9A18B930AAE74F71A0ACF51D362697AEF7D5E4A5048E1D63689F7A48"
"04_CODE\D_finale_CODE_AND_DOCS\handoff\MemPro_Docking_Dscope_14404_20260811\pipeline\03_prepare_ligands.sh"	"1216"	"5BEC7167B632BFCD280C183DD41603D5B245173CE85951E6E2A295621D7E6D61"
"04_CODE\D_finale_CODE_AND_DOCS\handoff\MemPro_Docking_Dscope_14404_20260811\pipeline\04_compute_grid_boxes.py"	"31685"	"4A439035EFECF50431C32FB7BBD7AD5851240FA86B5C6DED953170EC8315A130"
"04_CODE\D_finale_CODE_AND_DOCS\handoff\MemPro_Docking_Dscope_14404_20260811\pipeline\05_generate_configs.py"	"1418"	"6012618BC3919F9A7933158D636E6C938011229CAD7B7071002B09102B4F3291"
"04_CODE\D_finale_CODE_AND_DOCS\handoff\MemPro_Docking_Dscope_14404_20260811\pipeline\06_smoke_test.sh"	"444"	"F7687D18DB244FF70D7F135DFA5E50D4D5839E4438BC2F44A387B927C4227883"
"04_CODE\D_finale_CODE_AND_DOCS\handoff\MemPro_Docking_Dscope_14404_20260811\pipeline\07_run_docking.sh"	"706"	"1C4D0222A8ED35AC79BF6B23A8032B88439D61A53B9539FFE7460D67B34B5708"
"04_CODE\D_finale_CODE_AND_DOCS\handoff\MemPro_Docking_Dscope_14404_20260811\pipeline\audit_unk_removal.py"	"5933"	"1E129B07A6D6401D65DD0AFF130DF75A57CC4CDB74E1FCAA4D72CFAE6771FD27"
"04_CODE\D_finale_CODE_AND_DOCS\handoff\MemPro_Docking_Dscope_14404_20260811\pipeline\download_sifts_mappings.py"	"9960"	"CC206B32440829F6C95F14B72C4360607BC22F279DE157EBE5762CDBEFA37613"
"04_CODE\D_finale_CODE_AND_DOCS\handoff\MemPro_Docking_Dscope_14404_20260811\README.md"	"1196"	"F1E9AD74635F422D7D4D82FAC91DA27062C2B820C52D4D9013F18177F201A66E"
"04_CODE\D_finale_CODE_AND_DOCS\handoff\MemPro_Docking_Dscope_14404_20260811\RUN_ME.sh"	"760"	"CB4BB07CBD5FED23B5145E286CE53B1B7215234F3241BF90BFAD92231EC969D3"
"04_CODE\D_finale_CODE_AND_DOCS\handoff\MemPro_Docking_Dscope_RCSBclean_14333_20260811\audit_unk_removal.py"	"5933"	"1E129B07A6D6401D65DD0AFF130DF75A57CC4CDB74E1FCAA4D72CFAE6771FD27"
"04_CODE\D_finale_CODE_AND_DOCS\handoff\MemPro_Docking_Dscope_RCSBclean_14333_20260811\environment.yml"	"106"	"114EB6BECC84C6FF6B1C51ECEA26673523509F0801449D17B610976609F32402"
"04_CODE\D_finale_CODE_AND_DOCS\handoff\MemPro_Docking_Dscope_RCSBclean_14333_20260811\pipeline\00_validate_and_stage.py"	"560"	"3470462676107C45CA201F6A7261C69103E25B561949D4F741D0DD484C1041A6"
"04_CODE\D_finale_CODE_AND_DOCS\handoff\MemPro_Docking_Dscope_RCSBclean_14333_20260811\pipeline\01_download_pdbs.sh"	"2138"	"71A50F9D5B00F09D10D0053A50B8316202E2008DCCDB2DF2ADAD41B5527F2E0B"
"04_CODE\D_finale_CODE_AND_DOCS\handoff\MemPro_Docking_Dscope_RCSBclean_14333_20260811\pipeline\02_prepare_proteins.sh"	"2523"	"7D1B0C1C9A18B930AAE74F71A0ACF51D362697AEF7D5E4A5048E1D63689F7A48"
"04_CODE\D_finale_CODE_AND_DOCS\handoff\MemPro_Docking_Dscope_RCSBclean_14333_20260811\pipeline\03_prepare_ligands.sh"	"1216"	"5BEC7167B632BFCD280C183DD41603D5B245173CE85951E6E2A295621D7E6D61"
"04_CODE\D_finale_CODE_AND_DOCS\handoff\MemPro_Docking_Dscope_RCSBclean_14333_20260811\pipeline\04_compute_grid_boxes.py"	"31685"	"4A439035EFECF50431C32FB7BBD7AD5851240FA86B5C6DED953170EC8315A130"
"04_CODE\D_finale_CODE_AND_DOCS\handoff\MemPro_Docking_Dscope_RCSBclean_14333_20260811\pipeline\05_generate_configs.py"	"1418"	"6012618BC3919F9A7933158D636E6C938011229CAD7B7071002B09102B4F3291"
"04_CODE\D_finale_CODE_AND_DOCS\handoff\MemPro_Docking_Dscope_RCSBclean_14333_20260811\pipeline\06_smoke_test.sh"	"444"	"F7687D18DB244FF70D7F135DFA5E50D4D5839E4438BC2F44A387B927C4227883"
"04_CODE\D_finale_CODE_AND_DOCS\handoff\MemPro_Docking_Dscope_RCSBclean_14333_20260811\pipeline\07_run_docking.sh"	"706"	"1C4D0222A8ED35AC79BF6B23A8032B88439D61A53B9539FFE7460D67B34B5708"
"04_CODE\D_finale_CODE_AND_DOCS\handoff\MemPro_Docking_Dscope_RCSBclean_14333_20260811\pipeline\audit_unk_removal.py"	"5933"	"1E129B07A6D6401D65DD0AFF130DF75A57CC4CDB74E1FCAA4D72CFAE6771FD27"
"04_CODE\D_finale_CODE_AND_DOCS\handoff\MemPro_Docking_Dscope_RCSBclean_14333_20260811\pipeline\download_sifts_mappings.py"	"9960"	"CC206B32440829F6C95F14B72C4360607BC22F279DE157EBE5762CDBEFA37613"
"04_CODE\D_finale_CODE_AND_DOCS\handoff\MemPro_Docking_Dscope_RCSBclean_14333_20260811\README.md"	"515"	"19EC1FDC015B8B89C6E00FDD24C79F9C5A93A7DC7030DFE9480F0CEF48BEC844"
"04_CODE\D_finale_CODE_AND_DOCS\handoff\MemPro_Docking_Dscope_RCSBclean_14333_20260811\RUN_ME.sh"	"760"	"CB4BB07CBD5FED23B5145E286CE53B1B7215234F3241BF90BFAD92231EC969D3"
"04_CODE\D_finale_CODE_AND_DOCS\MemPro_M1_M8_AGENT_REPRO_20260806\00_docs\REVISION_COMPLETION_REPORT.md"	"2967"	"96EABA8422E6D195D791E9A18BBABEDEB1859D9115E319F530817850BD12D526"
"04_CODE\D_finale_CODE_AND_DOCS\MemPro_M1_M8_AGENT_REPRO_20260806\08_reproducibility\README_REBUILD.md"	"1369"	"93B2B52D3C1B4E117A85343A7C79A9059444F866981A6901BA9FA92009AD47CE"
"04_CODE\D_finale_CODE_AND_DOCS\MemPro_M1_M8_AGENT_REPRO_20260806\08_reproducibility\scripts\agent_reproduce.py"	"3713"	"7570A722D6C200D80B3F1514FD09807866B655AA9D68429E1711786934DFCF76"
"04_CODE\D_finale_CODE_AND_DOCS\MemPro_M1_M8_AGENT_REPRO_20260806\08_reproducibility\scripts\build_m2_fixed.py"	"4366"	"0A2FFB65846CB55E112DB359F088C7C667C81CEE32291E5B39317415FCBDB4A4"
"04_CODE\D_finale_CODE_AND_DOCS\MemPro_M1_M8_AGENT_REPRO_20260806\08_reproducibility\scripts\build_m5_pagtn_final.py"	"8126"	"F8C745C014885BFBBA6F5F7EA0324AE5E1949CBF5E54D0142D29063CCD6AE837"
"04_CODE\D_finale_CODE_AND_DOCS\MemPro_M1_M8_AGENT_REPRO_20260806\08_reproducibility\scripts\build_ppt.mjs"	"1747"	"FB2102416B072ABB6D51FCD23F1FAA68F1415535B8981ABC31B620CBEC96F578"
"04_CODE\D_finale_CODE_AND_DOCS\MemPro_M1_M8_AGENT_REPRO_20260806\08_reproducibility\scripts\build_revised_deck.mjs"	"18610"	"CF0AE1689A2C8058BBDBA9DED9BD371B5A7990AE8284C1EB60E96282BB0AACCB"
"04_CODE\D_finale_CODE_AND_DOCS\MemPro_M1_M8_AGENT_REPRO_20260806\08_reproducibility\scripts\build_revised_deck_portable_v2.mjs"	"1747"	"FB2102416B072ABB6D51FCD23F1FAA68F1415535B8981ABC31B620CBEC96F578"
"04_CODE\D_finale_CODE_AND_DOCS\MemPro_M1_M8_AGENT_REPRO_20260806\08_reproducibility\scripts\build_revised_deck_v4.mjs"	"783"	"D22415476246E7C7500820E20E03FAF4C8B6659D4AC07C38D436C118CD43EB0D"
"04_CODE\D_finale_CODE_AND_DOCS\MemPro_M1_M8_AGENT_REPRO_20260806\08_reproducibility\scripts\build_revision_figures.py"	"38237"	"88971B9F7D0E4AEFC465787D83B1C6F4B6033C7B8DA9546D39EEB579AC9C92D9"
"04_CODE\D_finale_CODE_AND_DOCS\MemPro_M1_M8_AGENT_REPRO_20260806\08_reproducibility\scripts\build_source_contribution_counts.py"	"4096"	"A22C0E43D06955AD1DC562073E87E6F44517D0DCDAC698389BED1A5FD03A5366"
"04_CODE\D_finale_CODE_AND_DOCS\MemPro_M1_M8_AGENT_REPRO_20260806\08_reproducibility\scripts\classify_binding_site_side.py"	"6606"	"90B03252C0C9E05128D8124D91C5A06287D7E361264A54E24C00260FA4287506"
"04_CODE\D_finale_CODE_AND_DOCS\MemPro_M1_M8_AGENT_REPRO_20260806\08_reproducibility\scripts\fetch_alphafold_confidence.py"	"6469"	"76C01A881ED0761EC845564614CACFE415FBE52069EF1E84E5F975F0F428602A"
"04_CODE\D_finale_CODE_AND_DOCS\MemPro_M1_M8_AGENT_REPRO_20260806\08_reproducibility\scripts\finalize_revision_release.py"	"10676"	"E81CFDF36DE26D9DAE9DA5C08F7B704DD475971B12CB7EFA73DC8BC7E66471A5"
"04_CODE\D_finale_CODE_AND_DOCS\MemPro_M1_M8_AGENT_REPRO_20260806\08_reproducibility\scripts\inspect_template_deck_win.mjs"	"3070"	"E2E209A06D7A38091A0766AEB4639190133F47B59BC8C6A4DF3443C557ED4355"
"04_CODE\D_finale_CODE_AND_DOCS\MemPro_M1_M8_AGENT_REPRO_20260806\08_reproducibility\scripts\make_qa_thumbnail.py"	"434"	"A8F4D829A24DA314DB94341397D38A837CA5FF734C076125889ED65D841EB2B4"
"04_CODE\D_finale_CODE_AND_DOCS\MemPro_M1_M8_AGENT_REPRO_20260806\08_reproducibility\scripts\run_pagtn_sample_experiment.py"	"14540"	"1A52B333F1D114D2DF50D591369D2EB2E1563480C1528F64BBD78A7D2741B8C8"
"04_CODE\D_finale_CODE_AND_DOCS\MemPro_M1_M8_AGENT_REPRO_20260806\08_reproducibility\scripts\run_pagtn_sample_experiment_v2.py"	"1002"	"62A7BD48C2FA3460560152D12C96212A2192B9DDC6B16BF5EA2E3AB149D60036"
"04_CODE\D_finale_CODE_AND_DOCS\MemPro_M1_M8_AGENT_REPRO_20260806\08_reproducibility\scripts\validate_agent_reproduction.py"	"1788"	"EEF5E71EE9593E7B34A357CD48B00BFE049218652C73B23809A92141380C584B"
"04_CODE\D_finale_CODE_AND_DOCS\MemPro_M1_M8_AGENT_REPRO_20260806\RUN_REPRODUCE.ps1"	"1110"	"5B785DA97943D78C7FCA4EBB4B6BA2D4167CF567E4B27E55ADFDB79E5D6F5EA4"
"04_CODE\D_finale_CODE_AND_DOCS\MemPro_M1_M8_AGENT_REPRO_20260806\START_HERE_AGENT.md"	"2226"	"CE516474CF2E5F1A8ADFACE1AF54CA9270EE1D44FC2A5424CC0F0401EB838016"
"04_CODE\D_finale_CODE_AND_DOCS\negative_upgrade\01_extract_cids.py"	"4349"	"3ABDB98194C6E2F27899AC286A5D3F016D3C7C0A701049738573414971FF3438"
"04_CODE\D_finale_CODE_AND_DOCS\negative_upgrade\02_query_pubchem.py"	"10051"	"C66A6E74EFBE425092F9A5F803EDA57E7F4B0D13043FD9880C28156B34C9D768"
"04_CODE\D_finale_CODE_AND_DOCS\negative_upgrade\03_build_and_backfill.py"	"14847"	"5F957C8BAC5B172B072E7E312278E34F362454C69ADC894FA92F6957DC8AAAA5"
"04_CODE\D_finale_CODE_AND_DOCS\negative_upgrade\03b_backfill_existing.py"	"4744"	"F5014428C857507C5E2318740CA9C3E3C55520A96798954605F5944B6E77C6B3"
"04_CODE\D_finale_CODE_AND_DOCS\negative_upgrade\03c_trim_unmapped.py"	"1085"	"37EF097F24B746A366BAEA5FA27077A52DDF5ACB425BC6D6A4E2D42375B043C5"
"04_CODE\D_finale_CODE_AND_DOCS\negative_upgrade\04_validate.py"	"4541"	"F5CDA39EE9F3DC58B3350243D455848AF3CA2716DF99E6B3A0591BE75249B0D2"
"04_CODE\D_finale_CODE_AND_DOCS\negative_upgrade\05_query_sid.py"	"6234"	"2D1B089DDBCAA97EE641F73237CF9125A833E9ED0CBDA1DEB0D6102FBE912D80"
"04_CODE\D_finale_CODE_AND_DOCS\negative_upgrade\05b_explore_alternatives.py"	"5215"	"1A1A9BE07F1117EE17AD0B2006F5C9C73F61640A651BCD696ADF0970401CADB7"
"04_CODE\D_finale_CODE_AND_DOCS\negative_upgrade\05c_sid_synonyms.py"	"6768"	"83DCE289F83A7C48FDDB8076544177961A1C7B7051019CA479671A9FAE510BF5"
"04_CODE\D_finale_CODE_AND_DOCS\negative_upgrade\05d_resolve_synonyms.py"	"11522"	"1A2ADFA970362C9BBAAA5C4E4F1A60C1DFF20F52D5866A9EB726B6916DDF55F5"
"04_CODE\D_finale_CODE_AND_DOCS\negative_upgrade\05e_backfill_cas.py"	"11143"	"103750201E04402102ED3A39677B88FBE07537F9B2117A9653328C1749635116"
"04_CODE\D_finale_CODE_AND_DOCS\negative_upgrade\06_biological_status_binding_sites.py"	"19261"	"94D9BF060629D4C1C4EA0F5E751068479748E95E5CCD8AE547AAF5D6C462F981"
"04_CODE\D_finale_CODE_AND_DOCS\negative_upgrade\07_build_excel.py"	"20311"	"BC6555C249F6BC26819A86556B4873A3E8943A5F9DD5EEE248FE3D36FE40896C"
"04_CODE\D_finale_CODE_AND_DOCS\negative_upgrade\08_deep_dive_residues.py"	"8106"	"81FE7395DA09A11D7092484AC4B115CD55CAC0EDA81FF0AB34930C074A751A2B"
"04_CODE\D_finale_CODE_AND_DOCS\negative_upgrade\09_prepare_docking.py"	"22721"	"AB21F8EDD32D42127580507AF62B58AA0F9990C24F264B25191D5F115D40313D"
"04_CODE\D_finale_CODE_AND_DOCS\negative_upgrade\09b_prepare_docking_full.py"	"15450"	"80C892C3C961625F888545849AEB215C9E860EA6D0001F8994BECB8CD766E9A9"
"04_CODE\D_finale_CODE_AND_DOCS\negative_upgrade\10_full_tier_analysis.py"	"7196"	"DC3152018CA2DFFB24FE5705E94F285D5BE0406046374BFC1A4A28ED47B05C67"
"04_CODE\D_finale_CODE_AND_DOCS\negative_upgrade\11_correct_tier_analysis.py"	"9812"	"1C7CBAEB044E031A2738AB1CD7C2F41882F646222451ACE0D062E58987572EDD"
"04_CODE\D_finale_CODE_AND_DOCS\negative_upgrade\12_add_scoring_to_manifest.py"	"9499"	"082CBB06754283F1383B437B54BFA0D707F05FC15950FB52A637CC881D820907"
"04_CODE\D_finale_CODE_AND_DOCS\negative_upgrade\13_build_final_package.py"	"12535"	"7D857AD81F092014C27E09C55DF4AC360DB71E80593919D0EC5BC533F668D674"
"04_CODE\D_finale_CODE_AND_DOCS\negative_upgrade\14_build_full_package.py"	"16976"	"AC22CD19B4D36768934F11608B53656DE3F2B657F09F01B735FE0AEE873F28AD"
"04_CODE\D_finale_CODE_AND_DOCS\negative_upgrade\15_build_minimal_package.py"	"8300"	"D7E2869EB1D781ADE6A6A96DC46493CB2D57222B29821B0B77F6F1A2C6EA306D"
"04_CODE\D_finale_CODE_AND_DOCS\negative_upgrade\16_full_binding_site_export.py"	"14312"	"41B89044655212203E319F325E3C9F0DD30BA2B7624C4F40F3171D183CAB7113"
"04_CODE\D_finale_CODE_AND_DOCS\negative_upgrade\17_organize_export_folder.py"	"18306"	"24A1A133E5D2C3723A5C1C1A030FF0938CDD7E014B2A1DEC8C63148D87EE70A3"
"04_CODE\D_finale_CODE_AND_DOCS\negative_upgrade\A100_docking_setup_guide.md"	"12457"	"DBA29624A454A14AD9582C9893AB459FA3A6D2CC3B36F9312D79A6EBDF3DE5BE"
"04_CODE\D_finale_CODE_AND_DOCS\negative_upgrade\docking_package\01_download_pdbs.sh"	"2135"	"FAD139E66E46376351EFEE3E3B634AE7865F450FE3FECE89BD4264F5E38E0525"
"04_CODE\D_finale_CODE_AND_DOCS\negative_upgrade\docking_package\02_prepare_proteins.sh"	"2520"	"2A000010D284E67D0831A62682F3F3E7F84123E9CD8E714C0D13843CDE34B517"
"04_CODE\D_finale_CODE_AND_DOCS\negative_upgrade\docking_package\03_prepare_ligands.sh"	"1213"	"C004F46C5898BEA705EBC76D39871E69615B1BD8AC1CE3320E48F4C1D61CF445"
"04_CODE\D_finale_CODE_AND_DOCS\negative_upgrade\docking_package\04_compute_grid_boxes.py"	"31685"	"4A439035EFECF50431C32FB7BBD7AD5851240FA86B5C6DED953170EC8315A130"
"04_CODE\D_finale_CODE_AND_DOCS\negative_upgrade\docking_package\05_run_docking.sh"	"2129"	"CEE17386A132461EAF07C9AAE71C66CD1C045AA24B7E034CCE8EEE32291751AF"
"04_CODE\D_finale_CODE_AND_DOCS\negative_upgrade\docking_package\06_test_run.sh"	"2189"	"70D7A93E12A2F0593558BADAC2F290DA53448F67B1CB3E55C820C3C85E61B6E9"
"04_CODE\D_finale_CODE_AND_DOCS\negative_upgrade\docking_package\audit_unk_removal.py"	"5933"	"1E129B07A6D6401D65DD0AFF130DF75A57CC4CDB74E1FCAA4D72CFAE6771FD27"
"04_CODE\D_finale_CODE_AND_DOCS\negative_upgrade\docking_package\build_task_manifest.py"	"5440"	"A3918A1B0258CE292AE388EBD51FDAB0307BEC12049CA95992722857D109F569"
"04_CODE\D_finale_CODE_AND_DOCS\negative_upgrade\docking_package\codex_handoff.md"	"6077"	"DC4449C0F2E027E064C8E4A1A66B8DF17CCED32A5B707916461C3C94848B5F29"
"04_CODE\D_finale_CODE_AND_DOCS\negative_upgrade\docking_package\deprecated\06_run_batch_vina_gpu.py"	"2490"	"F7F7004AFA00D3A08B1CF70F4D5C04171BB024C55B56001712BD6FD51F4648FF"
"04_CODE\D_finale_CODE_AND_DOCS\negative_upgrade\docking_package\deprecated\06_submit_slurm_array.sh"	"615"	"4FAC1EB246026D2343A02599B07F1B6D6F21A3EE61CE213C1DCD05160AB2A8E2"
"04_CODE\D_finale_CODE_AND_DOCS\negative_upgrade\docking_package\deprecated\README.md"	"674"	"BE70747FAD8EEC75B81E4048ABEF96C9F964B7F2364213B01AF8972742F0A56A"
"04_CODE\D_finale_CODE_AND_DOCS\negative_upgrade\docking_package\download_sifts_mappings.py"	"9960"	"CC206B32440829F6C95F14B72C4360607BC22F279DE157EBE5762CDBEFA37613"
"04_CODE\D_finale_CODE_AND_DOCS\negative_upgrade\docking_package\fix_all_configs.py"	"1940"	"9B31EE2402D69A22B906B49A04A1574F3CA9BFF6FC30D3AEF7A509A1A104D0D1"
"04_CODE\D_finale_CODE_AND_DOCS\negative_upgrade\docking_package\grid_mapping_strategy.md"	"3978"	"440295F69BFDE3FF862B75B375C3B09A5205113288DFD63FC7A320EC16C7F044"
"04_CODE\D_finale_CODE_AND_DOCS\negative_upgrade\docking_package\KNOWLEDGE.md"	"16096"	"39213C85A5449A7724E7A498DA963DDF29ECBBC9A4ECE921B9FD771C8BCA1277"
"04_CODE\D_finale_CODE_AND_DOCS\negative_upgrade\docking_package\map_pdb_residues.py"	"10947"	"5BDF57C6D9DF41ECCBD1DAE199F2D9FD204E5EE87B0E166888C9522A2CC0F8AF"
"04_CODE\D_finale_CODE_AND_DOCS\negative_upgrade\docking_package\README_DOCKING.md"	"4650"	"54D73D4351382C9017CCACD51AE73DF236EB3F41F1952B0F8D7A4050E9FBD81E"
"04_CODE\D_finale_CODE_AND_DOCS\negative_upgrade\docking_package_trial\00_setup_env.sh"	"693"	"E9E391E278800A11D59626334DE868BFCEF3A3E1CB00EBC08724506F23DA1DF2"
"04_CODE\D_finale_CODE_AND_DOCS\negative_upgrade\docking_package_trial\01_download_pdbs.sh"	"1292"	"648B442D4E91CDB3E75F3C104B3070211FD56B9DA58999DB17D2F2691550F872"
"04_CODE\D_finale_CODE_AND_DOCS\negative_upgrade\docking_package_trial\02_prepare_proteins.sh"	"865"	"4DD0EC97B688617F387680A2C11030A8B1D25BE46CCD328FDA452C2E2FD1AFD2"
"04_CODE\D_finale_CODE_AND_DOCS\negative_upgrade\docking_package_trial\03_prepare_ligands.sh"	"943"	"F0B3EF8F7BD04B289C65E18A1F3136B1E7FB167C21398956F26EC4450083665D"
"04_CODE\D_finale_CODE_AND_DOCS\negative_upgrade\docking_package_trial\04_compute_grids.sh"	"313"	"1B30B2BAD6E0E318B5EA346A595126A54481DC09EC0A40A22C48B9A040B03117"
"04_CODE\D_finale_CODE_AND_DOCS\negative_upgrade\docking_package_trial\05_run_docking.sh"	"1316"	"60DBEBCA66CED8343C1BCB67CE23993E318C5D08969BAB84496671658982390A"
"04_CODE\D_finale_CODE_AND_DOCS\negative_upgrade\docking_package_trial\compute_grid_boxes.py"	"6861"	"17135DC17259D59226A499F8FEA8364B14E22EE4F76A84855178BE8691BE7B4E"
"04_CODE\D_finale_CODE_AND_DOCS\negative_upgrade\docking_package_trial\README.md"	"6104"	"41C01CE2F98C88EA2087900A07A301FB93BBE07F1DAB70CAF6F9AAB99EB30079"
"04_CODE\D_finale_CODE_AND_DOCS\negative_upgrade\MemPro_binding_site_export\README.md"	"4535"	"09A5AFC530B97C59B719DF7E8973F68516B523CC8FBD80E69495B74D4455DAB0"
"04_CODE\D_finale_CODE_AND_DOCS\README_先看这里.md"	"2294"	"9A38E3873273E5BE42893D5B023849614C35032C5923A808D4BADC3D02F1659C"
"04_CODE\FIGURE_CODE_MemPro_narrative_v3\build_final_m1_m2.py"	"7386"	"2901AC6AB35CFBBEC358E43CA83C4FA7B9C61B41622486FE1E7161F798D02C97"
"04_CODE\FIGURE_CODE_MemPro_narrative_v3\build_stage1_m1_m2.py"	"11257"	"F84759D22A94D7665528138E71D82B27EAE7C44D0D2EEC20EA2CC43B1D56CF0E"
"04_CODE\FIGURE_CODE_MemPro_narrative_v3\build_stage2_m3_m4.py"	"13209"	"1CF22C5CC36BF54191A1FA39CB9740A3E843EC46BB2D6780AB1783079A47176F"
"04_CODE\FIGURE_CODE_MemPro_narrative_v3\build_stage3_m5_m6.py"	"11761"	"900D8A289BA55171EBAACA33EC01761E75F6EE5B98B2D85488ABA08FAAF74A0A"
"04_CODE\FIGURE_CODE_MemPro_narrative_v3\build_stage4_m7_m8.py"	"11264"	"8F29CEAB374622D85A59089AE6BF334FD245FDA24645AC36800100D20AC6654A"
"04_CODE\FIGURE_CODE_MemPro_narrative_v3\data\M1_greedy_coverage.tsv"	"209"	"33A1B7CA5B196C135DB364A66FB937ABF44BCC89B6B5CF4113857CD646A6AF84"
"04_CODE\FIGURE_CODE_MemPro_narrative_v3\data\M1_source_intersections.tsv"	"3329"	"F0F9EAE69787B14D4E64956C09A2A22D860915658E8B0F5344538AA7146068FA"
"04_CODE\FIGURE_CODE_MemPro_narrative_v3\data\M1_source_jaccard.tsv"	"830"	"609F2DC55EDB7281456CEDFB1D039D54336F361BFAB8EBABC9E3843612182626"
"04_CODE\FIGURE_CODE_MemPro_narrative_v3\data\M1_source_unique_contribution.tsv"	"211"	"D8D713AC28FE74BED93020B6ABF7812C01F42F67E57BC68813CD991FA0CD95B6"
"04_CODE\FIGURE_CODE_MemPro_narrative_v3\data\M2_cluster_top_annotations.tsv"	"4039"	"1ACA6EFE8C173B17A3538B31C4338FF69A47774B7B1D9C0DAB92741CDC77046A"
"04_CODE\FIGURE_CODE_MemPro_narrative_v3\data\M2_protein_annotation_umap.tsv"	"281121"	"1A78BF3472DC63E5F59A24E85878C829D851D17947C837BCD8B4A06EC8C1EFB7"
"04_CODE\FIGURE_CODE_MemPro_narrative_v3\data\M3_body_expression.tsv"	"247"	"41402A12B765561464F1187A7334C8372DE46D6941F4A3EA8CD1C2BBB2393C75"
"04_CODE\FIGURE_CODE_MemPro_narrative_v3\data\M3_expression_umap.tsv"	"220313"	"29F50174B735348F8403BFE540CCD24B6364D66C8846569B0F739A5C7B3CE6E0"
"04_CODE\FIGURE_CODE_MemPro_narrative_v3\data\M3_ihc_matrix.pkl"	"2373891"	"9A6EB268EAE838129F160C787B606F8812FBC59C2885E71085D635C154E01615"
"04_CODE\FIGURE_CODE_MemPro_narrative_v3\data\M3_RNA_IHC_concordance.tsv"	"2302"	"34F0C8DFEE54ADC667483815FBF2C8156EE8669C9A76F1EB47EC98D7DA3C24A0"
"04_CODE\FIGURE_CODE_MemPro_narrative_v3\data\M3_tissue_rna_matrix.pkl"	"3127447"	"67DABD4EA5F18664AAEC5B87C43C9C92A897C4B56580DF579EB0ECA18B204213"
"04_CODE\FIGURE_CODE_MemPro_narrative_v3\data\M4_body_disease.tsv"	"166"	"90F526E1FCB1D64386ADC055E8416ABA970BFE758C8C61F1CCBEF7675447BFC7"
"04_CODE\FIGURE_CODE_MemPro_narrative_v3\data\M4_disease_expression_concordance.tsv"	"1244"	"70F6C273F7FA3C409D122DDEAB2B93AE616C43CF744E8CD7566B32181DDE5902"
"04_CODE\FIGURE_CODE_MemPro_narrative_v3\data\M4_system_role_share.tsv"	"2074"	"ECC060AC42243D85C7EA81F63E4EB96E22AFADA51325CBBEA0CDADEE2D2DB3F4"
"04_CODE\FIGURE_CODE_MemPro_narrative_v3\data\M5_ECFP4_chemical_space.tsv"	"2304018"	"638E6ED1059B0C20CEC983D06234A2D215A4EDDA16AA9AD4C0671A39F89C3F78"
"04_CODE\FIGURE_CODE_MemPro_narrative_v3\data\M5_PAGTN_pilot_space.tsv"	"593080"	"D397C2C287F3C903C7D53B94C424BD171F0ACDE9F4F951A0C9FC86C8EFA3ED2C"
"04_CODE\FIGURE_CODE_MemPro_narrative_v3\data\M6_membrane_side_compound_properties.tsv"	"500411"	"D0BE75162537CB13383E229AD6F777F96133D6FFCED906965FE4F74072CF5C32"
"04_CODE\FIGURE_CODE_MemPro_narrative_v3\data\M6_target_network_edges.tsv"	"11942"	"A053598F95D15D1EE056520397699B43E53300AD03971A5AAD1963409775B2F7"
"04_CODE\FIGURE_CODE_MemPro_narrative_v3\data\M6_target_network_nodes.tsv"	"3543"	"BA67A1C2C2165C30C26426F0FCD3C90D6E8EFF19AB4E9FD6DBC0763FDBC8516C"
"04_CODE\FIGURE_CODE_MemPro_narrative_v3\data\M7_evidence_profile_intersections.tsv"	"186"	"356B677058F31E087BB6C9617D411D47474E93F9D29A09212EA7CCE5B2EADD3C"
"04_CODE\FIGURE_CODE_MemPro_narrative_v3\data\M7_modality_tier_matrix.tsv"	"150"	"D404CE90541C2ABFFCCE34EA40691647CCCAE254E56AD12B068F3F09FA104B02"
"04_CODE\FIGURE_CODE_MemPro_narrative_v3\data\M7_source_lineage_matrix.tsv"	"338"	"924ACEB0599F69B5269D06E8464192FCA506EB52CB1F8543CD512B4684D96FAD"
"04_CODE\FIGURE_CODE_MemPro_narrative_v3\data\M8_pair_readiness_tiers.tsv"	"129"	"00A858A9774F102CD12A8C7ACE381CA10F76B6A7F69339DA7981563495DFB3E4"
"04_CODE\FIGURE_CODE_MemPro_narrative_v3\data\M8_protein_priority_space.tsv"	"761325"	"FD500720499C65A3CE166181EC214C49590A74AC1106FB7EEC3BCEB3076CC5D0"
"04_CODE\FIGURE_CODE_MemPro_narrative_v3\FIGURE_DATA_SOURCES.tsv"	"2179"	"2D4438FD957D7BF9BBEF424974785E9593F0F29D2878A305F36FDEBAB72C0D12"
"04_CODE\FIGURE_CODE_MemPro_narrative_v3\figures\M1_source_overlap_and_marginal_gain.pdf"	"65854"	"6BB780058CA86594BC2C6214F02223D9D8C6EA17547692E59027F2755499BC92"
"04_CODE\FIGURE_CODE_MemPro_narrative_v3\figures\M1_source_overlap_and_marginal_gain.png"	"593660"	"9DEA7102E50F10AD07DFD27C7B7E501BDF237CAC6380CE613EDD399B837EA912"
"04_CODE\FIGURE_CODE_MemPro_narrative_v3\figures\M1_source_overlap_and_marginal_gain.svg"	"62010"	"2829D53E810C442A1478F88082E2C98CCA3D0EE0608A8DFBB88B627251BBC2D8"
"04_CODE\FIGURE_CODE_MemPro_narrative_v3\figures\M2_multi_axis_annotation_space.pdf"	"106002"	"1C897CBBDBF2FB5EA0DB0881072789CA8FCC24247F44B244D98F76F9EA5C9865"
"04_CODE\FIGURE_CODE_MemPro_narrative_v3\figures\M2_multi_axis_annotation_space.png"	"1065049"	"FC1AD90981D74661D3B943715783DF38698E9510A935B1303C69621CA60A27BD"
"04_CODE\FIGURE_CODE_MemPro_narrative_v3\figures\M2_multi_axis_annotation_space.svg"	"117167"	"9B842F741EBBD86913D03FB82E816D00D345F547F4DBF6F6420845F7CAE9A0F6"
"04_CODE\FIGURE_CODE_MemPro_narrative_v3\figures\M2_multi_axis_annotation_space_cleanfinal.pdf"	"102240"	"E0E7FFDE92DD6B4A60872EDF5F207398DC97351B7BB8B1D8C16075D9BD149816"
"04_CODE\FIGURE_CODE_MemPro_narrative_v3\figures\M2_multi_axis_annotation_space_cleanfinal.png"	"1032195"	"56927456CD1149111E2FCCA16DA690DCE1733071AC020BD9B80B313C406D1BA8"
"04_CODE\FIGURE_CODE_MemPro_narrative_v3\figures\M2_multi_axis_annotation_space_cleanfinal.svg"	"112788"	"FDE8E4A8A850C5F296B11AC6F1F7CB9786CD34CB7BEDEC9F4BB6AFC9FEE12925"
"04_CODE\FIGURE_CODE_MemPro_narrative_v3\figures\M2_multi_axis_annotation_space_final.pdf"	"105713"	"90E1C862E559E214E93E9EA9576D11F8B87D94D6CFA153DCCD43117E4FECD803"
"04_CODE\FIGURE_CODE_MemPro_narrative_v3\figures\M2_multi_axis_annotation_space_final.png"	"1065049"	"FC1AD90981D74661D3B943715783DF38698E9510A935B1303C69621CA60A27BD"
"04_CODE\FIGURE_CODE_MemPro_narrative_v3\figures\M2_multi_axis_annotation_space_final.svg"	"117167"	"ABB98071561910D0B96D7F734996216B28A8DE2C82440EE980878DB77F3FB646"
"04_CODE\FIGURE_CODE_MemPro_narrative_v3\figures\M2_multi_axis_annotation_space_final2.pdf"	"106316"	"DE31CD0B93F20811BA4BC26479E19353A40D3066341CB0E530A3E81F4ABD2356"
"04_CODE\FIGURE_CODE_MemPro_narrative_v3\figures\M2_multi_axis_annotation_space_final2.png"	"992094"	"05AD7C653D89206892AF68ACC53FF29F48C1AC1616F639E8A4E566BEB6906687"
"04_CODE\FIGURE_CODE_MemPro_narrative_v3\figures\M2_multi_axis_annotation_space_final2.svg"	"117147"	"EB4F6828DF7A7A6301C45E3E20A9DB47347954799E73D04A92D1EDFFC8B41F21"
"04_CODE\FIGURE_CODE_MemPro_narrative_v3\figures\M3_expression_space_and_RNA_IHC.pdf"	"298550"	"C58D6C34A8D8A4D29280E1774CB4B8AB79D6906A890C90F46615D070DFB24E94"
"04_CODE\FIGURE_CODE_MemPro_narrative_v3\figures\M3_expression_space_and_RNA_IHC.png"	"3039243"	"2C4E9677DFA2B8ADA87D05A08FC41F6D709DE449BAAD4EB95156078C5CD093D9"
"04_CODE\FIGURE_CODE_MemPro_narrative_v3\figures\M3_expression_space_and_RNA_IHC.svg"	"852355"	"61BB42F5C726EB02A21EF89F07F419BD6EB19AA583D0585554E1CC6507CCC368"
"04_CODE\FIGURE_CODE_MemPro_narrative_v3\figures\M3_expression_space_and_RNA_IHC_cleanfinal.pdf"	"301981"	"7D2F3AEFB76E3C18F9255B52F1B439B31446695ED61A75F22ECBB40FD1B178D5"
"04_CODE\FIGURE_CODE_MemPro_narrative_v3\figures\M3_expression_space_and_RNA_IHC_cleanfinal.png"	"3220441"	"75EBF1A57476A11BF2FE9BB576313899B931D1403BF871A878EE4AC3C4FB7111"
"04_CODE\FIGURE_CODE_MemPro_narrative_v3\figures\M3_expression_space_and_RNA_IHC_cleanfinal.svg"	"915451"	"902A14CEC5A6849E9BAA4F9B0B3D9365123D20E6278FD2C7B8E6422B162DAFBF"
"04_CODE\FIGURE_CODE_MemPro_narrative_v3\figures\M4_disease_expression_concordance.pdf"	"197630"	"114BD2B6F0301A4FDCE11F08DFEE1B55361F14E116DB5ECCD1A515400AD47D35"
"04_CODE\FIGURE_CODE_MemPro_narrative_v3\figures\M4_disease_expression_concordance.png"	"2565436"	"D97D6B2D542E7416D7051FF47F23E29F6FE2BE9C1EA6C6536FBFD1CB4F3045CE"
"04_CODE\FIGURE_CODE_MemPro_narrative_v3\figures\M4_disease_expression_concordance.svg"	"270096"	"E42A5F787BD4CC4E8B09FD1C7B0DE5DB71E85087BAF4AAF3E84FB2C44E5ED1E5"
"04_CODE\FIGURE_CODE_MemPro_narrative_v3\figures\M4_disease_expression_concordance_cleanfinal.pdf"	"197409"	"2B30E03D02D1981F37948917D1A2830F8F371C4A01B592250B8C29B6155F9DBA"
"04_CODE\FIGURE_CODE_MemPro_narrative_v3\figures\M4_disease_expression_concordance_cleanfinal.png"	"2282940"	"8968295D99A06C5B9E4700CFB38FA88A364A47C9A7E650B7446A38F0808478A8"
"04_CODE\FIGURE_CODE_MemPro_narrative_v3\figures\M4_disease_expression_concordance_cleanfinal.svg"	"269665"	"1135C78FCBC1B2D67D47631154183A0CBB9B1F516FAD2E928CDD1DBBF350D177"
"04_CODE\FIGURE_CODE_MemPro_narrative_v3\figures\M4_disease_expression_concordance_final.pdf"	"198229"	"9AA1C41C1CE5DAD5CF6CB9CB93AB2D2E7492811800C7CC4D0CCA96CB44F7DC99"
"04_CODE\FIGURE_CODE_MemPro_narrative_v3\figures\M4_disease_expression_concordance_final.png"	"2467338"	"E11C7A5B03EB9F9435CBE96DBFE518C798464060864EE29672CAAE6FB80593D9"
"04_CODE\FIGURE_CODE_MemPro_narrative_v3\figures\M4_disease_expression_concordance_final.svg"	"269937"	"018EBB32798B386C27CBE1B6CAC4F0C26CD7410F05FB19A17A4C925B34C57447"
"04_CODE\FIGURE_CODE_MemPro_narrative_v3\figures\M5_chemical_space_embedding_comparison.pdf"	"212399"	"B0AA74A44DE9D62CB4BC6DFF8F46A7EDF3852C9D48E08F681DEDF1840F05E5BD"
"04_CODE\FIGURE_CODE_MemPro_narrative_v3\figures\M5_chemical_space_embedding_comparison.png"	"3398623"	"E0A85F09633731B19386B0D6D9E9FBA0F3AD0A2F22B9CA691CB46944CEC923B3"
"04_CODE\FIGURE_CODE_MemPro_narrative_v3\figures\M5_chemical_space_embedding_comparison.svg"	"495643"	"170A5E8CE8FF285445CAE34A4316414FB8E012343D01AACAFECECB0DA5AB4940"
"04_CODE\FIGURE_CODE_MemPro_narrative_v3\figures\M5_chemical_space_embedding_comparison_cleanfinal.pdf"	"240328"	"C041A1441EE9E51C5C740AA097A3246AF0AA435EF74C416AD56E4C89AEFD2A71"
"04_CODE\FIGURE_CODE_MemPro_narrative_v3\figures\M5_chemical_space_embedding_comparison_cleanfinal.png"	"2914848"	"483889052F469F434A595413E5B9C4A47F8792337A8266B99705181A1939A7CA"
"04_CODE\FIGURE_CODE_MemPro_narrative_v3\figures\M5_chemical_space_embedding_comparison_cleanfinal.svg"	"417215"	"6297B342138EC4D083C91D4B8146EDF3D76CF0132C954756E6575AB55ED5D7F4"
"04_CODE\FIGURE_CODE_MemPro_narrative_v3\figures\M5_chemical_space_embedding_comparison_final.pdf"	"212374"	"95A4B684F5A7AC817617610C742F03CB189B67880E699B9A3F8B585C4A8BFCE4"
"04_CODE\FIGURE_CODE_MemPro_narrative_v3\figures\M5_chemical_space_embedding_comparison_final.png"	"3375710"	"95BCEB4AF77703C5D3802C6BA9EDF53EA9724278C540369BE85A9CB294306900"
"04_CODE\FIGURE_CODE_MemPro_narrative_v3\figures\M5_chemical_space_embedding_comparison_final.svg"	"495616"	"4B418A2BA8CC818FBD9D30A897B2105395F10124EBBFC066A6461962021702AA"
"04_CODE\FIGURE_CODE_MemPro_narrative_v3\figures\M6_polypharmacology_and_membrane_side.pdf"	"113048"	"31F2D991CB4B9134865E05DA3F43749FE4BC910809E5F058591AE561BEC9862F"
"04_CODE\FIGURE_CODE_MemPro_narrative_v3\figures\M6_polypharmacology_and_membrane_side.png"	"1930881"	"D509193223E2BE2E5645EA4B287BDAE81DF76740F1EC1D7D05158EE0273D3AE2"
"04_CODE\FIGURE_CODE_MemPro_narrative_v3\figures\M6_polypharmacology_and_membrane_side.svg"	"390849"	"927500F70F8FCB8329E16A288C4B54854E5E44154D903470BDCD848DACC836EF"
"04_CODE\FIGURE_CODE_MemPro_narrative_v3\figures\M6_polypharmacology_and_membrane_side_cleanfinal.pdf"	"107454"	"E91E64571EF6E0AD0BAFC46610B7DAD3D08D48F288ED9994966DB7C8B5B53047"
"04_CODE\FIGURE_CODE_MemPro_narrative_v3\figures\M6_polypharmacology_and_membrane_side_cleanfinal.png"	"1474765"	"DBA8407EB6F169629CF60E9CC51CDB685BF69191E58E22483C9CE890865EEEF7"
"04_CODE\FIGURE_CODE_MemPro_narrative_v3\figures\M6_polypharmacology_and_membrane_side_cleanfinal.svg"	"380474"	"C9711115276B683469F0BEBB8B7248B08E48648B2FE1F5AD4CF3954EF69F6979"
"04_CODE\FIGURE_CODE_MemPro_narrative_v3\figures\M6_polypharmacology_and_membrane_side_final.pdf"	"112977"	"C41D2371E31AC85B3E523D3CF3BDDEBADE68CEAC550E2D5E2EB61402F0CB9A3A"
"04_CODE\FIGURE_CODE_MemPro_narrative_v3\figures\M6_polypharmacology_and_membrane_side_final.png"	"1822667"	"42FFB5921E525C6BE6FA5D5B314E2B160ED0F196456A0C3E3AE2068A4E641F04"
"04_CODE\FIGURE_CODE_MemPro_narrative_v3\figures\M6_polypharmacology_and_membrane_side_final.svg"	"389183"	"2A5AE1E0F5101C5CDAE764E4084CF4B23AE961B89FCF404C1876AC5AA2FBB28C"
"04_CODE\FIGURE_CODE_MemPro_narrative_v3\figures\M7_evidence_profiles_and_lineage.pdf"	"62551"	"E014AAEAD0BBB46B515A10EE142E4CCA019DA053396CE8B4B85BD6BF83257666"
"04_CODE\FIGURE_CODE_MemPro_narrative_v3\figures\M7_evidence_profiles_and_lineage.png"	"714804"	"ABD71EDCE7484769E1BA46E95269E61F9AE66DBA3ADF45D2ED0D23B1FB2AA096"
"04_CODE\FIGURE_CODE_MemPro_narrative_v3\figures\M7_evidence_profiles_and_lineage.svg"	"56332"	"F3E83D827A95B44D499F728C46E41A1819BF4EC20FDDD82653EA834B0FBC2D0E"
"04_CODE\FIGURE_CODE_MemPro_narrative_v3\figures\M7_evidence_profiles_and_lineage_cleanfinal.pdf"	"62902"	"F4114DB3C967E9C498D1B2D0EB8C7B73D33EE9BC099CC17A0404547272123BCE"
"04_CODE\FIGURE_CODE_MemPro_narrative_v3\figures\M7_evidence_profiles_and_lineage_cleanfinal.png"	"560876"	"CB643AB5056D58F4CC060A545491DA9AC1541268AB8099EB01A6FCBDA17F1745"
"04_CODE\FIGURE_CODE_MemPro_narrative_v3\figures\M7_evidence_profiles_and_lineage_cleanfinal.svg"	"59332"	"2F1EFCC7EF4B2345ECB69879C5F46C2F1C602736A9DC8A4F7E8ABD15C2140C98"
"04_CODE\FIGURE_CODE_MemPro_narrative_v3\figures\M7_evidence_profiles_and_lineage_final.pdf"	"62421"	"C64801423DC4E47144CF64E1A57481FC164819115BDA2CC40DD6B168F404F36C"
"04_CODE\FIGURE_CODE_MemPro_narrative_v3\figures\M7_evidence_profiles_and_lineage_final.png"	"606873"	"6254EB81FD0D6EDA0BA11C1CE3EA86E6FAD883DA3D16FF196F2DEFFF892D12DB"
"04_CODE\FIGURE_CODE_MemPro_narrative_v3\figures\M7_evidence_profiles_and_lineage_final.svg"	"56140"	"152EF0F4BB823CEF14B96653E69F536CEA7F53F6F98E91F6E1871CB32A7CD65A"
"04_CODE\FIGURE_CODE_MemPro_narrative_v3\figures\M8_value_readiness_and_knowledge_gaps.pdf"	"58195"	"187CE1D3384225A338E9C3D2647FE2844EDD411114D871975A116B23175C01DC"
"04_CODE\FIGURE_CODE_MemPro_narrative_v3\figures\M8_value_readiness_and_knowledge_gaps.png"	"827682"	"7E26CF80B0823405D51159B2FB06812CF5715247C4D04430A9FC5075229759BC"
"04_CODE\FIGURE_CODE_MemPro_narrative_v3\figures\M8_value_readiness_and_knowledge_gaps.svg"	"96783"	"5C5D157C89E62C6CB248DB1BA6C9463706FA7CB7613F0CE28DF031BE3CDF2339"
"04_CODE\FIGURE_CODE_MemPro_narrative_v3\M1-M8_Captions_CN.md"	"4566"	"7D21A7CAA3E12A9473D4A0189ACE941D4B9EBF72A361EDA510EE4474A435BD39"
"04_CODE\FIGURE_CODE_MemPro_narrative_v3\qa\CLEAN_FINAL_RENDER_COMPLETE.json"	"108"	"E615ACA6A337C96B76AF1C0128FA57DC4E38238A875FA6BA508B3A8DEEA45038"
"04_CODE\FIGURE_CODE_MemPro_narrative_v3\qa\M1-M8_contact_sheet.png"	"1212130"	"EEFB5BD6FB2D265F7C2029365264ED892F41596978767C0C2F5E09FCA4FAF265"
"04_CODE\FIGURE_CODE_MemPro_narrative_v3\qa\M1-M8_QA_report.json"	"4400"	"225390EB99B3800BB8D7565424A41145E95E0B54516842B051B34E7C7342348E"
"04_CODE\FIGURE_CODE_MemPro_narrative_v3\qa\M1-M8_QA_report.tsv"	"1053"	"A4DF3BA1181399A5E3C888D3A9E4BDBABECFA48C2E96DAAAD94E9DA51D7049A0"
"04_CODE\FIGURE_CODE_MemPro_narrative_v3\qa\M5_embedding_QA.json"	"398"	"4BB40FD2D8C2D595B94FE464B63D3DB730D1BE1D7CC9CDDFD009C6D282A63C86"
"04_CODE\FIGURE_CODE_MemPro_narrative_v3\qa\M6_membrane_side_stats.json"	"256"	"77176543DECDB7811766920DDED9DA418E538CB59C8A2E02A7A32928FF4E494F"
"04_CODE\FIGURE_CODE_MemPro_narrative_v3\qa\STAGE1_COMPLETE.json"	"60"	"AA20C040DB7A066EE1FB1C82C2C2BCE977062C0037CFA4B92E7ABFD45CDF6009"
"04_CODE\FIGURE_CODE_MemPro_narrative_v3\qa\STAGE2_COMPLETE.json"	"84"	"C56CF36E882CC74762595F7B532CBEB1D70529A20533CB8678F47843BA980E67"
"04_CODE\FIGURE_CODE_MemPro_narrative_v3\qa\STAGE3_COMPLETE.json"	"60"	"4C9800FFBA0A638349763178DC8A94297FBBF3ABDD0558D53F80A8F5939307AD"
"04_CODE\FIGURE_CODE_MemPro_narrative_v3\qa\STAGE4_COMPLETE.json"	"45"	"6D4EBAECB9C74326CC96369388AD01315A3B7FDDE726543A7584BA0F9A568051"
"04_CODE\FIGURE_CODE_MemPro_narrative_v3\qa_full_suite.py"	"5424"	"382A89CEDD54BAE1A403ED33360C23B7382F283CF6A3D2CADD08DFC0C427D0F1"
"04_CODE\FIGURE_CODE_MemPro_narrative_v3\README_叙事统计终版.md"	"2952"	"1BFA7C4F6AD4A700A8BDDB1F6E5D8576F529D5562CAC043987DC0024F649F191"
"04_CODE\FIGURE_CODE_MemPro_narrative_v3\render_clean_final_problem_panels.py"	"22996"	"9119D457D003DF47EF53DCA9A0CC5460BB9A63D0BAD372B14F42DFA6CAF84386"
"04_CODE\FIGURE_CODE_MemPro_narrative_v3\render_m3_corrected.py"	"7053"	"C677AFDC1B0CAA8343F05011168DAA37843AF743CA751B79651EE9723416ACDF"
"05_DOCKING\LOCAL_PATCH_SOURCES\__pycache__\04b_finalize_receptor_qc.cpython-312.pyc"	"9095"	"5157627B58630188ABAE89BF70C7FDFEF572B9A81FDB350F828C1EA7879EC4B4"
"05_DOCKING\LOCAL_PATCH_SOURCES\__pycache__\05_generate_configs_v3.cpython-312.pyc"	"5505"	"DAD5489B4C34D550B5A846AB89D554BE146CB5861ED54E8C513FB8B604F91A8F"
"05_DOCKING\LOCAL_PATCH_SOURCES\__pycache__\06b_benchmark_threads_v3.cpython-312.pyc"	"4430"	"4370DD17774D44C177D4FCCA9ACE8EBBDCB5680A40741283CF7227A2E3757BB9"
"05_DOCKING\LOCAL_PATCH_SOURCES\02_prepare_proteins_v3.sh"	"1245"	"B996D679A642F64F87EC6F8F598907E89738B4DD6AC4A2B5B8FD8A05B9CF9691"
"05_DOCKING\LOCAL_PATCH_SOURCES\03_prepare_ligands.sh"	"1216"	"5BEC7167B632BFCD280C183DD41603D5B245173CE85951E6E2A295621D7E6D61"
"05_DOCKING\LOCAL_PATCH_SOURCES\04b_finalize_receptor_qc.py"	"5019"	"FA7405AB758A29F705C1877374AAFF4F5CDF5C87DE928C21D8CF6308CEACA46A"
"05_DOCKING\LOCAL_PATCH_SOURCES\05_generate_configs_v3.py"	"2717"	"43DC521363D1207FC948FA706721332D35C8315EC38FC018D65F6F5FE1CF679A"
"05_DOCKING\LOCAL_PATCH_SOURCES\06b_benchmark_threads_v3.py"	"1724"	"11874E95B90E10423577E844E8D1DEAC767FED4F5FD9223186F2EAC18907599D"
"05_DOCKING\LOCAL_PATCH_SOURCES\06c_run_thread_benchmark_v3.sh"	"1039"	"8664B55527128FA3B68297E26A9D11615BB945EBDE6945987EDCF2042EF8944B"
"05_DOCKING\LOCAL_PATCH_SOURCES\07_run_docking_v3.sh"	"1190"	"EF96C95A48F8BD0E55DB87B7962BA6DBCD863A3D18A32F20DD85B0A23731D4E2"
"05_DOCKING\LOCAL_PATCH_SOURCES\a100_validate_benchmark_v4.py"	"4493"	"F8EC1EA50B3004DB7B134A964224D0F4A05D393D1222821115FE421249DC8EFA"
"05_DOCKING\LOCAL_PATCH_SOURCES\benchmark_then_production_v5.sh"	"1144"	"D048AA83A71F4AE165C1A655714F382890F75F63A9AF2D2F8030D66B9E931318"
"05_DOCKING\LOCAL_PATCH_SOURCES\rerun_benchmark.sh"	"587"	"E0819E89E833020F558928A25BB2DDBACE1D7E8AF63FBF74F4BB6A55AC880955"
"05_DOCKING\MemPro_A100_state_20260817.tar.gz"	"2676366"	"A65C94526FD926207EB8F0E56D48F29BB60D7766DBE8F17283AFF8937E5A5D41"
"06_QA_AND_RELEASE_HISTORY\00_交接说明\01_项目与数据交接说明.md"	"2492"	"C9CD614166680756DC31E614CF48485A69307F27D19929176AEAAE920C4A3771"
"06_QA_AND_RELEASE_HISTORY\00_交接说明\02_正式表与展示图索引.md"	"3294"	"9C38A7CDB67BAC9211D260723AB48CBE4D2A830782A466C590475B4439A58D83"
"06_QA_AND_RELEASE_HISTORY\00_交接说明\03_复现流程.md"	"3029"	"67877035B1AD6AAA8D25C41B193C71602EB6C45B12735B4725C55A74C00EE6C1"
"06_QA_AND_RELEASE_HISTORY\00_交接说明\04_已知限制与授权边界.md"	"2409"	"E06A3D326C6657B89F12F94F679CD168B2BFA627AF64D0F9F416124273DB179A"
"06_QA_AND_RELEASE_HISTORY\00_交接说明\05_SOURCE_VERSIONS.tsv"	"1834"	"566E33BF1BE3A25C9CB4959C975DD66806393EA90A172DDF4EE2D7C4F0003CF0"
"06_QA_AND_RELEASE_HISTORY\00_交接说明\06_ORIGINAL_INPUT_LOCATIONS.tsv"	"948"	"A9C01A178534C0518120230846718914FE4A4EF4E830758BF1327451C40AB49D"
"06_QA_AND_RELEASE_HISTORY\00_交接说明\07_HANDOFF_SUMMARY_EN.md"	"885"	"59ABFEC205F1F4C59238208CDA84FAFF0C07F47815A9B385359BBED92A8AA1A8"
"06_QA_AND_RELEASE_HISTORY\00_交接说明\08_RELEASE_COUNTS.tsv"	"1093"	"407F22AD0EA8E12F6CC464B799BCE5BB74665951EBA92EC4FCC1EC35FD4CF812"
"06_QA_AND_RELEASE_HISTORY\04_复现代码\ENVIRONMENT.txt"	"415"	"A7E8A62AF1FE05AECC9928FB73F62AB5DFEA3577E23C25A69E41F784D95C4A6B"
"06_QA_AND_RELEASE_HISTORY\04_复现代码\evidence_expansion_config\baseline_paths.json"	"1293"	"3345CC21E0FF47E7E092BBF4321060757D1844580403A39C06F7F7883E98D102"
"06_QA_AND_RELEASE_HISTORY\04_复现代码\evidence_expansion_config\evidence_policy_v2.md"	"1304"	"D6700BF312C364BB7049F928D837175041BDB820F0CD2E9C03CD888F98337195"
"06_QA_AND_RELEASE_HISTORY\04_复现代码\evidence_expansion_config\normalized_source_schema.tsv"	"1482"	"4F15A404A55724CA975140674130F55F4D24825591F0E9BE80F276541A31D9F6"
"06_QA_AND_RELEASE_HISTORY\04_复现代码\evidence_expansion_config\source_plan.tsv"	"1917"	"8013FD6FEF81F2D6294D1D40F84B017CF3F84363C232E0E1AA48F174FFBD52A9"
"06_QA_AND_RELEASE_HISTORY\04_复现代码\evidence_expansion_scripts\audit_incremental_ready_v4.py"	"7221"	"BBE36A08A3E4BC429AFCB919F40BA1AB4164873639ACED9D6DCE361499B68DC5"
"06_QA_AND_RELEASE_HISTORY\04_复现代码\evidence_expansion_scripts\build_docking_hpc_shortlists_v62.py"	"15566"	"3F35D02AEAC939F1397450402C7A6C42EF06DD869100AE0A3D3ACD19B58F6BE1"
"06_QA_AND_RELEASE_HISTORY\04_复现代码\evidence_expansion_scripts\build_docking_selection_v1.py"	"31809"	"CBFAB4DF1D75496561E08632ED362203AB633A74531F1C42A372A644012B63F3"
"06_QA_AND_RELEASE_HISTORY\04_复现代码\evidence_expansion_scripts\build_docking_selection_v1_v61.py"	"1658"	"92B4B7D7C68EE3E7F01BF63289DFDA88D78ECA6192656E3615121D9B45F31C6C"
"06_QA_AND_RELEASE_HISTORY\04_复现代码\evidence_expansion_scripts\build_docking_selection_v1_v62.py"	"1634"	"63384235A9F72503B4C5E2C41324B6378AD124D1C49CB4ADBB9939717966FC25"
"06_QA_AND_RELEASE_HISTORY\04_复现代码\evidence_expansion_scripts\build_expression_location_module_v1.py"	"53956"	"9F059F12F891BA09F5919A778CD2403E357D0E167E8D326FAB6D26A93755EACB"
"06_QA_AND_RELEASE_HISTORY\04_复现代码\evidence_expansion_scripts\build_expression_location_module_v2.py"	"35211"	"1EF53445C2E3536F141736FAA2E6C8BFAACCE9E6FF7183D292C2791536490DC6"
"06_QA_AND_RELEASE_HISTORY\04_复现代码\evidence_expansion_scripts\build_figures_m1_m4_v62.py"	"36975"	"87CA81097C27C319C3B65BA8C4C581B0D1769E17F217ABE9922EEED25662CD9F"
"06_QA_AND_RELEASE_HISTORY\04_复现代码\evidence_expansion_scripts\build_figures_m5_m8_v62.py"	"36270"	"9C87837DF4DCBB51A9CEF90E3E9E09D748BC306440EF0FF80439142FFB0EAE57"
"06_QA_AND_RELEASE_HISTORY\04_复现代码\evidence_expansion_scripts\build_incremental_evidence_release_v6.py"	"44319"	"86F0C3410FF1D943D54AD3DB7978FA43B595DF64ACFA78D601E4A160129CB0C9"
"06_QA_AND_RELEASE_HISTORY\04_复现代码\evidence_expansion_scripts\build_incremental_master_release_v6.py"	"11874"	"F61330BB0964D95966400D838011DE0973B4724217F1C56D410A5B60CF0E1AA0"
"06_QA_AND_RELEASE_HISTORY\04_复现代码\evidence_expansion_scripts\build_integration_index_v2.py"	"8166"	"862D9FFEBC15D6AD8DE3BB6840B70F568370DE8E17F927397C322B9871C333D6"
"06_QA_AND_RELEASE_HISTORY\04_复现代码\evidence_expansion_scripts\build_pre_pubchem_incremental_delta_v3.py"	"10465"	"D88F2696CC67A72B00FB60E1246ABD1E1ACBE2F2A5EF958E58BA489C9CEC6F23"
"06_QA_AND_RELEASE_HISTORY\04_复现代码\evidence_expansion_scripts\build_source_version_figure_v62.py"	"7858"	"61C3AD127BC0C641A496466640A3DE8EF2053D0A07BC4C572C51A5E67826217F"
"06_QA_AND_RELEASE_HISTORY\04_复现代码\evidence_expansion_scripts\build_subunit_assembly_module_v1.py"	"28186"	"97504FCA01E765ACE72F47D19408CA1B7B7E7BD9A830A11E8F803E2E54948943"
"06_QA_AND_RELEASE_HISTORY\04_复现代码\evidence_expansion_scripts\build_subunit_assembly_module_v2.py"	"25700"	"159A8D68E6AFC1EC7529E433FC0E4C61FBADDEECB95B705E98A7E804D0419BA0"
"06_QA_AND_RELEASE_HISTORY\04_复现代码\evidence_expansion_scripts\build_supplementary_figures_v62.py"	"26277"	"C1B5338AD3FFCBCC9586BEEAB0027BE72476DDEF3B8A4F98E0852523A4DAD3F8"
"06_QA_AND_RELEASE_HISTORY\04_复现代码\evidence_expansion_scripts\build_v61_premerge_identity.py"	"25052"	"4FCAEB543A2F42139E2EF060B208BC938E2D067633626C0DF573754A592365B3"
"06_QA_AND_RELEASE_HISTORY\04_复现代码\evidence_expansion_scripts\build_v61_release_delta_preview.py"	"12622"	"55CC576994B225969529F5C33EEEBD4EC3136FB1D53AB58FFE056ECC29D64DC2"
"06_QA_AND_RELEASE_HISTORY\04_复现代码\evidence_expansion_scripts\correct_v61_reconciliation_freeze.py"	"4068"	"2AB257BAF21D4A0E4D98F14FDF7D4D4E43FFB43CCDAC568FA599E340EFD0E2FD"
"06_QA_AND_RELEASE_HISTORY\04_复现代码\evidence_expansion_scripts\discover_pubchem_aids_v2.py"	"7307"	"5A7CCBB76C93427C4B0E6B5E6A1C70DC57A4A21B2C7C61DC0A48AC3B55BA73AA"
"06_QA_AND_RELEASE_HISTORY\04_复现代码\evidence_expansion_scripts\download_hpa_v62.py"	"5417"	"FE3D2E1D5E8ED6CD6B061B2303C1682BBAC8353434069A2FCC0DD75853299FAA"
"06_QA_AND_RELEASE_HISTORY\04_复现代码\evidence_expansion_scripts\fetch_gpcrdb_ligands_v2.py"	"7560"	"F122CBE96E7B527548B26BAF4E56C3ED4F1C3F53DFE474F63789D4B62A1671D9"
"06_QA_AND_RELEASE_HISTORY\04_复现代码\evidence_expansion_scripts\fetch_negative_pubchem_properties_v62.py"	"8430"	"FE6121B1BD9FF10242495E686A134797BB2E1EEA55CE800B1EFA692897DB3396"
"06_QA_AND_RELEASE_HISTORY\04_复现代码\evidence_expansion_scripts\fetch_pdbe_ligand_sites_v2.py"	"8050"	"987CD9FEAD6862398EFCA3D940C498DD63AB7AEC09F77D984ECC418000FCA4BE"
"06_QA_AND_RELEASE_HISTORY\04_复现代码\evidence_expansion_scripts\fetch_pubchem_compound_properties_v61.py"	"12202"	"544AEB1CF35E6CB87C1B45D62D6A3C285D6203F80B8176116296B0F1C4FA682D"
"06_QA_AND_RELEASE_HISTORY\04_复现代码\evidence_expansion_scripts\fetch_pubchem_protein_concise_v2.py"	"10185"	"806A5F3FC7B6BC42C6CBF7F44AF3FACEDA67180802AE027403C68C8462600B0F"
"06_QA_AND_RELEASE_HISTORY\04_复现代码\evidence_expansion_scripts\fetch_rcsb_ccd_properties_v61.py"	"15673"	"516D5B35E454741644A09E16C3E18E7BF58E8806158B1B56DA9CECBD0264D07F"
"06_QA_AND_RELEASE_HISTORY\04_复现代码\evidence_expansion_scripts\figure_style_v62.py"	"8529"	"118BC135B5692E74CFDF80896E3BA8B2A1A17CB86AD1609B20BB26001B64383A"
"06_QA_AND_RELEASE_HISTORY\04_复现代码\evidence_expansion_scripts\finalize_v61_release.py"	"99928"	"E4F57E0A0328EDF60D4EC90DF2E4B3BCBC3AF14C74CC406B1B6754736F70F28B"
"06_QA_AND_RELEASE_HISTORY\04_复现代码\evidence_expansion_scripts\finalize_v62_release.py"	"35677"	"A9B8464DB511B92E3886FFFFF22BC5048D8C2DB5CDCD9D2BD5017FBD61310EA7"
"06_QA_AND_RELEASE_HISTORY\04_复现代码\evidence_expansion_scripts\freeze_baseline_v2.py"	"6781"	"B4C362A9A5A224BCA41C5EA954E8AAD6E88462A8785D0547C83A879C6EDA426E"
"06_QA_AND_RELEASE_HISTORY\04_复现代码\evidence_expansion_scripts\initialize_incremental_run_v3.py"	"7883"	"37633D777B422C0AAFF186189CCAE16233BDD3F6D860700BD64714813B980BA7"
"06_QA_AND_RELEASE_HISTORY\04_复现代码\evidence_expansion_scripts\initialize_v61_identity_expansion.py"	"15508"	"1B5BA5C079D952D53B758A057F5E015454E64D8A4771802EDC233E9DE312FA4A"
"06_QA_AND_RELEASE_HISTORY\04_复现代码\evidence_expansion_scripts\map_pubchem_properties_v61.py"	"10768"	"1C83CC2A0B24A4EA452C7907128FBD61115104DC9105B025A52B5331830E9DFA"
"06_QA_AND_RELEASE_HISTORY\04_复现代码\evidence_expansion_scripts\merge_structural_identity_candidates_v61.py"	"9650"	"6F8CB238E28E142F8EF82C3AD99B73B5A6AF66C62716AA56F652DDADF34C6793"
"06_QA_AND_RELEASE_HISTORY\04_复现代码\evidence_expansion_scripts\monitor_v61_finalization_gate.py"	"2418"	"3C60271FB158623CE2099B3E84FAFB65D1A0EDA3B3A24F2B9D6627BCECD5BD37"
"06_QA_AND_RELEASE_HISTORY\04_复现代码\evidence_expansion_scripts\normalize_brenda_human_membrane_v3.py"	"28943"	"3F2667246D92BF8754851DA38B4FFD9C92B7DFCE6F9A6292A5BF6E43A3A7F3A7"
"06_QA_AND_RELEASE_HISTORY\04_复现代码\evidence_expansion_scripts\normalize_gpcrdb_ligands_v2.py"	"22802"	"6B1186B257C527FDC0D64FBF1C0493F558A056D43D4B5AC5E1820830259B5F63"
"06_QA_AND_RELEASE_HISTORY\04_复现代码\evidence_expansion_scripts\normalize_pdbbind_membrane_v3.py"	"22210"	"660EA343C83FEE0D1F4A48F497D69B6146744E086CB48AC2A5D2F55D9736E745"
"06_QA_AND_RELEASE_HISTORY\04_复现代码\evidence_expansion_scripts\normalize_pdbe_ligand_sites_v3.py"	"17347"	"2B66A7AF83650E1A9A48AC3BA72C405F825BA873C537CB32B7AA151912EA3655"
"06_QA_AND_RELEASE_HISTORY\04_复现代码\evidence_expansion_scripts\normalize_pubchem_protein_concise_v3.py"	"18540"	"2D6E2810FFF4CCB0008613C163B1EDDFD59958409C4A01F5B9F3BFA91738D974"
"06_QA_AND_RELEASE_HISTORY\04_复现代码\evidence_expansion_scripts\preflight_v62_qa.py"	"9115"	"8ECD9AA94F05D6F7C5BA1C8C90CD4225174DE1CAE1B3B36AB6C911E94BD0C42F"
"06_QA_AND_RELEASE_HISTORY\04_复现代码\evidence_expansion_scripts\prepare_brenda_compound_identity_queue_v3.py"	"7560"	"EC486E78B1EBD03C0503E585B559254981BE19AADBC138B9867854A1AC841031"
"06_QA_AND_RELEASE_HISTORY\04_复现代码\evidence_expansion_scripts\prepare_negative_identity_v62.py"	"7746"	"27249A2B712B755DA416478E0058EB934952B928F070BD7C18B3D7EE0F8F2630"
"06_QA_AND_RELEASE_HISTORY\04_复现代码\evidence_expansion_scripts\prepare_pdbbind_membrane_subset_v2.py"	"6251"	"D2B19E0B21FDF44CDE1343088B33ED982E109CE1B44D355F06FF3D95A243676A"
"06_QA_AND_RELEASE_HISTORY\04_复现代码\evidence_expansion_scripts\prepare_pubchem_target_map_v2.py"	"2953"	"9D7ACEF847F0B23D04EB5F9879C5B10A008A38E9F04ECF831172369DF2788EE6"
"06_QA_AND_RELEASE_HISTORY\04_复现代码\evidence_expansion_scripts\profile_figure_inputs_v62.py"	"3445"	"EB96BD398C16BE256D51FC4E31FAFAE9DBAD92917BB188B68CE2153D4516EC90"
"06_QA_AND_RELEASE_HISTORY\04_复现代码\evidence_expansion_scripts\repair_v61_validation_blockers.py"	"9866"	"489BC2F23B524C61E7F102C8C8673BCD701E9B10EF046B37707E4215416CB39D"
"06_QA_AND_RELEASE_HISTORY\04_复现代码\evidence_expansion_scripts\resolve_brenda_names_v61.py"	"19888"	"0625926370177F523BF52DA2D3CEF07BB304E6447F4778F8D06F3BD6FCFC5E37"
"06_QA_AND_RELEASE_HISTORY\04_复现代码\evidence_expansion_scripts\resolve_negative_evidence_v62.py"	"36194"	"CE229550C400C114A0918C00DA8241DB7CBBB8A5D9C5DF06E8F5F64B1E6B8CC5"
"06_QA_AND_RELEASE_HISTORY\04_复现代码\evidence_expansion_scripts\resolve_pdbbind_ligands_v61.py"	"12691"	"5B4ECDA3CAEC0D08C69517FF12111D6BD1CD64E58C891E2608E9BE1F8E607342"
"06_QA_AND_RELEASE_HISTORY\04_复现代码\evidence_expansion_scripts\resume_v61_after_canonical.py"	"12166"	"534DFF3AACAF68802B3D099CA6BF76ECDAA4BDFA715A383A6B94C0D88C715571"
"06_QA_AND_RELEASE_HISTORY\04_复现代码\evidence_expansion_scripts\resume_v61_after_evidence.py"	"9627"	"FEF318B0EBD602D898174A13867467B1A7AB34EB969654635040BE61D95E959E"
"06_QA_AND_RELEASE_HISTORY\04_复现代码\evidence_expansion_scripts\resume_v61_pair_and_freeze.py"	"5606"	"9F7615885BBB652D7762B5F7A347ED3E42293C731A56C5208C7FD3BE03D9C3BB"
"06_QA_AND_RELEASE_HISTORY\04_复现代码\evidence_expansion_scripts\run_after_negative_fetch_v62.ps1"	"990"	"DFA7E13D527CF4A295A82FE51898C3A873B9DF3B8CAC28467DC66B566722105C"
"06_QA_AND_RELEASE_HISTORY\04_复现代码\evidence_expansion_scripts\run_brenda_after_pubchem_v61.py"	"956"	"457DE78EE6A9C643F043C624D3AAA00AD6BCF08101A7D536B64B1F3173A557D0"
"06_QA_AND_RELEASE_HISTORY\04_复现代码\evidence_expansion_scripts\run_finalize_incremental_v6.py"	"2903"	"4303F26375284F5B2FB033068DC8B627760CEE38D3AEF439BD47FC95A5457F34"
"06_QA_AND_RELEASE_HISTORY\04_复现代码\evidence_expansion_scripts\run_finalize_v62_when_ready.ps1"	"1214"	"AD36B36D21BF0E43FE937E18BB148330D68F62808E102B0FDA4E0EF3977553C2"
"06_QA_AND_RELEASE_HISTORY\04_复现代码\evidence_expansion_scripts\run_negative_identity_v62.ps1"	"408"	"24DC8A7EBE5823D2F2F334C4830FE31BE780DC80EA4B6B5DFBE4DC38941DB918"
"06_QA_AND_RELEASE_HISTORY\04_复现代码\evidence_expansion_scripts\run_pubchem_remaining_v61.py"	"2002"	"C8ED25482A988D4AD2830C5E1539C0EF252538E277712650814A42BCEE2237A2"
"06_QA_AND_RELEASE_HISTORY\04_复现代码\evidence_expansion_scripts\validate_and_freeze_release_v6.py"	"15340"	"A2AB6DB75398507A1E84B35BD90A3FCB1F0E6DA332A2D59F6CA12B84D8D7129D"
"06_QA_AND_RELEASE_HISTORY\04_复现代码\evidence_expansion_scripts\validate_figure_package_v62.py"	"6116"	"0340F32A7BF5551CC9DDFF160DBC97E26F575337DAF3385EDAF4351DAC8D34E2"
"06_QA_AND_RELEASE_HISTORY\04_复现代码\evidence_expansion_scripts\validate_gpcrdb_normalization_v2.py"	"7952"	"D2758F72DA51F9A2175F06A7CE63FC324B0CE30770552C254FA7F8A043D96028"
"06_QA_AND_RELEASE_HISTORY\04_复现代码\evidence_expansion_scripts\validate_v61_premerge.py"	"6390"	"DE15CE42B5A610E6C246F6115DFAA7FCBDAD80BF2A0A3232683C91CB8730BCBD"
"06_QA_AND_RELEASE_HISTORY\04_复现代码\evidence_expansion_scripts\validate_v61_release_delta_preview.py"	"6209"	"2D2D413C69C39569C6529FF390AFC2D462B4D798CCE0A2617B0C3E588FD45E14"
"06_QA_AND_RELEASE_HISTORY\04_复现代码\membrane_master_release_reproducibility\scripts\build_v52_evidence_tiers.py"	"14542"	"8991735D6F981490BFDCABCDDF4EA2DA623E44DB27544DA6D577BB1568352F03"
"06_QA_AND_RELEASE_HISTORY\04_复现代码\membrane_master_release_reproducibility\scripts\build_v53_sequence_release.py"	"12189"	"812BF64124451AA7FCB0DE9BE043D0EED85B0D1195B765E9B2344C42D7E24F84"
"06_QA_AND_RELEASE_HISTORY\04_复现代码\membrane_master_release_reproducibility\scripts\build_v53_workbook.mjs"	"17333"	"126C1BF47D6B59E945A298B14B7180EEBD2653D9FCC788630F48ABA6FE604DE2"
"06_QA_AND_RELEASE_HISTORY\04_复现代码\membrane_master_release_reproducibility\scripts\fetch_uniprot_sequences_v53.py"	"10602"	"C0BD70467C811989E3383F86306DDAF6B0779DC073B484D4CC87902AA1E6E60D"
"06_QA_AND_RELEASE_HISTORY\04_复现代码\membrane_master_release_reproducibility\scripts\validate_package_v53.py"	"15199"	"6CB93119884825A3C14F660D35A924491C848148087E6151ACA5175261B1B2B0"
"06_QA_AND_RELEASE_HISTORY\04_复现代码\membrane_master_scripts\bootstrap_v5.py"	"1810"	"13A84A73E330C3D69DD385187A74495C681036EBFB4037B0BCCB966A5CD8603C"
"06_QA_AND_RELEASE_HISTORY\04_复现代码\membrane_master_scripts\build_v5_master.py"	"53947"	"7CC8B7EC423FD934B06FA1092393520C62A20F1AE530B25A06E3693C443CD8A2"
"06_QA_AND_RELEASE_HISTORY\04_复现代码\membrane_master_scripts\build_v51_preliminary_review.py"	"32066"	"641EF24101FDF6C5887AD510B52B9C1320EF54FBD7F9C569C213AEB306540451"
"06_QA_AND_RELEASE_HISTORY\04_复现代码\membrane_master_scripts\build_v51_release.py"	"17753"	"C85E5A8177357B40D61D7579EA7BB75A721B4609135B9330AE67AA6D463BAD51"
"06_QA_AND_RELEASE_HISTORY\04_复现代码\membrane_master_scripts\build_v52_evidence_tiers.py"	"14542"	"8991735D6F981490BFDCABCDDF4EA2DA623E44DB27544DA6D577BB1568352F03"
"06_QA_AND_RELEASE_HISTORY\04_复现代码\membrane_master_scripts\build_v53_sequence_release.py"	"12189"	"812BF64124451AA7FCB0DE9BE043D0EED85B0D1195B765E9B2344C42D7E24F84"
"06_QA_AND_RELEASE_HISTORY\04_复现代码\membrane_master_scripts\download_v5_sources.ps1"	"3608"	"700325139E21365FB5F979C04889EDAB658DD98D039BA6D3742F7901C1B2B8FA"
"06_QA_AND_RELEASE_HISTORY\04_复现代码\membrane_master_scripts\download_v51_aux_sources.py"	"4129"	"E0B191356685B4E90A2BFD4C35D6298376378AD5C33C7460C3A581F8AC4A4A1F"
"06_QA_AND_RELEASE_HISTORY\04_复现代码\membrane_master_scripts\download_v51_pdbe_mappings.py"	"9669"	"8396BEA9715692713F42A752FC68E57B72C9BCD85BD980694A48D1D459765532"
"06_QA_AND_RELEASE_HISTORY\04_复现代码\membrane_master_scripts\download_v51_review_sources.py"	"5902"	"965D1D21CEF9DA444348B046322389AC654BC2A8448A97BBE0348DC0F931CE51"
"06_QA_AND_RELEASE_HISTORY\04_复现代码\membrane_master_scripts\fetch_uniprot_sequences_v53.py"	"10602"	"C0BD70467C811989E3383F86306DDAF6B0779DC073B484D4CC87902AA1E6E60D"
"06_QA_AND_RELEASE_HISTORY\04_复现代码\membrane_master_scripts\finalize_v51_review.py"	"10129"	"78DE7EF1BD349511CB3901C5D5B26093917CC0B0E362C4C1EACC535BE5366EE2"
"06_QA_AND_RELEASE_HISTORY\04_复现代码\membrane_master_scripts\package_v5_release.py"	"4922"	"D306280DE4B4861570DC30557EBAF8565AB7EB8643196174E46288A3BC20E621"
"06_QA_AND_RELEASE_HISTORY\04_复现代码\membrane_master_scripts\validate_package_v51.py"	"9274"	"10E4ED5B9B19DC29CE3EBE696C438C96F8CB0B9CADBD2F7A485EFECAFAA63998"
"06_QA_AND_RELEASE_HISTORY\04_复现代码\membrane_master_scripts\validate_package_v52.py"	"9511"	"431A5EAA9DAC40D593FB3D8A90DB7E7DD7AC80CAB7E75514666E4EBD3CA3C9B3"
"06_QA_AND_RELEASE_HISTORY\04_复现代码\membrane_master_scripts\validate_package_v53.py"	"15199"	"6CB93119884825A3C14F660D35A924491C848148087E6151ACA5175261B1B2B0"
"06_QA_AND_RELEASE_HISTORY\04_复现代码\membrane_master_scripts\validate_v5.py"	"6079"	"5C8479EC57E78EAD61301DE761D6E59F6C49D04431BF5F350AEDFCA082BB540B"
"06_QA_AND_RELEASE_HISTORY\04_复现代码\membrane_master_scripts\write_v5_docs.py"	"17233"	"75A7AF15EC81F816D829C0C3B0B6FA403D243DFD51565EBFB3FB8FC617E30EA2"
"06_QA_AND_RELEASE_HISTORY\04_复现代码\requirements_core.txt"	"533"	"6C7244824EEA599F3717E045906AE8276698552C77FFB37BD6E6B35F7E715AF9"
"06_QA_AND_RELEASE_HISTORY\04_复现代码\requirements_plotting_freeze.txt"	"1050"	"4FFD2B1ACBC4B1498DD2815C65275EB28AD49E2D3A86F279077095E08B194CE1"
"06_QA_AND_RELEASE_HISTORY\04_复现代码\small_molecule_scripts\add_missing_binding_compounds_v1.py"	"3329"	"F3CF1E5037A78C14457FD3FE6E9B43C32DB073467BB91672AA0AF14B18A81D9B"
"06_QA_AND_RELEASE_HISTORY\04_复现代码\small_molecule_scripts\build_small_molecule_release_v1.py"	"75662"	"D758A4C135E35B75F0FE61E20F5883BA04BD6335C1390CE710F08BA6525D3922"
"06_QA_AND_RELEASE_HISTORY\04_复现代码\small_molecule_scripts\extract_chebi_mapping_v1.py"	"8494"	"CFF5210EAE2AE1BFCF4AF9D254331D8241DA45C3CF499ACFA77518A95474B314"
"06_QA_AND_RELEASE_HISTORY\04_复现代码\small_molecule_scripts\extract_chembl37_structures_v1.py"	"2995"	"89DB09FFAA0CA8ED21C4E0D0BE3CF947BA5E8092BA4EEC23D9A93D49A959C5F8"
"06_QA_AND_RELEASE_HISTORY\04_复现代码\small_molecule_scripts\fetch_chembl37_metadata_v1.py"	"9214"	"972A743A43334533FD0DBC135F385B01DE0D1658D5350CCC2715DA4E4CCC4338"
"06_QA_AND_RELEASE_HISTORY\04_复现代码\small_molecule_scripts\fetch_pubchem_missing_v1.py"	"5660"	"28A4578680B32983F6DF929DF69B2CDC9452B92579895D4BFA05708393D5D113"
"06_QA_AND_RELEASE_HISTORY\04_复现代码\small_molecule_scripts\inspect_small_molecule_release_v1.py"	"2142"	"C3F61B23522766CA7BFDF2D4DAFAAC0926F5DABF7C8FD3FFF5B557F86EB4C3EF"
"06_QA_AND_RELEASE_HISTORY\04_复现代码\small_molecule_scripts\inventory_compounds_v1.py"	"5661"	"912C76740E697889744C2CABC499B7F7675AE5A319D557CB8791A9503E50FCAF"
"06_QA_AND_RELEASE_HISTORY\04_复现代码\small_molecule_scripts\package_small_molecule_release_v1.py"	"6038"	"10AC5FD1551DCD2EF57D2F3921769CEE94EE3775BCAED0396483FBAA0108D247"
"06_QA_AND_RELEASE_HISTORY\04_复现代码\small_molecule_scripts\standardize_compound_structures_v1.py"	"17838"	"59596D20D60F339FE9D34F2FF4068404D0CC09BF73AD023F1402E98F1B04C2DF"
"06_QA_AND_RELEASE_HISTORY\04_复现代码\v4_integration_scripts\bootstrap_v4.py"	"1874"	"ED11A29F2207C640252E34CBFCC4990C7B22CD2DDE06732334AE84A8764779F6"
"06_QA_AND_RELEASE_HISTORY\04_复现代码\v4_integration_scripts\build_membrane_reference.py"	"17943"	"CA56BBB8D8251925FA4B1AE44755061D940315F4F55249FB366E39D5D3CE20B2"
"06_QA_AND_RELEASE_HISTORY\04_复现代码\v4_integration_scripts\derive_protein_sm_status.py"	"12893"	"F1E1D5E9A6392372290FB664FF9A190497C1D071103B3AFAB29239106DC4956F"
"06_QA_AND_RELEASE_HISTORY\04_复现代码\v4_integration_scripts\finalize_v4_release.py"	"2033"	"687DA62B07911952B106C964BD3B204B71648FEE1C5A21C750D20939FD612EE7"
"06_QA_AND_RELEASE_HISTORY\04_复现代码\v4_integration_scripts\integrate_bindingdb_index.py"	"3822"	"C9D3C34A15531D94753C774BBCA6911D05F95D4A0D73B60646AFDD7BAC3BCBE3"
"06_QA_AND_RELEASE_HISTORY\04_复现代码\v4_integration_scripts\integrate_chembl_target_index.py"	"5654"	"0B1260B21F8E6BD1A6678B9253112148452626E4F3238BDD3E103C76F3E7EC3C"
"06_QA_AND_RELEASE_HISTORY\04_复现代码\v4_integration_scripts\integrate_gtopdb.py"	"9938"	"4EFF99553DBFCF3CE0A19E59DC58BAF9EB512D819363514ED5C835F3A48CFB36"
"06_QA_AND_RELEASE_HISTORY\04_复现代码\v4_integration_scripts\transform_current_v4.py"	"16455"	"D00C32675270297B57917D89E48A47C8548CCFFA55925BF53328A7897928F226"
"06_QA_AND_RELEASE_HISTORY\04_复现代码\v4_integration_scripts\validate_and_package_v4.py"	"10281"	"9A6E8754F516947C7CC76B65264BCD3F28B81CE5229004C0A921BBD53CC07C93"
"06_QA_AND_RELEASE_HISTORY\05_质量控制\COPIED_RELEASE_HASH_VALIDATION.json"	"149"	"7636A79A43FEF31D5C7A7EC0D9EF6B3A006AE5B2CA7591EC0C1B467A591F6C24"
"06_QA_AND_RELEASE_HISTORY\05_质量控制\COPIED_RELEASE_HASH_VALIDATION.tsv"	"6483"	"8687D4FE4E85E465722A65D24C97E7C8802CF6449EEF7D3EE24F0D43B8BB88E3"
"06_QA_AND_RELEASE_HISTORY\05_质量控制\incremental_run_qa\BRENDA_COMPOUND_IDENTITY_QUEUE_V3_QA.json"	"583"	"E59781C2F179866BB441721C21F7FA7D284E09D5B12866BDAA2C2D4F7A34D985"
"06_QA_AND_RELEASE_HISTORY\05_质量控制\incremental_run_qa\BRENDA_NORMALIZATION_V3_QA.json"	"3314"	"A39A364EB7521D9E00A90C0E9CC27728CB19165ACE7B349224EBF729E31BC955"
"06_QA_AND_RELEASE_HISTORY\05_质量控制\incremental_run_qa\INCREMENTAL_EVIDENCE_BUILD_V6_QA.json"	"3597"	"F5C1EB8B3A559DFEEC0D55D697D56FFCDA12F135BB2F1DBB9AEE86C855986152"
"06_QA_AND_RELEASE_HISTORY\05_质量控制\incremental_run_qa\INCREMENTAL_MASTER_BUILD_V6_QA.json"	"1287"	"469270B759195E6C47352B59E52EDB0112D131A27236D141A71D2683A4E52B24"
"06_QA_AND_RELEASE_HISTORY\05_质量控制\incremental_run_qa\INCREMENTAL_PREFLIGHT_V4_QA.json"	"3842"	"5B987BA7F43310E718F04ABC64F9A8785E8EDD64ED63A8D4D8EAE1CD7AAF0209"
"06_QA_AND_RELEASE_HISTORY\05_质量控制\incremental_run_qa\PDBBIND_NORMALIZATION_V3_QA.json"	"1502"	"A8DCEE36DCFC99F59ABC0EE320AA35391671D3CCFCF9C72046B1BED0BDFACAF1"
"06_QA_AND_RELEASE_HISTORY\05_质量控制\incremental_run_qa\PDBE_NORMALIZATION_V3_QA.json"	"1423"	"9CC7552DBF469269EC914F0C6A3171254E5C84EEC53886D270F80C80F83EAFC0"
"06_QA_AND_RELEASE_HISTORY\05_质量控制\incremental_run_qa\PIPELINE_V6_STATUS.json"	"183"	"59DC83CA6EE3A08F2491AAADFE14C16BC890DC23343613EF20C851E1FE2816D1"
"06_QA_AND_RELEASE_HISTORY\05_质量控制\incremental_run_qa\PRE_PUBCHEM_INCREMENTAL_DELTA_V3_QA.json"	"821"	"58CB4CAD37E6E3C49A328BA7791C5561FDA46726CBB14691333676C890440520"
"06_QA_AND_RELEASE_HISTORY\05_质量控制\incremental_run_qa\PUBCHEM_NORMALIZATION_V3_PROGRESS.json"	"671"	"A3F5A574F99F20CEE29E0773EA8377CCCD085B55FB7DC8BC5AE5B53E055CBC6B"
"06_QA_AND_RELEASE_HISTORY\05_质量控制\incremental_run_qa\V6_VALIDATION_REPORT.json"	"955"	"0B6A689FFB2A1946794A35D4A58C7F95D2C5889E0C8E4666A36B8F39C227DB73"
"06_QA_AND_RELEASE_HISTORY\05_质量控制\v62_completion_qa\EXPRESSION_LOCATION_V2_PROGRESS.json"	"773"	"B7D845A964787B32299961723350D7FE822CB6617D635E0DE907ED2D5AAD4149"
"06_QA_AND_RELEASE_HISTORY\05_质量控制\v62_completion_qa\EXPRESSION_LOCATION_V2_VALIDATION.json"	"5518"	"2A4CBBDCADEA1E983F351EB35B9E50DC563AA4607AAC32AF0D503943BB268A4F"
"06_QA_AND_RELEASE_HISTORY\05_质量控制\v62_completion_qa\HPA_V25_1_DOWNLOAD_PROGRESS.json"	"3813"	"EFBB9F5B22C8F2C30401E4001A11F62233645B9BF28FB407D1B730AA8CA9A889"
"06_QA_AND_RELEASE_HISTORY\05_质量控制\v62_completion_qa\NEGATIVE_CID_FETCH_V62_PROGRESS.json"	"608"	"F9FBBE9E68DCD9E00C1829A0D815072C121CE39E2F91F627A0C861A553F647CC"
"06_QA_AND_RELEASE_HISTORY\05_质量控制\v62_completion_qa\NEGATIVE_CID_INVENTORY_V62_PROGRESS.json"	"934"	"F84C1AE5A98E315D02288C35E667483CD78146B71475A68C8C35C50F4C2CFD1B"
"06_QA_AND_RELEASE_HISTORY\05_质量控制\v62_completion_qa\NEGATIVE_EVIDENCE_RESOLUTION_V62_PROGRESS.json"	"523"	"C6AE92859D410B06729AD0152D54C9FD774D7EB029F6503CEE61DE27729BB579"
"06_QA_AND_RELEASE_HISTORY\05_质量控制\v62_completion_qa\NEGATIVE_EVIDENCE_RESOLUTION_V62_VALIDATION.json"	"3262"	"E60B74F511E4C2133DCE87F935241C5B7444CF72262292A5086F3EFF314FAE98"
"06_QA_AND_RELEASE_HISTORY\05_质量控制\v62_completion_qa\SUBUNIT_ASSEMBLY_V2_PROGRESS.json"	"290"	"98A076EC27565A31E685BA32BACC4BCC9BB8E80665960F7712445060F80EFC07"
"06_QA_AND_RELEASE_HISTORY\05_质量控制\v62_completion_qa\SUBUNIT_ASSEMBLY_V2_VALIDATION.json"	"4102"	"646EA7032DAA8F9EA78223DD0A295EA86609D54A1A9FC4D0B7C62982305568B5"
"06_QA_AND_RELEASE_HISTORY\05_质量控制\v62_completion_qa\V62_FORMAL_BUILD_PROGRESS.json"	"1462"	"AAB21177288E3017EF1E6B32DD000266CE2F8F32A6169421552CE7DD59F80917"
"06_QA_AND_RELEASE_HISTORY\05_质量控制\v62_completion_qa\V62_PREFLIGHT_QA_GATE.json"	"687"	"4F5454FA60EEB9F9EA00271316E12DE359B6CB21BD2233A645E7F2C4A74BBADF"
"06_QA_AND_RELEASE_HISTORY\05_质量控制\v62_completion_qa\V62_STRATIFIED_VALIDATION_SAMPLE.tsv"	"68787"	"9FA40A138397B8EF3AEC669FFB28FA9EF5CA626F8FEB8FCF227D4197B6C761AA"
"06_QA_AND_RELEASE_HISTORY\05_质量控制\v62_completion_qa\V62_VALIDATION_REPORT.json"	"586"	"D4ED8FB17F77F258E2CB033C20AD69069B1C29938521646404AC621DBD731611"
"06_QA_AND_RELEASE_HISTORY\06_清单与哈希\FILE_MANIFEST_SHA256.tsv"	"40267"	"54AAB65DF27A9F91BA658D5C410E8BE7425A154DC0B7BCCDEB61BC91649F1320"
"06_QA_AND_RELEASE_HISTORY\06_清单与哈希\PACKAGE_VALIDATION.json"	"888"	"EC3CCE6201B69B8C88004070251B7B21AADCE13711E2B753157694279A77A41A"
"06_QA_AND_RELEASE_HISTORY\06_清单与哈希\README.md"	"377"	"FD8BF92E51B00C3C75D5E3F31F4C59EBF91E3C092C8984D7321E9C0EDA3644F4"
"06_QA_AND_RELEASE_HISTORY\06_清单与哈希\TREE.txt"	"18341"	"8BB0BEB8545FB5EEB8D5F53F527FC762F1EF2F7D49129608514B05BD34F6F9DB"
"07_LOCAL_FULL_WORKSPACE_LINKS_INFO.md"	"627"	"F0668FB9C46BC1F96240FED93C14908353205FAA18C43064FF831FD49C9E376D"
"08_MANIFESTS\EXTERNAL_D_DRIVE_INVENTORY.tsv"	"8081"	"E4DA54231E38696A84B8EF0264D6E13CF50FA404A45C9B64707875D3C468226A"
"08_MANIFESTS\PORTABLE_SECTION_SUMMARY.tsv"	"375"	"C5C4C2BEFCEBD9DE8B7741E69C637D60E750AE3EE0D023346663B23CCEA2F71A"
